scenario	real_sec	user_sec	sys_sec	max_rss_bytes	peak_mem_footprint_bytes	max_rss_mib	peak_mem_footprint_mib
before_default	29.45	23.88	1.46	348176384	306506920	332.046875	292.30777740478516
after_omega0.2	28.63	23.09	1.49	353009664	311340200	336.65625	296.91715240478516
after_default	26.59	22.25	1.39	352317440	310713608	335.99609375	296.31958770751953
