column	n_points	pearson_log10	median_abs_log10_diff
omegaCany2any	11219	0.9969218593027935	0.36469907553335834
omegaCany2dif	9597	0.9824620538193719	0.3287014222618396
omegaCany2spe	9151	0.9939107310883956	0.16749108729376339
