column	n_points	pearson_log10	median_abs_log10_diff
omegaCany2any	11058	0.9955226513701035	0.5509074688805811
omegaCany2dif	9487	0.9797300171293034	0.5139867664158835
omegaCany2spe	9115	0.9938047345965524	0.21692751302708646
