label	alpha	real_sec	peak_bytes	peak_mib
off	0.0	8.41	825169848	786.9432907104492
half	0.5	7.44	813037328	775.3728179931641
on	1.0	7.86	817518496	779.6463928222656
