case	n	failed	real_sec_median	real_sec_mean	real_sec_sd	peak_mib_median	peak_mib_mean	peak_mib_sd	runtime_vs_none	peakram_vs_none
none	3	0	2.35	2.33	0.052915026221291864	318.59820556640625	318.7336018880208	1.8786933131246664	1.0	1.0
sym_both	3	0	2.34	2.3433333333333333	0.045092497528229206	309.42633056640625	311.186767578125	3.309598071650807	0.9957446808510637	0.9712117807327441
sym_expected	3	0	2.35	2.3466666666666667	0.015275252316519505	318.52008056640625	316.1763102213542	4.277916049701864	1.0	0.9997547851851171
sym_observed	3	0	2.32	2.403333333333333	0.14433756729740646	317.37939453125	315.29616292317706	4.689173592118278	0.9872340425531914	0.9961744573137522
