metric	rows	mean_abs_diff	median_abs_diff	max_abs_diff	n_diff	n_diff_gt_0_01	n_diff_gt_0_05
QCNany2spe	1620	0.005392962962962962	0.0018000000000000238	0.07299999999999995	1055	277	11
QCSany2spe	1620	0.006296419753086419	0.0017000000000000348	0.10299999999999998	1208	301	27
