method	n_rows	n_fg	n_finite_omega	median_omega_all	median_omega_fg	median_omega_bg	median_ECN	median_ECS	corr_vs_codon_all	corr_vs_codon_fg
codon_model	8308	12	8308	0.35860000000000003	2.77455	0.35705	0.16715	2.1667		
urn_wallenius	8308	12	8308	0.18464999999999998	0.9145	0.1834	0.0337	0.18315	0.9628902774447032	0.9891536834508442
urn_fisher	8308	12	8308	0.18405	0.91915	0.1829	0.0335	0.18135	0.9626564832929251	0.9893641610363484
urn_factorized_approx	8308	12	8308	0.1852	0.91415	0.1842	0.0339	0.185	0.9631281154786802	0.9888999602957319
