scenario,foregrounds,regime,filtered,replicate,method,candidates,discoveries,false,false_any,fdp,signal,detected,endpoints,endpoint_detected,jumps,jump_detected
sparse,2,null,False,0,poisson,0,0,0,0,0.0,0,0,0,0,0,0
sparse,2,null,False,0,fixed,0,0,0,0,0.0,0,0,0,0,0,0
sparse,2,null,False,0,learned,0,0,0,0,0.0,0,0,0,0,0,0
sparse,2,null,True,0,poisson,0,0,0,0,0.0,0,0,0,0,0,0
sparse,2,null,True,0,fixed,0,0,0,0,0.0,0,0,0,0,0,0
sparse,2,null,True,0,learned,0,0,0,0,0.0,0,0,0,0,0,0
sparse,2,null,False,1,poisson,0,0,0,0,0.0,0,0,0,0,0,0
sparse,2,null,False,1,fixed,0,0,0,0,0.0,0,0,0,0,0,0
sparse,2,null,False,1,learned,0,0,0,0,0.0,0,0,0,0,0,0
sparse,2,null,True,1,poisson,0,0,0,0,0.0,0,0,0,0,0,0
sparse,2,null,True,1,fixed,0,0,0,0,0.0,0,0,0,0,0,0
sparse,2,null,True,1,learned,0,0,0,0,0.0,0,0,0,0,0,0
sparse,2,null,False,2,poisson,0,0,0,0,0.0,0,0,0,0,0,0
sparse,2,null,False,2,fixed,0,0,0,0,0.0,0,0,0,0,0,0
sparse,2,null,False,2,learned,0,0,0,0,0.0,0,0,0,0,0,0
sparse,2,null,True,2,poisson,0,0,0,0,0.0,0,0,0,0,0,0
sparse,2,null,True,2,fixed,0,0,0,0,0.0,0,0,0,0,0,0
sparse,2,null,True,2,learned,0,0,0,0,0.0,0,0,0,0,0,0
sparse,2,null,False,3,poisson,0,0,0,0,0.0,0,0,0,0,0,0
sparse,2,null,False,3,fixed,0,0,0,0,0.0,0,0,0,0,0,0
sparse,2,null,False,3,learned,0,0,0,0,0.0,0,0,0,0,0,0
sparse,2,null,True,3,poisson,0,0,0,0,0.0,0,0,0,0,0,0
sparse,2,null,True,3,fixed,0,0,0,0,0.0,0,0,0,0,0,0
sparse,2,null,True,3,learned,0,0,0,0,0.0,0,0,0,0,0,0
sparse,2,null,False,4,poisson,0,0,0,0,0.0,0,0,0,0,0,0
sparse,2,null,False,4,fixed,0,0,0,0,0.0,0,0,0,0,0,0
sparse,2,null,False,4,learned,0,0,0,0,0.0,0,0,0,0,0,0
sparse,2,null,True,4,poisson,0,0,0,0,0.0,0,0,0,0,0,0
sparse,2,null,True,4,fixed,0,0,0,0,0.0,0,0,0,0,0,0
sparse,2,null,True,4,learned,0,0,0,0,0.0,0,0,0,0,0,0
sparse,2,null,False,5,poisson,0,0,0,0,0.0,0,0,0,0,0,0
sparse,2,null,False,5,fixed,0,0,0,0,0.0,0,0,0,0,0,0
sparse,2,null,False,5,learned,0,0,0,0,0.0,0,0,0,0,0,0
sparse,2,null,True,5,poisson,0,0,0,0,0.0,0,0,0,0,0,0
sparse,2,null,True,5,fixed,0,0,0,0,0.0,0,0,0,0,0,0
sparse,2,null,True,5,learned,0,0,0,0,0.0,0,0,0,0,0,0
sparse,2,null,False,6,poisson,0,0,0,0,0.0,0,0,0,0,0,0
sparse,2,null,False,6,fixed,0,0,0,0,0.0,0,0,0,0,0,0
sparse,2,null,False,6,learned,0,0,0,0,0.0,0,0,0,0,0,0
sparse,2,null,True,6,poisson,0,0,0,0,0.0,0,0,0,0,0,0
sparse,2,null,True,6,fixed,0,0,0,0,0.0,0,0,0,0,0,0
sparse,2,null,True,6,learned,0,0,0,0,0.0,0,0,0,0,0,0
sparse,2,null,False,7,poisson,0,0,0,0,0.0,0,0,0,0,0,0
sparse,2,null,False,7,fixed,0,0,0,0,0.0,0,0,0,0,0,0
sparse,2,null,False,7,learned,0,0,0,0,0.0,0,0,0,0,0,0
sparse,2,null,True,7,poisson,0,0,0,0,0.0,0,0,0,0,0,0
sparse,2,null,True,7,fixed,0,0,0,0,0.0,0,0,0,0,0,0
sparse,2,null,True,7,learned,0,0,0,0,0.0,0,0,0,0,0,0
sparse,2,null,False,8,poisson,0,0,0,0,0.0,0,0,0,0,0,0
sparse,2,null,False,8,fixed,0,0,0,0,0.0,0,0,0,0,0,0
sparse,2,null,False,8,learned,0,0,0,0,0.0,0,0,0,0,0,0
sparse,2,null,True,8,poisson,0,0,0,0,0.0,0,0,0,0,0,0
sparse,2,null,True,8,fixed,0,0,0,0,0.0,0,0,0,0,0,0
sparse,2,null,True,8,learned,0,0,0,0,0.0,0,0,0,0,0,0
sparse,2,null,False,9,poisson,0,0,0,0,0.0,0,0,0,0,0,0
sparse,2,null,False,9,fixed,0,0,0,0,0.0,0,0,0,0,0,0
sparse,2,null,False,9,learned,0,0,0,0,0.0,0,0,0,0,0,0
sparse,2,null,True,9,poisson,0,0,0,0,0.0,0,0,0,0,0,0
sparse,2,null,True,9,fixed,0,0,0,0,0.0,0,0,0,0,0,0
sparse,2,null,True,9,learned,0,0,0,0,0.0,0,0,0,0,0,0
sparse,2,null,False,10,poisson,0,0,0,0,0.0,0,0,0,0,0,0
sparse,2,null,False,10,fixed,0,0,0,0,0.0,0,0,0,0,0,0
sparse,2,null,False,10,learned,0,0,0,0,0.0,0,0,0,0,0,0
sparse,2,null,True,10,poisson,0,0,0,0,0.0,0,0,0,0,0,0
sparse,2,null,True,10,fixed,0,0,0,0,0.0,0,0,0,0,0,0
sparse,2,null,True,10,learned,0,0,0,0,0.0,0,0,0,0,0,0
sparse,2,null,False,11,poisson,0,0,0,0,0.0,0,0,0,0,0,0
sparse,2,null,False,11,fixed,0,0,0,0,0.0,0,0,0,0,0,0
sparse,2,null,False,11,learned,0,0,0,0,0.0,0,0,0,0,0,0
sparse,2,null,True,11,poisson,0,0,0,0,0.0,0,0,0,0,0,0
sparse,2,null,True,11,fixed,0,0,0,0,0.0,0,0,0,0,0,0
sparse,2,null,True,11,learned,0,0,0,0,0.0,0,0,0,0,0,0
sparse,2,null,False,12,poisson,0,0,0,0,0.0,0,0,0,0,0,0
sparse,2,null,False,12,fixed,0,0,0,0,0.0,0,0,0,0,0,0
sparse,2,null,False,12,learned,0,0,0,0,0.0,0,0,0,0,0,0
sparse,2,null,True,12,poisson,0,0,0,0,0.0,0,0,0,0,0,0
sparse,2,null,True,12,fixed,0,0,0,0,0.0,0,0,0,0,0,0
sparse,2,null,True,12,learned,0,0,0,0,0.0,0,0,0,0,0,0
sparse,2,null,False,13,poisson,0,0,0,0,0.0,0,0,0,0,0,0
sparse,2,null,False,13,fixed,0,0,0,0,0.0,0,0,0,0,0,0
sparse,2,null,False,13,learned,0,0,0,0,0.0,0,0,0,0,0,0
sparse,2,null,True,13,poisson,0,0,0,0,0.0,0,0,0,0,0,0
sparse,2,null,True,13,fixed,0,0,0,0,0.0,0,0,0,0,0,0
sparse,2,null,True,13,learned,0,0,0,0,0.0,0,0,0,0,0,0
sparse,2,null,False,14,poisson,0,0,0,0,0.0,0,0,0,0,0,0
sparse,2,null,False,14,fixed,0,0,0,0,0.0,0,0,0,0,0,0
sparse,2,null,False,14,learned,0,0,0,0,0.0,0,0,0,0,0,0
sparse,2,null,True,14,poisson,0,0,0,0,0.0,0,0,0,0,0,0
sparse,2,null,True,14,fixed,0,0,0,0,0.0,0,0,0,0,0,0
sparse,2,null,True,14,learned,0,0,0,0,0.0,0,0,0,0,0,0
sparse,2,null,False,15,poisson,0,0,0,0,0.0,0,0,0,0,0,0
sparse,2,null,False,15,fixed,0,0,0,0,0.0,0,0,0,0,0,0
sparse,2,null,False,15,learned,0,0,0,0,0.0,0,0,0,0,0,0
sparse,2,null,True,15,poisson,0,0,0,0,0.0,0,0,0,0,0,0
sparse,2,null,True,15,fixed,0,0,0,0,0.0,0,0,0,0,0,0
sparse,2,null,True,15,learned,0,0,0,0,0.0,0,0,0,0,0,0
sparse,2,null,False,16,poisson,0,0,0,0,0.0,0,0,0,0,0,0
sparse,2,null,False,16,fixed,0,0,0,0,0.0,0,0,0,0,0,0
sparse,2,null,False,16,learned,0,0,0,0,0.0,0,0,0,0,0,0
sparse,2,null,True,16,poisson,0,0,0,0,0.0,0,0,0,0,0,0
sparse,2,null,True,16,fixed,0,0,0,0,0.0,0,0,0,0,0,0
sparse,2,null,True,16,learned,0,0,0,0,0.0,0,0,0,0,0,0
sparse,2,null,False,17,poisson,0,0,0,0,0.0,0,0,0,0,0,0
sparse,2,null,False,17,fixed,0,0,0,0,0.0,0,0,0,0,0,0
sparse,2,null,False,17,learned,0,0,0,0,0.0,0,0,0,0,0,0
sparse,2,null,True,17,poisson,0,0,0,0,0.0,0,0,0,0,0,0
sparse,2,null,True,17,fixed,0,0,0,0,0.0,0,0,0,0,0,0
sparse,2,null,True,17,learned,0,0,0,0,0.0,0,0,0,0,0,0
sparse,2,null,False,18,poisson,0,0,0,0,0.0,0,0,0,0,0,0
sparse,2,null,False,18,fixed,0,0,0,0,0.0,0,0,0,0,0,0
sparse,2,null,False,18,learned,0,0,0,0,0.0,0,0,0,0,0,0
sparse,2,null,True,18,poisson,0,0,0,0,0.0,0,0,0,0,0,0
sparse,2,null,True,18,fixed,0,0,0,0,0.0,0,0,0,0,0,0
sparse,2,null,True,18,learned,0,0,0,0,0.0,0,0,0,0,0,0
sparse,2,null,False,19,poisson,0,0,0,0,0.0,0,0,0,0,0,0
sparse,2,null,False,19,fixed,0,0,0,0,0.0,0,0,0,0,0,0
sparse,2,null,False,19,learned,0,0,0,0,0.0,0,0,0,0,0,0
sparse,2,null,True,19,poisson,0,0,0,0,0.0,0,0,0,0,0,0
sparse,2,null,True,19,fixed,0,0,0,0,0.0,0,0,0,0,0,0
sparse,2,null,True,19,learned,0,0,0,0,0.0,0,0,0,0,0,0
sparse,2,null,False,20,poisson,0,0,0,0,0.0,0,0,0,0,0,0
sparse,2,null,False,20,fixed,0,0,0,0,0.0,0,0,0,0,0,0
sparse,2,null,False,20,learned,0,0,0,0,0.0,0,0,0,0,0,0
sparse,2,null,True,20,poisson,0,0,0,0,0.0,0,0,0,0,0,0
sparse,2,null,True,20,fixed,0,0,0,0,0.0,0,0,0,0,0,0
sparse,2,null,True,20,learned,0,0,0,0,0.0,0,0,0,0,0,0
sparse,2,null,False,21,poisson,0,0,0,0,0.0,0,0,0,0,0,0
sparse,2,null,False,21,fixed,0,0,0,0,0.0,0,0,0,0,0,0
sparse,2,null,False,21,learned,0,0,0,0,0.0,0,0,0,0,0,0
sparse,2,null,True,21,poisson,0,0,0,0,0.0,0,0,0,0,0,0
sparse,2,null,True,21,fixed,0,0,0,0,0.0,0,0,0,0,0,0
sparse,2,null,True,21,learned,0,0,0,0,0.0,0,0,0,0,0,0
sparse,2,null,False,22,poisson,0,0,0,0,0.0,0,0,0,0,0,0
sparse,2,null,False,22,fixed,0,0,0,0,0.0,0,0,0,0,0,0
sparse,2,null,False,22,learned,0,0,0,0,0.0,0,0,0,0,0,0
sparse,2,null,True,22,poisson,0,0,0,0,0.0,0,0,0,0,0,0
sparse,2,null,True,22,fixed,0,0,0,0,0.0,0,0,0,0,0,0
sparse,2,null,True,22,learned,0,0,0,0,0.0,0,0,0,0,0,0
sparse,2,null,False,23,poisson,0,0,0,0,0.0,0,0,0,0,0,0
sparse,2,null,False,23,fixed,0,0,0,0,0.0,0,0,0,0,0,0
sparse,2,null,False,23,learned,0,0,0,0,0.0,0,0,0,0,0,0
sparse,2,null,True,23,poisson,0,0,0,0,0.0,0,0,0,0,0,0
sparse,2,null,True,23,fixed,0,0,0,0,0.0,0,0,0,0,0,0
sparse,2,null,True,23,learned,0,0,0,0,0.0,0,0,0,0,0,0
sparse,2,null,False,24,poisson,0,0,0,0,0.0,0,0,0,0,0,0
sparse,2,null,False,24,fixed,0,0,0,0,0.0,0,0,0,0,0,0
sparse,2,null,False,24,learned,0,0,0,0,0.0,0,0,0,0,0,0
sparse,2,null,True,24,poisson,0,0,0,0,0.0,0,0,0,0,0,0
sparse,2,null,True,24,fixed,0,0,0,0,0.0,0,0,0,0,0,0
sparse,2,null,True,24,learned,0,0,0,0,0.0,0,0,0,0,0,0
sparse,2,null,False,25,poisson,0,0,0,0,0.0,0,0,0,0,0,0
sparse,2,null,False,25,fixed,0,0,0,0,0.0,0,0,0,0,0,0
sparse,2,null,False,25,learned,0,0,0,0,0.0,0,0,0,0,0,0
sparse,2,null,True,25,poisson,0,0,0,0,0.0,0,0,0,0,0,0
sparse,2,null,True,25,fixed,0,0,0,0,0.0,0,0,0,0,0,0
sparse,2,null,True,25,learned,0,0,0,0,0.0,0,0,0,0,0,0
sparse,2,null,False,26,poisson,0,0,0,0,0.0,0,0,0,0,0,0
sparse,2,null,False,26,fixed,0,0,0,0,0.0,0,0,0,0,0,0
sparse,2,null,False,26,learned,0,0,0,0,0.0,0,0,0,0,0,0
sparse,2,null,True,26,poisson,0,0,0,0,0.0,0,0,0,0,0,0
sparse,2,null,True,26,fixed,0,0,0,0,0.0,0,0,0,0,0,0
sparse,2,null,True,26,learned,0,0,0,0,0.0,0,0,0,0,0,0
sparse,2,null,False,27,poisson,0,0,0,0,0.0,0,0,0,0,0,0
sparse,2,null,False,27,fixed,0,0,0,0,0.0,0,0,0,0,0,0
sparse,2,null,False,27,learned,0,0,0,0,0.0,0,0,0,0,0,0
sparse,2,null,True,27,poisson,0,0,0,0,0.0,0,0,0,0,0,0
sparse,2,null,True,27,fixed,0,0,0,0,0.0,0,0,0,0,0,0
sparse,2,null,True,27,learned,0,0,0,0,0.0,0,0,0,0,0,0
sparse,2,null,False,28,poisson,0,0,0,0,0.0,0,0,0,0,0,0
sparse,2,null,False,28,fixed,0,0,0,0,0.0,0,0,0,0,0,0
sparse,2,null,False,28,learned,0,0,0,0,0.0,0,0,0,0,0,0
sparse,2,null,True,28,poisson,0,0,0,0,0.0,0,0,0,0,0,0
sparse,2,null,True,28,fixed,0,0,0,0,0.0,0,0,0,0,0,0
sparse,2,null,True,28,learned,0,0,0,0,0.0,0,0,0,0,0,0
sparse,2,null,False,29,poisson,0,0,0,0,0.0,0,0,0,0,0,0
sparse,2,null,False,29,fixed,0,0,0,0,0.0,0,0,0,0,0,0
sparse,2,null,False,29,learned,0,0,0,0,0.0,0,0,0,0,0,0
sparse,2,null,True,29,poisson,0,0,0,0,0.0,0,0,0,0,0,0
sparse,2,null,True,29,fixed,0,0,0,0,0.0,0,0,0,0,0,0
sparse,2,null,True,29,learned,0,0,0,0,0.0,0,0,0,0,0,0
sparse,2,null,False,30,poisson,0,0,0,0,0.0,0,0,0,0,0,0
sparse,2,null,False,30,fixed,0,0,0,0,0.0,0,0,0,0,0,0
sparse,2,null,False,30,learned,0,0,0,0,0.0,0,0,0,0,0,0
sparse,2,null,True,30,poisson,0,0,0,0,0.0,0,0,0,0,0,0
sparse,2,null,True,30,fixed,0,0,0,0,0.0,0,0,0,0,0,0
sparse,2,null,True,30,learned,0,0,0,0,0.0,0,0,0,0,0,0
sparse,2,null,False,31,poisson,0,0,0,0,0.0,0,0,0,0,0,0
sparse,2,null,False,31,fixed,0,0,0,0,0.0,0,0,0,0,0,0
sparse,2,null,False,31,learned,0,0,0,0,0.0,0,0,0,0,0,0
sparse,2,null,True,31,poisson,0,0,0,0,0.0,0,0,0,0,0,0
sparse,2,null,True,31,fixed,0,0,0,0,0.0,0,0,0,0,0,0
sparse,2,null,True,31,learned,0,0,0,0,0.0,0,0,0,0,0,0
sparse,2,null,False,32,poisson,0,0,0,0,0.0,0,0,0,0,0,0
sparse,2,null,False,32,fixed,0,0,0,0,0.0,0,0,0,0,0,0
sparse,2,null,False,32,learned,0,0,0,0,0.0,0,0,0,0,0,0
sparse,2,null,True,32,poisson,0,0,0,0,0.0,0,0,0,0,0,0
sparse,2,null,True,32,fixed,0,0,0,0,0.0,0,0,0,0,0,0
sparse,2,null,True,32,learned,0,0,0,0,0.0,0,0,0,0,0,0
sparse,2,null,False,33,poisson,0,0,0,0,0.0,0,0,0,0,0,0
sparse,2,null,False,33,fixed,0,0,0,0,0.0,0,0,0,0,0,0
sparse,2,null,False,33,learned,0,0,0,0,0.0,0,0,0,0,0,0
sparse,2,null,True,33,poisson,0,0,0,0,0.0,0,0,0,0,0,0
sparse,2,null,True,33,fixed,0,0,0,0,0.0,0,0,0,0,0,0
sparse,2,null,True,33,learned,0,0,0,0,0.0,0,0,0,0,0,0
sparse,2,null,False,34,poisson,0,0,0,0,0.0,0,0,0,0,0,0
sparse,2,null,False,34,fixed,0,0,0,0,0.0,0,0,0,0,0,0
sparse,2,null,False,34,learned,0,0,0,0,0.0,0,0,0,0,0,0
sparse,2,null,True,34,poisson,0,0,0,0,0.0,0,0,0,0,0,0
sparse,2,null,True,34,fixed,0,0,0,0,0.0,0,0,0,0,0,0
sparse,2,null,True,34,learned,0,0,0,0,0.0,0,0,0,0,0,0
sparse,2,null,False,35,poisson,0,0,0,0,0.0,0,0,0,0,0,0
sparse,2,null,False,35,fixed,0,0,0,0,0.0,0,0,0,0,0,0
sparse,2,null,False,35,learned,0,0,0,0,0.0,0,0,0,0,0,0
sparse,2,null,True,35,poisson,0,0,0,0,0.0,0,0,0,0,0,0
sparse,2,null,True,35,fixed,0,0,0,0,0.0,0,0,0,0,0,0
sparse,2,null,True,35,learned,0,0,0,0,0.0,0,0,0,0,0,0
sparse,2,null,False,36,poisson,0,0,0,0,0.0,0,0,0,0,0,0
sparse,2,null,False,36,fixed,0,0,0,0,0.0,0,0,0,0,0,0
sparse,2,null,False,36,learned,0,0,0,0,0.0,0,0,0,0,0,0
sparse,2,null,True,36,poisson,0,0,0,0,0.0,0,0,0,0,0,0
sparse,2,null,True,36,fixed,0,0,0,0,0.0,0,0,0,0,0,0
sparse,2,null,True,36,learned,0,0,0,0,0.0,0,0,0,0,0,0
sparse,2,null,False,37,poisson,0,0,0,0,0.0,0,0,0,0,0,0
sparse,2,null,False,37,fixed,0,0,0,0,0.0,0,0,0,0,0,0
sparse,2,null,False,37,learned,0,0,0,0,0.0,0,0,0,0,0,0
sparse,2,null,True,37,poisson,0,0,0,0,0.0,0,0,0,0,0,0
sparse,2,null,True,37,fixed,0,0,0,0,0.0,0,0,0,0,0,0
sparse,2,null,True,37,learned,0,0,0,0,0.0,0,0,0,0,0,0
sparse,2,null,False,38,poisson,0,0,0,0,0.0,0,0,0,0,0,0
sparse,2,null,False,38,fixed,0,0,0,0,0.0,0,0,0,0,0,0
sparse,2,null,False,38,learned,0,0,0,0,0.0,0,0,0,0,0,0
sparse,2,null,True,38,poisson,0,0,0,0,0.0,0,0,0,0,0,0
sparse,2,null,True,38,fixed,0,0,0,0,0.0,0,0,0,0,0,0
sparse,2,null,True,38,learned,0,0,0,0,0.0,0,0,0,0,0,0
sparse,2,null,False,39,poisson,0,0,0,0,0.0,0,0,0,0,0,0
sparse,2,null,False,39,fixed,0,0,0,0,0.0,0,0,0,0,0,0
sparse,2,null,False,39,learned,0,0,0,0,0.0,0,0,0,0,0,0
sparse,2,null,True,39,poisson,0,0,0,0,0.0,0,0,0,0,0,0
sparse,2,null,True,39,fixed,0,0,0,0,0.0,0,0,0,0,0,0
sparse,2,null,True,39,learned,0,0,0,0,0.0,0,0,0,0,0,0
sparse,2,null,False,40,poisson,0,0,0,0,0.0,0,0,0,0,0,0
sparse,2,null,False,40,fixed,0,0,0,0,0.0,0,0,0,0,0,0
sparse,2,null,False,40,learned,0,0,0,0,0.0,0,0,0,0,0,0
sparse,2,null,True,40,poisson,0,0,0,0,0.0,0,0,0,0,0,0
sparse,2,null,True,40,fixed,0,0,0,0,0.0,0,0,0,0,0,0
sparse,2,null,True,40,learned,0,0,0,0,0.0,0,0,0,0,0,0
sparse,2,null,False,41,poisson,0,0,0,0,0.0,0,0,0,0,0,0
sparse,2,null,False,41,fixed,0,0,0,0,0.0,0,0,0,0,0,0
sparse,2,null,False,41,learned,0,0,0,0,0.0,0,0,0,0,0,0
sparse,2,null,True,41,poisson,0,0,0,0,0.0,0,0,0,0,0,0
sparse,2,null,True,41,fixed,0,0,0,0,0.0,0,0,0,0,0,0
sparse,2,null,True,41,learned,0,0,0,0,0.0,0,0,0,0,0,0
sparse,2,null,False,42,poisson,2,0,0,0,0.0,0,0,0,0,0,0
sparse,2,null,False,42,fixed,2,2,2,1,1.0,0,0,0,0,0,0
sparse,2,null,False,42,learned,2,2,2,1,1.0,0,0,0,0,0,0
sparse,2,null,True,42,poisson,2,0,0,0,0.0,0,0,0,0,0,0
sparse,2,null,True,42,fixed,2,0,0,0,0.0,0,0,0,0,0,0
sparse,2,null,True,42,learned,2,0,0,0,0.0,0,0,0,0,0,0
sparse,2,null,False,43,poisson,0,0,0,0,0.0,0,0,0,0,0,0
sparse,2,null,False,43,fixed,0,0,0,0,0.0,0,0,0,0,0,0
sparse,2,null,False,43,learned,0,0,0,0,0.0,0,0,0,0,0,0
sparse,2,null,True,43,poisson,0,0,0,0,0.0,0,0,0,0,0,0
sparse,2,null,True,43,fixed,0,0,0,0,0.0,0,0,0,0,0,0
sparse,2,null,True,43,learned,0,0,0,0,0.0,0,0,0,0,0,0
sparse,2,null,False,44,poisson,0,0,0,0,0.0,0,0,0,0,0,0
sparse,2,null,False,44,fixed,0,0,0,0,0.0,0,0,0,0,0,0
sparse,2,null,False,44,learned,0,0,0,0,0.0,0,0,0,0,0,0
sparse,2,null,True,44,poisson,0,0,0,0,0.0,0,0,0,0,0,0
sparse,2,null,True,44,fixed,0,0,0,0,0.0,0,0,0,0,0,0
sparse,2,null,True,44,learned,0,0,0,0,0.0,0,0,0,0,0,0
sparse,2,null,False,45,poisson,0,0,0,0,0.0,0,0,0,0,0,0
sparse,2,null,False,45,fixed,0,0,0,0,0.0,0,0,0,0,0,0
sparse,2,null,False,45,learned,0,0,0,0,0.0,0,0,0,0,0,0
sparse,2,null,True,45,poisson,0,0,0,0,0.0,0,0,0,0,0,0
sparse,2,null,True,45,fixed,0,0,0,0,0.0,0,0,0,0,0,0
sparse,2,null,True,45,learned,0,0,0,0,0.0,0,0,0,0,0,0
sparse,2,null,False,46,poisson,0,0,0,0,0.0,0,0,0,0,0,0
sparse,2,null,False,46,fixed,0,0,0,0,0.0,0,0,0,0,0,0
sparse,2,null,False,46,learned,0,0,0,0,0.0,0,0,0,0,0,0
sparse,2,null,True,46,poisson,0,0,0,0,0.0,0,0,0,0,0,0
sparse,2,null,True,46,fixed,0,0,0,0,0.0,0,0,0,0,0,0
sparse,2,null,True,46,learned,0,0,0,0,0.0,0,0,0,0,0,0
sparse,2,null,False,47,poisson,0,0,0,0,0.0,0,0,0,0,0,0
sparse,2,null,False,47,fixed,0,0,0,0,0.0,0,0,0,0,0,0
sparse,2,null,False,47,learned,0,0,0,0,0.0,0,0,0,0,0,0
sparse,2,null,True,47,poisson,0,0,0,0,0.0,0,0,0,0,0,0
sparse,2,null,True,47,fixed,0,0,0,0,0.0,0,0,0,0,0,0
sparse,2,null,True,47,learned,0,0,0,0,0.0,0,0,0,0,0,0
sparse,2,null,False,48,poisson,0,0,0,0,0.0,0,0,0,0,0,0
sparse,2,null,False,48,fixed,0,0,0,0,0.0,0,0,0,0,0,0
sparse,2,null,False,48,learned,0,0,0,0,0.0,0,0,0,0,0,0
sparse,2,null,True,48,poisson,0,0,0,0,0.0,0,0,0,0,0,0
sparse,2,null,True,48,fixed,0,0,0,0,0.0,0,0,0,0,0,0
sparse,2,null,True,48,learned,0,0,0,0,0.0,0,0,0,0,0,0
sparse,2,null,False,49,poisson,0,0,0,0,0.0,0,0,0,0,0,0
sparse,2,null,False,49,fixed,0,0,0,0,0.0,0,0,0,0,0,0
sparse,2,null,False,49,learned,0,0,0,0,0.0,0,0,0,0,0,0
sparse,2,null,True,49,poisson,0,0,0,0,0.0,0,0,0,0,0,0
sparse,2,null,True,49,fixed,0,0,0,0,0.0,0,0,0,0,0,0
sparse,2,null,True,49,learned,0,0,0,0,0.0,0,0,0,0,0,0
sparse,2,null,False,50,poisson,0,0,0,0,0.0,0,0,0,0,0,0
sparse,2,null,False,50,fixed,0,0,0,0,0.0,0,0,0,0,0,0
sparse,2,null,False,50,learned,0,0,0,0,0.0,0,0,0,0,0,0
sparse,2,null,True,50,poisson,0,0,0,0,0.0,0,0,0,0,0,0
sparse,2,null,True,50,fixed,0,0,0,0,0.0,0,0,0,0,0,0
sparse,2,null,True,50,learned,0,0,0,0,0.0,0,0,0,0,0,0
sparse,2,null,False,51,poisson,0,0,0,0,0.0,0,0,0,0,0,0
sparse,2,null,False,51,fixed,0,0,0,0,0.0,0,0,0,0,0,0
sparse,2,null,False,51,learned,0,0,0,0,0.0,0,0,0,0,0,0
sparse,2,null,True,51,poisson,0,0,0,0,0.0,0,0,0,0,0,0
sparse,2,null,True,51,fixed,0,0,0,0,0.0,0,0,0,0,0,0
sparse,2,null,True,51,learned,0,0,0,0,0.0,0,0,0,0,0,0
sparse,2,null,False,52,poisson,0,0,0,0,0.0,0,0,0,0,0,0
sparse,2,null,False,52,fixed,0,0,0,0,0.0,0,0,0,0,0,0
sparse,2,null,False,52,learned,0,0,0,0,0.0,0,0,0,0,0,0
sparse,2,null,True,52,poisson,0,0,0,0,0.0,0,0,0,0,0,0
sparse,2,null,True,52,fixed,0,0,0,0,0.0,0,0,0,0,0,0
sparse,2,null,True,52,learned,0,0,0,0,0.0,0,0,0,0,0,0
sparse,2,null,False,53,poisson,0,0,0,0,0.0,0,0,0,0,0,0
sparse,2,null,False,53,fixed,0,0,0,0,0.0,0,0,0,0,0,0
sparse,2,null,False,53,learned,0,0,0,0,0.0,0,0,0,0,0,0
sparse,2,null,True,53,poisson,0,0,0,0,0.0,0,0,0,0,0,0
sparse,2,null,True,53,fixed,0,0,0,0,0.0,0,0,0,0,0,0
sparse,2,null,True,53,learned,0,0,0,0,0.0,0,0,0,0,0,0
sparse,2,null,False,54,poisson,0,0,0,0,0.0,0,0,0,0,0,0
sparse,2,null,False,54,fixed,0,0,0,0,0.0,0,0,0,0,0,0
sparse,2,null,False,54,learned,0,0,0,0,0.0,0,0,0,0,0,0
sparse,2,null,True,54,poisson,0,0,0,0,0.0,0,0,0,0,0,0
sparse,2,null,True,54,fixed,0,0,0,0,0.0,0,0,0,0,0,0
sparse,2,null,True,54,learned,0,0,0,0,0.0,0,0,0,0,0,0
sparse,2,null,False,55,poisson,0,0,0,0,0.0,0,0,0,0,0,0
sparse,2,null,False,55,fixed,0,0,0,0,0.0,0,0,0,0,0,0
sparse,2,null,False,55,learned,0,0,0,0,0.0,0,0,0,0,0,0
sparse,2,null,True,55,poisson,0,0,0,0,0.0,0,0,0,0,0,0
sparse,2,null,True,55,fixed,0,0,0,0,0.0,0,0,0,0,0,0
sparse,2,null,True,55,learned,0,0,0,0,0.0,0,0,0,0,0,0
sparse,2,null,False,56,poisson,0,0,0,0,0.0,0,0,0,0,0,0
sparse,2,null,False,56,fixed,0,0,0,0,0.0,0,0,0,0,0,0
sparse,2,null,False,56,learned,0,0,0,0,0.0,0,0,0,0,0,0
sparse,2,null,True,56,poisson,0,0,0,0,0.0,0,0,0,0,0,0
sparse,2,null,True,56,fixed,0,0,0,0,0.0,0,0,0,0,0,0
sparse,2,null,True,56,learned,0,0,0,0,0.0,0,0,0,0,0,0
sparse,2,null,False,57,poisson,0,0,0,0,0.0,0,0,0,0,0,0
sparse,2,null,False,57,fixed,0,0,0,0,0.0,0,0,0,0,0,0
sparse,2,null,False,57,learned,0,0,0,0,0.0,0,0,0,0,0,0
sparse,2,null,True,57,poisson,0,0,0,0,0.0,0,0,0,0,0,0
sparse,2,null,True,57,fixed,0,0,0,0,0.0,0,0,0,0,0,0
sparse,2,null,True,57,learned,0,0,0,0,0.0,0,0,0,0,0,0
sparse,2,null,False,58,poisson,0,0,0,0,0.0,0,0,0,0,0,0
sparse,2,null,False,58,fixed,0,0,0,0,0.0,0,0,0,0,0,0
sparse,2,null,False,58,learned,0,0,0,0,0.0,0,0,0,0,0,0
sparse,2,null,True,58,poisson,0,0,0,0,0.0,0,0,0,0,0,0
sparse,2,null,True,58,fixed,0,0,0,0,0.0,0,0,0,0,0,0
sparse,2,null,True,58,learned,0,0,0,0,0.0,0,0,0,0,0,0
sparse,2,null,False,59,poisson,0,0,0,0,0.0,0,0,0,0,0,0
sparse,2,null,False,59,fixed,0,0,0,0,0.0,0,0,0,0,0,0
sparse,2,null,False,59,learned,0,0,0,0,0.0,0,0,0,0,0,0
sparse,2,null,True,59,poisson,0,0,0,0,0.0,0,0,0,0,0,0
sparse,2,null,True,59,fixed,0,0,0,0,0.0,0,0,0,0,0,0
sparse,2,null,True,59,learned,0,0,0,0,0.0,0,0,0,0,0,0
sparse,2,null,False,60,poisson,0,0,0,0,0.0,0,0,0,0,0,0
sparse,2,null,False,60,fixed,0,0,0,0,0.0,0,0,0,0,0,0
sparse,2,null,False,60,learned,0,0,0,0,0.0,0,0,0,0,0,0
sparse,2,null,True,60,poisson,0,0,0,0,0.0,0,0,0,0,0,0
sparse,2,null,True,60,fixed,0,0,0,0,0.0,0,0,0,0,0,0
sparse,2,null,True,60,learned,0,0,0,0,0.0,0,0,0,0,0,0
sparse,2,null,False,61,poisson,0,0,0,0,0.0,0,0,0,0,0,0
sparse,2,null,False,61,fixed,0,0,0,0,0.0,0,0,0,0,0,0
sparse,2,null,False,61,learned,0,0,0,0,0.0,0,0,0,0,0,0
sparse,2,null,True,61,poisson,0,0,0,0,0.0,0,0,0,0,0,0
sparse,2,null,True,61,fixed,0,0,0,0,0.0,0,0,0,0,0,0
sparse,2,null,True,61,learned,0,0,0,0,0.0,0,0,0,0,0,0
sparse,2,null,False,62,poisson,0,0,0,0,0.0,0,0,0,0,0,0
sparse,2,null,False,62,fixed,0,0,0,0,0.0,0,0,0,0,0,0
sparse,2,null,False,62,learned,0,0,0,0,0.0,0,0,0,0,0,0
sparse,2,null,True,62,poisson,0,0,0,0,0.0,0,0,0,0,0,0
sparse,2,null,True,62,fixed,0,0,0,0,0.0,0,0,0,0,0,0
sparse,2,null,True,62,learned,0,0,0,0,0.0,0,0,0,0,0,0
sparse,2,null,False,63,poisson,0,0,0,0,0.0,0,0,0,0,0,0
sparse,2,null,False,63,fixed,0,0,0,0,0.0,0,0,0,0,0,0
sparse,2,null,False,63,learned,0,0,0,0,0.0,0,0,0,0,0,0
sparse,2,null,True,63,poisson,0,0,0,0,0.0,0,0,0,0,0,0
sparse,2,null,True,63,fixed,0,0,0,0,0.0,0,0,0,0,0,0
sparse,2,null,True,63,learned,0,0,0,0,0.0,0,0,0,0,0,0
sparse,2,null,False,64,poisson,0,0,0,0,0.0,0,0,0,0,0,0
sparse,2,null,False,64,fixed,0,0,0,0,0.0,0,0,0,0,0,0
sparse,2,null,False,64,learned,0,0,0,0,0.0,0,0,0,0,0,0
sparse,2,null,True,64,poisson,0,0,0,0,0.0,0,0,0,0,0,0
sparse,2,null,True,64,fixed,0,0,0,0,0.0,0,0,0,0,0,0
sparse,2,null,True,64,learned,0,0,0,0,0.0,0,0,0,0,0,0
sparse,2,null,False,65,poisson,0,0,0,0,0.0,0,0,0,0,0,0
sparse,2,null,False,65,fixed,0,0,0,0,0.0,0,0,0,0,0,0
sparse,2,null,False,65,learned,0,0,0,0,0.0,0,0,0,0,0,0
sparse,2,null,True,65,poisson,0,0,0,0,0.0,0,0,0,0,0,0
sparse,2,null,True,65,fixed,0,0,0,0,0.0,0,0,0,0,0,0
sparse,2,null,True,65,learned,0,0,0,0,0.0,0,0,0,0,0,0
sparse,2,null,False,66,poisson,0,0,0,0,0.0,0,0,0,0,0,0
sparse,2,null,False,66,fixed,0,0,0,0,0.0,0,0,0,0,0,0
sparse,2,null,False,66,learned,0,0,0,0,0.0,0,0,0,0,0,0
sparse,2,null,True,66,poisson,0,0,0,0,0.0,0,0,0,0,0,0
sparse,2,null,True,66,fixed,0,0,0,0,0.0,0,0,0,0,0,0
sparse,2,null,True,66,learned,0,0,0,0,0.0,0,0,0,0,0,0
sparse,2,null,False,67,poisson,0,0,0,0,0.0,0,0,0,0,0,0
sparse,2,null,False,67,fixed,0,0,0,0,0.0,0,0,0,0,0,0
sparse,2,null,False,67,learned,0,0,0,0,0.0,0,0,0,0,0,0
sparse,2,null,True,67,poisson,0,0,0,0,0.0,0,0,0,0,0,0
sparse,2,null,True,67,fixed,0,0,0,0,0.0,0,0,0,0,0,0
sparse,2,null,True,67,learned,0,0,0,0,0.0,0,0,0,0,0,0
sparse,2,null,False,68,poisson,0,0,0,0,0.0,0,0,0,0,0,0
sparse,2,null,False,68,fixed,0,0,0,0,0.0,0,0,0,0,0,0
sparse,2,null,False,68,learned,0,0,0,0,0.0,0,0,0,0,0,0
sparse,2,null,True,68,poisson,0,0,0,0,0.0,0,0,0,0,0,0
sparse,2,null,True,68,fixed,0,0,0,0,0.0,0,0,0,0,0,0
sparse,2,null,True,68,learned,0,0,0,0,0.0,0,0,0,0,0,0
sparse,2,null,False,69,poisson,0,0,0,0,0.0,0,0,0,0,0,0
sparse,2,null,False,69,fixed,0,0,0,0,0.0,0,0,0,0,0,0
sparse,2,null,False,69,learned,0,0,0,0,0.0,0,0,0,0,0,0
sparse,2,null,True,69,poisson,0,0,0,0,0.0,0,0,0,0,0,0
sparse,2,null,True,69,fixed,0,0,0,0,0.0,0,0,0,0,0,0
sparse,2,null,True,69,learned,0,0,0,0,0.0,0,0,0,0,0,0
sparse,2,null,False,70,poisson,0,0,0,0,0.0,0,0,0,0,0,0
sparse,2,null,False,70,fixed,0,0,0,0,0.0,0,0,0,0,0,0
sparse,2,null,False,70,learned,0,0,0,0,0.0,0,0,0,0,0,0
sparse,2,null,True,70,poisson,0,0,0,0,0.0,0,0,0,0,0,0
sparse,2,null,True,70,fixed,0,0,0,0,0.0,0,0,0,0,0,0
sparse,2,null,True,70,learned,0,0,0,0,0.0,0,0,0,0,0,0
sparse,2,null,False,71,poisson,0,0,0,0,0.0,0,0,0,0,0,0
sparse,2,null,False,71,fixed,0,0,0,0,0.0,0,0,0,0,0,0
sparse,2,null,False,71,learned,0,0,0,0,0.0,0,0,0,0,0,0
sparse,2,null,True,71,poisson,0,0,0,0,0.0,0,0,0,0,0,0
sparse,2,null,True,71,fixed,0,0,0,0,0.0,0,0,0,0,0,0
sparse,2,null,True,71,learned,0,0,0,0,0.0,0,0,0,0,0,0
sparse,2,null,False,72,poisson,0,0,0,0,0.0,0,0,0,0,0,0
sparse,2,null,False,72,fixed,0,0,0,0,0.0,0,0,0,0,0,0
sparse,2,null,False,72,learned,0,0,0,0,0.0,0,0,0,0,0,0
sparse,2,null,True,72,poisson,0,0,0,0,0.0,0,0,0,0,0,0
sparse,2,null,True,72,fixed,0,0,0,0,0.0,0,0,0,0,0,0
sparse,2,null,True,72,learned,0,0,0,0,0.0,0,0,0,0,0,0
sparse,2,null,False,73,poisson,0,0,0,0,0.0,0,0,0,0,0,0
sparse,2,null,False,73,fixed,0,0,0,0,0.0,0,0,0,0,0,0
sparse,2,null,False,73,learned,0,0,0,0,0.0,0,0,0,0,0,0
sparse,2,null,True,73,poisson,0,0,0,0,0.0,0,0,0,0,0,0
sparse,2,null,True,73,fixed,0,0,0,0,0.0,0,0,0,0,0,0
sparse,2,null,True,73,learned,0,0,0,0,0.0,0,0,0,0,0,0
sparse,2,null,False,74,poisson,0,0,0,0,0.0,0,0,0,0,0,0
sparse,2,null,False,74,fixed,0,0,0,0,0.0,0,0,0,0,0,0
sparse,2,null,False,74,learned,0,0,0,0,0.0,0,0,0,0,0,0
sparse,2,null,True,74,poisson,0,0,0,0,0.0,0,0,0,0,0,0
sparse,2,null,True,74,fixed,0,0,0,0,0.0,0,0,0,0,0,0
sparse,2,null,True,74,learned,0,0,0,0,0.0,0,0,0,0,0,0
sparse,2,null,False,75,poisson,0,0,0,0,0.0,0,0,0,0,0,0
sparse,2,null,False,75,fixed,0,0,0,0,0.0,0,0,0,0,0,0
sparse,2,null,False,75,learned,0,0,0,0,0.0,0,0,0,0,0,0
sparse,2,null,True,75,poisson,0,0,0,0,0.0,0,0,0,0,0,0
sparse,2,null,True,75,fixed,0,0,0,0,0.0,0,0,0,0,0,0
sparse,2,null,True,75,learned,0,0,0,0,0.0,0,0,0,0,0,0
sparse,2,null,False,76,poisson,0,0,0,0,0.0,0,0,0,0,0,0
sparse,2,null,False,76,fixed,0,0,0,0,0.0,0,0,0,0,0,0
sparse,2,null,False,76,learned,0,0,0,0,0.0,0,0,0,0,0,0
sparse,2,null,True,76,poisson,0,0,0,0,0.0,0,0,0,0,0,0
sparse,2,null,True,76,fixed,0,0,0,0,0.0,0,0,0,0,0,0
sparse,2,null,True,76,learned,0,0,0,0,0.0,0,0,0,0,0,0
sparse,2,null,False,77,poisson,0,0,0,0,0.0,0,0,0,0,0,0
sparse,2,null,False,77,fixed,0,0,0,0,0.0,0,0,0,0,0,0
sparse,2,null,False,77,learned,0,0,0,0,0.0,0,0,0,0,0,0
sparse,2,null,True,77,poisson,0,0,0,0,0.0,0,0,0,0,0,0
sparse,2,null,True,77,fixed,0,0,0,0,0.0,0,0,0,0,0,0
sparse,2,null,True,77,learned,0,0,0,0,0.0,0,0,0,0,0,0
sparse,2,null,False,78,poisson,0,0,0,0,0.0,0,0,0,0,0,0
sparse,2,null,False,78,fixed,0,0,0,0,0.0,0,0,0,0,0,0
sparse,2,null,False,78,learned,0,0,0,0,0.0,0,0,0,0,0,0
sparse,2,null,True,78,poisson,0,0,0,0,0.0,0,0,0,0,0,0
sparse,2,null,True,78,fixed,0,0,0,0,0.0,0,0,0,0,0,0
sparse,2,null,True,78,learned,0,0,0,0,0.0,0,0,0,0,0,0
sparse,2,null,False,79,poisson,0,0,0,0,0.0,0,0,0,0,0,0
sparse,2,null,False,79,fixed,0,0,0,0,0.0,0,0,0,0,0,0
sparse,2,null,False,79,learned,0,0,0,0,0.0,0,0,0,0,0,0
sparse,2,null,True,79,poisson,0,0,0,0,0.0,0,0,0,0,0,0
sparse,2,null,True,79,fixed,0,0,0,0,0.0,0,0,0,0,0,0
sparse,2,null,True,79,learned,0,0,0,0,0.0,0,0,0,0,0,0
sparse,2,null,False,80,poisson,0,0,0,0,0.0,0,0,0,0,0,0
sparse,2,null,False,80,fixed,0,0,0,0,0.0,0,0,0,0,0,0
sparse,2,null,False,80,learned,0,0,0,0,0.0,0,0,0,0,0,0
sparse,2,null,True,80,poisson,0,0,0,0,0.0,0,0,0,0,0,0
sparse,2,null,True,80,fixed,0,0,0,0,0.0,0,0,0,0,0,0
sparse,2,null,True,80,learned,0,0,0,0,0.0,0,0,0,0,0,0
sparse,2,null,False,81,poisson,0,0,0,0,0.0,0,0,0,0,0,0
sparse,2,null,False,81,fixed,0,0,0,0,0.0,0,0,0,0,0,0
sparse,2,null,False,81,learned,0,0,0,0,0.0,0,0,0,0,0,0
sparse,2,null,True,81,poisson,0,0,0,0,0.0,0,0,0,0,0,0
sparse,2,null,True,81,fixed,0,0,0,0,0.0,0,0,0,0,0,0
sparse,2,null,True,81,learned,0,0,0,0,0.0,0,0,0,0,0,0
sparse,2,null,False,82,poisson,0,0,0,0,0.0,0,0,0,0,0,0
sparse,2,null,False,82,fixed,0,0,0,0,0.0,0,0,0,0,0,0
sparse,2,null,False,82,learned,0,0,0,0,0.0,0,0,0,0,0,0
sparse,2,null,True,82,poisson,0,0,0,0,0.0,0,0,0,0,0,0
sparse,2,null,True,82,fixed,0,0,0,0,0.0,0,0,0,0,0,0
sparse,2,null,True,82,learned,0,0,0,0,0.0,0,0,0,0,0,0
sparse,2,null,False,83,poisson,0,0,0,0,0.0,0,0,0,0,0,0
sparse,2,null,False,83,fixed,0,0,0,0,0.0,0,0,0,0,0,0
sparse,2,null,False,83,learned,0,0,0,0,0.0,0,0,0,0,0,0
sparse,2,null,True,83,poisson,0,0,0,0,0.0,0,0,0,0,0,0
sparse,2,null,True,83,fixed,0,0,0,0,0.0,0,0,0,0,0,0
sparse,2,null,True,83,learned,0,0,0,0,0.0,0,0,0,0,0,0
sparse,2,null,False,84,poisson,0,0,0,0,0.0,0,0,0,0,0,0
sparse,2,null,False,84,fixed,0,0,0,0,0.0,0,0,0,0,0,0
sparse,2,null,False,84,learned,0,0,0,0,0.0,0,0,0,0,0,0
sparse,2,null,True,84,poisson,0,0,0,0,0.0,0,0,0,0,0,0
sparse,2,null,True,84,fixed,0,0,0,0,0.0,0,0,0,0,0,0
sparse,2,null,True,84,learned,0,0,0,0,0.0,0,0,0,0,0,0
sparse,2,null,False,85,poisson,0,0,0,0,0.0,0,0,0,0,0,0
sparse,2,null,False,85,fixed,0,0,0,0,0.0,0,0,0,0,0,0
sparse,2,null,False,85,learned,0,0,0,0,0.0,0,0,0,0,0,0
sparse,2,null,True,85,poisson,0,0,0,0,0.0,0,0,0,0,0,0
sparse,2,null,True,85,fixed,0,0,0,0,0.0,0,0,0,0,0,0
sparse,2,null,True,85,learned,0,0,0,0,0.0,0,0,0,0,0,0
sparse,2,null,False,86,poisson,0,0,0,0,0.0,0,0,0,0,0,0
sparse,2,null,False,86,fixed,0,0,0,0,0.0,0,0,0,0,0,0
sparse,2,null,False,86,learned,0,0,0,0,0.0,0,0,0,0,0,0
sparse,2,null,True,86,poisson,0,0,0,0,0.0,0,0,0,0,0,0
sparse,2,null,True,86,fixed,0,0,0,0,0.0,0,0,0,0,0,0
sparse,2,null,True,86,learned,0,0,0,0,0.0,0,0,0,0,0,0
sparse,2,null,False,87,poisson,0,0,0,0,0.0,0,0,0,0,0,0
sparse,2,null,False,87,fixed,0,0,0,0,0.0,0,0,0,0,0,0
sparse,2,null,False,87,learned,0,0,0,0,0.0,0,0,0,0,0,0
sparse,2,null,True,87,poisson,0,0,0,0,0.0,0,0,0,0,0,0
sparse,2,null,True,87,fixed,0,0,0,0,0.0,0,0,0,0,0,0
sparse,2,null,True,87,learned,0,0,0,0,0.0,0,0,0,0,0,0
sparse,2,null,False,88,poisson,0,0,0,0,0.0,0,0,0,0,0,0
sparse,2,null,False,88,fixed,0,0,0,0,0.0,0,0,0,0,0,0
sparse,2,null,False,88,learned,0,0,0,0,0.0,0,0,0,0,0,0
sparse,2,null,True,88,poisson,0,0,0,0,0.0,0,0,0,0,0,0
sparse,2,null,True,88,fixed,0,0,0,0,0.0,0,0,0,0,0,0
sparse,2,null,True,88,learned,0,0,0,0,0.0,0,0,0,0,0,0
sparse,2,null,False,89,poisson,0,0,0,0,0.0,0,0,0,0,0,0
sparse,2,null,False,89,fixed,0,0,0,0,0.0,0,0,0,0,0,0
sparse,2,null,False,89,learned,0,0,0,0,0.0,0,0,0,0,0,0
sparse,2,null,True,89,poisson,0,0,0,0,0.0,0,0,0,0,0,0
sparse,2,null,True,89,fixed,0,0,0,0,0.0,0,0,0,0,0,0
sparse,2,null,True,89,learned,0,0,0,0,0.0,0,0,0,0,0,0
sparse,2,null,False,90,poisson,0,0,0,0,0.0,0,0,0,0,0,0
sparse,2,null,False,90,fixed,0,0,0,0,0.0,0,0,0,0,0,0
sparse,2,null,False,90,learned,0,0,0,0,0.0,0,0,0,0,0,0
sparse,2,null,True,90,poisson,0,0,0,0,0.0,0,0,0,0,0,0
sparse,2,null,True,90,fixed,0,0,0,0,0.0,0,0,0,0,0,0
sparse,2,null,True,90,learned,0,0,0,0,0.0,0,0,0,0,0,0
sparse,2,null,False,91,poisson,2,0,0,0,0.0,0,0,0,0,0,0
sparse,2,null,False,91,fixed,2,2,2,1,1.0,0,0,0,0,0,0
sparse,2,null,False,91,learned,2,2,2,1,1.0,0,0,0,0,0,0
sparse,2,null,True,91,poisson,2,0,0,0,0.0,0,0,0,0,0,0
sparse,2,null,True,91,fixed,2,0,0,0,0.0,0,0,0,0,0,0
sparse,2,null,True,91,learned,2,0,0,0,0.0,0,0,0,0,0,0
sparse,2,null,False,92,poisson,0,0,0,0,0.0,0,0,0,0,0,0
sparse,2,null,False,92,fixed,0,0,0,0,0.0,0,0,0,0,0,0
sparse,2,null,False,92,learned,0,0,0,0,0.0,0,0,0,0,0,0
sparse,2,null,True,92,poisson,0,0,0,0,0.0,0,0,0,0,0,0
sparse,2,null,True,92,fixed,0,0,0,0,0.0,0,0,0,0,0,0
sparse,2,null,True,92,learned,0,0,0,0,0.0,0,0,0,0,0,0
sparse,2,null,False,93,poisson,0,0,0,0,0.0,0,0,0,0,0,0
sparse,2,null,False,93,fixed,0,0,0,0,0.0,0,0,0,0,0,0
sparse,2,null,False,93,learned,0,0,0,0,0.0,0,0,0,0,0,0
sparse,2,null,True,93,poisson,0,0,0,0,0.0,0,0,0,0,0,0
sparse,2,null,True,93,fixed,0,0,0,0,0.0,0,0,0,0,0,0
sparse,2,null,True,93,learned,0,0,0,0,0.0,0,0,0,0,0,0
sparse,2,null,False,94,poisson,0,0,0,0,0.0,0,0,0,0,0,0
sparse,2,null,False,94,fixed,0,0,0,0,0.0,0,0,0,0,0,0
sparse,2,null,False,94,learned,0,0,0,0,0.0,0,0,0,0,0,0
sparse,2,null,True,94,poisson,0,0,0,0,0.0,0,0,0,0,0,0
sparse,2,null,True,94,fixed,0,0,0,0,0.0,0,0,0,0,0,0
sparse,2,null,True,94,learned,0,0,0,0,0.0,0,0,0,0,0,0
sparse,2,null,False,95,poisson,0,0,0,0,0.0,0,0,0,0,0,0
sparse,2,null,False,95,fixed,0,0,0,0,0.0,0,0,0,0,0,0
sparse,2,null,False,95,learned,0,0,0,0,0.0,0,0,0,0,0,0
sparse,2,null,True,95,poisson,0,0,0,0,0.0,0,0,0,0,0,0
sparse,2,null,True,95,fixed,0,0,0,0,0.0,0,0,0,0,0,0
sparse,2,null,True,95,learned,0,0,0,0,0.0,0,0,0,0,0,0
sparse,2,null,False,96,poisson,0,0,0,0,0.0,0,0,0,0,0,0
sparse,2,null,False,96,fixed,0,0,0,0,0.0,0,0,0,0,0,0
sparse,2,null,False,96,learned,0,0,0,0,0.0,0,0,0,0,0,0
sparse,2,null,True,96,poisson,0,0,0,0,0.0,0,0,0,0,0,0
sparse,2,null,True,96,fixed,0,0,0,0,0.0,0,0,0,0,0,0
sparse,2,null,True,96,learned,0,0,0,0,0.0,0,0,0,0,0,0
sparse,2,null,False,97,poisson,0,0,0,0,0.0,0,0,0,0,0,0
sparse,2,null,False,97,fixed,0,0,0,0,0.0,0,0,0,0,0,0
sparse,2,null,False,97,learned,0,0,0,0,0.0,0,0,0,0,0,0
sparse,2,null,True,97,poisson,0,0,0,0,0.0,0,0,0,0,0,0
sparse,2,null,True,97,fixed,0,0,0,0,0.0,0,0,0,0,0,0
sparse,2,null,True,97,learned,0,0,0,0,0.0,0,0,0,0,0,0
sparse,2,null,False,98,poisson,0,0,0,0,0.0,0,0,0,0,0,0
sparse,2,null,False,98,fixed,0,0,0,0,0.0,0,0,0,0,0,0
sparse,2,null,False,98,learned,0,0,0,0,0.0,0,0,0,0,0,0
sparse,2,null,True,98,poisson,0,0,0,0,0.0,0,0,0,0,0,0
sparse,2,null,True,98,fixed,0,0,0,0,0.0,0,0,0,0,0,0
sparse,2,null,True,98,learned,0,0,0,0,0.0,0,0,0,0,0,0
sparse,2,null,False,99,poisson,0,0,0,0,0.0,0,0,0,0,0,0
sparse,2,null,False,99,fixed,0,0,0,0,0.0,0,0,0,0,0,0
sparse,2,null,False,99,learned,0,0,0,0,0.0,0,0,0,0,0,0
sparse,2,null,True,99,poisson,0,0,0,0,0.0,0,0,0,0,0,0
sparse,2,null,True,99,fixed,0,0,0,0,0.0,0,0,0,0,0,0
sparse,2,null,True,99,learned,0,0,0,0,0.0,0,0,0,0,0,0
sparse,2,moderate,False,0,poisson,0,0,0,0,0.0,3,0,0,0,0,0
sparse,2,moderate,False,0,fixed,0,0,0,0,0.0,3,0,0,0,0,0
sparse,2,moderate,False,0,learned,0,0,0,0,0.0,3,0,0,0,0,0
sparse,2,moderate,True,0,poisson,0,0,0,0,0.0,3,0,0,0,0,0
sparse,2,moderate,True,0,fixed,0,0,0,0,0.0,3,0,0,0,0,0
sparse,2,moderate,True,0,learned,0,0,0,0,0.0,3,0,0,0,0,0
sparse,2,moderate,False,1,poisson,0,0,0,0,0.0,3,0,0,0,0,0
sparse,2,moderate,False,1,fixed,0,0,0,0,0.0,3,0,0,0,0,0
sparse,2,moderate,False,1,learned,0,0,0,0,0.0,3,0,0,0,0,0
sparse,2,moderate,True,1,poisson,0,0,0,0,0.0,3,0,0,0,0,0
sparse,2,moderate,True,1,fixed,0,0,0,0,0.0,3,0,0,0,0,0
sparse,2,moderate,True,1,learned,0,0,0,0,0.0,3,0,0,0,0,0
sparse,2,moderate,False,2,poisson,0,0,0,0,0.0,3,0,0,0,0,0
sparse,2,moderate,False,2,fixed,0,0,0,0,0.0,3,0,0,0,0,0
sparse,2,moderate,False,2,learned,0,0,0,0,0.0,3,0,0,0,0,0
sparse,2,moderate,True,2,poisson,0,0,0,0,0.0,3,0,0,0,0,0
sparse,2,moderate,True,2,fixed,0,0,0,0,0.0,3,0,0,0,0,0
sparse,2,moderate,True,2,learned,0,0,0,0,0.0,3,0,0,0,0,0
sparse,2,moderate,False,3,poisson,0,0,0,0,0.0,3,0,0,0,0,0
sparse,2,moderate,False,3,fixed,0,0,0,0,0.0,3,0,0,0,0,0
sparse,2,moderate,False,3,learned,0,0,0,0,0.0,3,0,0,0,0,0
sparse,2,moderate,True,3,poisson,0,0,0,0,0.0,3,0,0,0,0,0
sparse,2,moderate,True,3,fixed,0,0,0,0,0.0,3,0,0,0,0,0
sparse,2,moderate,True,3,learned,0,0,0,0,0.0,3,0,0,0,0,0
sparse,2,moderate,False,4,poisson,2,0,0,0,0.0,3,0,1,0,1,0
sparse,2,moderate,False,4,fixed,2,2,0,0,0.0,3,1,1,1,1,1
sparse,2,moderate,False,4,learned,2,2,0,0,0.0,3,1,1,1,1,1
sparse,2,moderate,True,4,poisson,2,0,0,0,0.0,3,0,1,0,1,0
sparse,2,moderate,True,4,fixed,2,2,0,0,0.0,3,1,1,1,1,1
sparse,2,moderate,True,4,learned,2,2,0,0,0.0,3,1,1,1,1,1
sparse,2,moderate,False,5,poisson,0,0,0,0,0.0,3,0,0,0,0,0
sparse,2,moderate,False,5,fixed,0,0,0,0,0.0,3,0,0,0,0,0
sparse,2,moderate,False,5,learned,0,0,0,0,0.0,3,0,0,0,0,0
sparse,2,moderate,True,5,poisson,0,0,0,0,0.0,3,0,0,0,0,0
sparse,2,moderate,True,5,fixed,0,0,0,0,0.0,3,0,0,0,0,0
sparse,2,moderate,True,5,learned,0,0,0,0,0.0,3,0,0,0,0,0
sparse,2,moderate,False,6,poisson,2,2,0,0,0.0,3,1,1,1,1,1
sparse,2,moderate,False,6,fixed,2,2,0,0,0.0,3,1,1,1,1,1
sparse,2,moderate,False,6,learned,2,2,0,0,0.0,3,1,1,1,1,1
sparse,2,moderate,True,6,poisson,2,2,0,0,0.0,3,1,1,1,1,1
sparse,2,moderate,True,6,fixed,2,2,0,0,0.0,3,1,1,1,1,1
sparse,2,moderate,True,6,learned,2,2,0,0,0.0,3,1,1,1,1,1
sparse,2,moderate,False,7,poisson,0,0,0,0,0.0,3,0,0,0,0,0
sparse,2,moderate,False,7,fixed,0,0,0,0,0.0,3,0,0,0,0,0
sparse,2,moderate,False,7,learned,0,0,0,0,0.0,3,0,0,0,0,0
sparse,2,moderate,True,7,poisson,0,0,0,0,0.0,3,0,0,0,0,0
sparse,2,moderate,True,7,fixed,0,0,0,0,0.0,3,0,0,0,0,0
sparse,2,moderate,True,7,learned,0,0,0,0,0.0,3,0,0,0,0,0
sparse,2,moderate,False,8,poisson,0,0,0,0,0.0,3,0,0,0,0,0
sparse,2,moderate,False,8,fixed,0,0,0,0,0.0,3,0,0,0,0,0
sparse,2,moderate,False,8,learned,0,0,0,0,0.0,3,0,0,0,0,0
sparse,2,moderate,True,8,poisson,0,0,0,0,0.0,3,0,0,0,0,0
sparse,2,moderate,True,8,fixed,0,0,0,0,0.0,3,0,0,0,0,0
sparse,2,moderate,True,8,learned,0,0,0,0,0.0,3,0,0,0,0,0
sparse,2,moderate,False,9,poisson,0,0,0,0,0.0,3,0,0,0,0,0
sparse,2,moderate,False,9,fixed,0,0,0,0,0.0,3,0,0,0,0,0
sparse,2,moderate,False,9,learned,0,0,0,0,0.0,3,0,0,0,0,0
sparse,2,moderate,True,9,poisson,0,0,0,0,0.0,3,0,0,0,0,0
sparse,2,moderate,True,9,fixed,0,0,0,0,0.0,3,0,0,0,0,0
sparse,2,moderate,True,9,learned,0,0,0,0,0.0,3,0,0,0,0,0
sparse,2,moderate,False,10,poisson,4,4,0,0,0.0,3,2,2,2,2,2
sparse,2,moderate,False,10,fixed,4,4,0,0,0.0,3,2,2,2,2,2
sparse,2,moderate,False,10,learned,4,4,0,0,0.0,3,2,2,2,2,2
sparse,2,moderate,True,10,poisson,4,4,0,0,0.0,3,2,2,2,2,2
sparse,2,moderate,True,10,fixed,4,4,0,0,0.0,3,2,2,2,2,2
sparse,2,moderate,True,10,learned,4,4,0,0,0.0,3,2,2,2,2,2
sparse,2,moderate,False,11,poisson,0,0,0,0,0.0,3,0,1,0,1,0
sparse,2,moderate,False,11,fixed,0,0,0,0,0.0,3,0,1,0,1,0
sparse,2,moderate,False,11,learned,0,0,0,0,0.0,3,0,1,0,1,0
sparse,2,moderate,True,11,poisson,0,0,0,0,0.0,3,0,1,0,1,0
sparse,2,moderate,True,11,fixed,0,0,0,0,0.0,3,0,1,0,1,0
sparse,2,moderate,True,11,learned,0,0,0,0,0.0,3,0,1,0,1,0
sparse,2,moderate,False,12,poisson,0,0,0,0,0.0,3,0,0,0,0,0
sparse,2,moderate,False,12,fixed,0,0,0,0,0.0,3,0,0,0,0,0
sparse,2,moderate,False,12,learned,0,0,0,0,0.0,3,0,0,0,0,0
sparse,2,moderate,True,12,poisson,0,0,0,0,0.0,3,0,0,0,0,0
sparse,2,moderate,True,12,fixed,0,0,0,0,0.0,3,0,0,0,0,0
sparse,2,moderate,True,12,learned,0,0,0,0,0.0,3,0,0,0,0,0
sparse,2,moderate,False,13,poisson,0,0,0,0,0.0,3,0,0,0,0,0
sparse,2,moderate,False,13,fixed,0,0,0,0,0.0,3,0,0,0,0,0
sparse,2,moderate,False,13,learned,0,0,0,0,0.0,3,0,0,0,0,0
sparse,2,moderate,True,13,poisson,0,0,0,0,0.0,3,0,0,0,0,0
sparse,2,moderate,True,13,fixed,0,0,0,0,0.0,3,0,0,0,0,0
sparse,2,moderate,True,13,learned,0,0,0,0,0.0,3,0,0,0,0,0
sparse,2,moderate,False,14,poisson,2,0,0,0,0.0,3,0,1,0,1,0
sparse,2,moderate,False,14,fixed,2,2,0,0,0.0,3,1,1,1,1,1
sparse,2,moderate,False,14,learned,2,2,0,0,0.0,3,1,1,1,1,1
sparse,2,moderate,True,14,poisson,2,0,0,0,0.0,3,0,1,0,1,0
sparse,2,moderate,True,14,fixed,2,2,0,0,0.0,3,1,1,1,1,1
sparse,2,moderate,True,14,learned,2,2,0,0,0.0,3,1,1,1,1,1
sparse,2,moderate,False,15,poisson,0,0,0,0,0.0,3,0,0,0,0,0
sparse,2,moderate,False,15,fixed,0,0,0,0,0.0,3,0,0,0,0,0
sparse,2,moderate,False,15,learned,0,0,0,0,0.0,3,0,0,0,0,0
sparse,2,moderate,True,15,poisson,0,0,0,0,0.0,3,0,0,0,0,0
sparse,2,moderate,True,15,fixed,0,0,0,0,0.0,3,0,0,0,0,0
sparse,2,moderate,True,15,learned,0,0,0,0,0.0,3,0,0,0,0,0
sparse,2,moderate,False,16,poisson,0,0,0,0,0.0,3,0,0,0,0,0
sparse,2,moderate,False,16,fixed,0,0,0,0,0.0,3,0,0,0,0,0
sparse,2,moderate,False,16,learned,0,0,0,0,0.0,3,0,0,0,0,0
sparse,2,moderate,True,16,poisson,0,0,0,0,0.0,3,0,0,0,0,0
sparse,2,moderate,True,16,fixed,0,0,0,0,0.0,3,0,0,0,0,0
sparse,2,moderate,True,16,learned,0,0,0,0,0.0,3,0,0,0,0,0
sparse,2,moderate,False,17,poisson,0,0,0,0,0.0,3,0,0,0,0,0
sparse,2,moderate,False,17,fixed,0,0,0,0,0.0,3,0,0,0,0,0
sparse,2,moderate,False,17,learned,0,0,0,0,0.0,3,0,0,0,0,0
sparse,2,moderate,True,17,poisson,0,0,0,0,0.0,3,0,0,0,0,0
sparse,2,moderate,True,17,fixed,0,0,0,0,0.0,3,0,0,0,0,0
sparse,2,moderate,True,17,learned,0,0,0,0,0.0,3,0,0,0,0,0
sparse,2,moderate,False,18,poisson,0,0,0,0,0.0,3,0,0,0,0,0
sparse,2,moderate,False,18,fixed,0,0,0,0,0.0,3,0,0,0,0,0
sparse,2,moderate,False,18,learned,0,0,0,0,0.0,3,0,0,0,0,0
sparse,2,moderate,True,18,poisson,0,0,0,0,0.0,3,0,0,0,0,0
sparse,2,moderate,True,18,fixed,0,0,0,0,0.0,3,0,0,0,0,0
sparse,2,moderate,True,18,learned,0,0,0,0,0.0,3,0,0,0,0,0
sparse,2,moderate,False,19,poisson,0,0,0,0,0.0,3,0,0,0,0,0
sparse,2,moderate,False,19,fixed,0,0,0,0,0.0,3,0,0,0,0,0
sparse,2,moderate,False,19,learned,0,0,0,0,0.0,3,0,0,0,0,0
sparse,2,moderate,True,19,poisson,0,0,0,0,0.0,3,0,0,0,0,0
sparse,2,moderate,True,19,fixed,0,0,0,0,0.0,3,0,0,0,0,0
sparse,2,moderate,True,19,learned,0,0,0,0,0.0,3,0,0,0,0,0
sparse,2,moderate,False,20,poisson,0,0,0,0,0.0,3,0,0,0,0,0
sparse,2,moderate,False,20,fixed,0,0,0,0,0.0,3,0,0,0,0,0
sparse,2,moderate,False,20,learned,0,0,0,0,0.0,3,0,0,0,0,0
sparse,2,moderate,True,20,poisson,0,0,0,0,0.0,3,0,0,0,0,0
sparse,2,moderate,True,20,fixed,0,0,0,0,0.0,3,0,0,0,0,0
sparse,2,moderate,True,20,learned,0,0,0,0,0.0,3,0,0,0,0,0
sparse,2,moderate,False,21,poisson,0,0,0,0,0.0,3,0,0,0,0,0
sparse,2,moderate,False,21,fixed,0,0,0,0,0.0,3,0,0,0,0,0
sparse,2,moderate,False,21,learned,0,0,0,0,0.0,3,0,0,0,0,0
sparse,2,moderate,True,21,poisson,0,0,0,0,0.0,3,0,0,0,0,0
sparse,2,moderate,True,21,fixed,0,0,0,0,0.0,3,0,0,0,0,0
sparse,2,moderate,True,21,learned,0,0,0,0,0.0,3,0,0,0,0,0
sparse,2,moderate,False,22,poisson,0,0,0,0,0.0,3,0,0,0,0,0
sparse,2,moderate,False,22,fixed,0,0,0,0,0.0,3,0,0,0,0,0
sparse,2,moderate,False,22,learned,0,0,0,0,0.0,3,0,0,0,0,0
sparse,2,moderate,True,22,poisson,0,0,0,0,0.0,3,0,0,0,0,0
sparse,2,moderate,True,22,fixed,0,0,0,0,0.0,3,0,0,0,0,0
sparse,2,moderate,True,22,learned,0,0,0,0,0.0,3,0,0,0,0,0
sparse,2,moderate,False,23,poisson,2,2,0,0,0.0,3,1,1,1,1,1
sparse,2,moderate,False,23,fixed,2,2,0,0,0.0,3,1,1,1,1,1
sparse,2,moderate,False,23,learned,2,2,0,0,0.0,3,1,1,1,1,1
sparse,2,moderate,True,23,poisson,2,2,0,0,0.0,3,1,1,1,1,1
sparse,2,moderate,True,23,fixed,2,2,0,0,0.0,3,1,1,1,1,1
sparse,2,moderate,True,23,learned,2,2,0,0,0.0,3,1,1,1,1,1
sparse,2,moderate,False,24,poisson,0,0,0,0,0.0,3,0,0,0,0,0
sparse,2,moderate,False,24,fixed,0,0,0,0,0.0,3,0,0,0,0,0
sparse,2,moderate,False,24,learned,0,0,0,0,0.0,3,0,0,0,0,0
sparse,2,moderate,True,24,poisson,0,0,0,0,0.0,3,0,0,0,0,0
sparse,2,moderate,True,24,fixed,0,0,0,0,0.0,3,0,0,0,0,0
sparse,2,moderate,True,24,learned,0,0,0,0,0.0,3,0,0,0,0,0
sparse,2,moderate,False,25,poisson,4,0,0,0,0.0,3,0,2,0,2,0
sparse,2,moderate,False,25,fixed,4,4,0,0,0.0,3,2,2,2,2,2
sparse,2,moderate,False,25,learned,4,4,0,0,0.0,3,2,2,2,2,2
sparse,2,moderate,True,25,poisson,4,0,0,0,0.0,3,0,2,0,2,0
sparse,2,moderate,True,25,fixed,4,4,0,0,0.0,3,2,2,2,2,2
sparse,2,moderate,True,25,learned,4,4,0,0,0.0,3,2,2,2,2,2
sparse,2,moderate,False,26,poisson,0,0,0,0,0.0,3,0,0,0,0,0
sparse,2,moderate,False,26,fixed,0,0,0,0,0.0,3,0,0,0,0,0
sparse,2,moderate,False,26,learned,0,0,0,0,0.0,3,0,0,0,0,0
sparse,2,moderate,True,26,poisson,0,0,0,0,0.0,3,0,0,0,0,0
sparse,2,moderate,True,26,fixed,0,0,0,0,0.0,3,0,0,0,0,0
sparse,2,moderate,True,26,learned,0,0,0,0,0.0,3,0,0,0,0,0
sparse,2,moderate,False,27,poisson,0,0,0,0,0.0,3,0,0,0,0,0
sparse,2,moderate,False,27,fixed,0,0,0,0,0.0,3,0,0,0,0,0
sparse,2,moderate,False,27,learned,0,0,0,0,0.0,3,0,0,0,0,0
sparse,2,moderate,True,27,poisson,0,0,0,0,0.0,3,0,0,0,0,0
sparse,2,moderate,True,27,fixed,0,0,0,0,0.0,3,0,0,0,0,0
sparse,2,moderate,True,27,learned,0,0,0,0,0.0,3,0,0,0,0,0
sparse,2,moderate,False,28,poisson,0,0,0,0,0.0,3,0,0,0,0,0
sparse,2,moderate,False,28,fixed,0,0,0,0,0.0,3,0,0,0,0,0
sparse,2,moderate,False,28,learned,0,0,0,0,0.0,3,0,0,0,0,0
sparse,2,moderate,True,28,poisson,0,0,0,0,0.0,3,0,0,0,0,0
sparse,2,moderate,True,28,fixed,0,0,0,0,0.0,3,0,0,0,0,0
sparse,2,moderate,True,28,learned,0,0,0,0,0.0,3,0,0,0,0,0
sparse,2,moderate,False,29,poisson,0,0,0,0,0.0,3,0,0,0,0,0
sparse,2,moderate,False,29,fixed,0,0,0,0,0.0,3,0,0,0,0,0
sparse,2,moderate,False,29,learned,0,0,0,0,0.0,3,0,0,0,0,0
sparse,2,moderate,True,29,poisson,0,0,0,0,0.0,3,0,0,0,0,0
sparse,2,moderate,True,29,fixed,0,0,0,0,0.0,3,0,0,0,0,0
sparse,2,moderate,True,29,learned,0,0,0,0,0.0,3,0,0,0,0,0
sparse,2,moderate,False,30,poisson,0,0,0,0,0.0,3,0,0,0,0,0
sparse,2,moderate,False,30,fixed,0,0,0,0,0.0,3,0,0,0,0,0
sparse,2,moderate,False,30,learned,0,0,0,0,0.0,3,0,0,0,0,0
sparse,2,moderate,True,30,poisson,0,0,0,0,0.0,3,0,0,0,0,0
sparse,2,moderate,True,30,fixed,0,0,0,0,0.0,3,0,0,0,0,0
sparse,2,moderate,True,30,learned,0,0,0,0,0.0,3,0,0,0,0,0
sparse,2,moderate,False,31,poisson,0,0,0,0,0.0,3,0,0,0,0,0
sparse,2,moderate,False,31,fixed,0,0,0,0,0.0,3,0,0,0,0,0
sparse,2,moderate,False,31,learned,0,0,0,0,0.0,3,0,0,0,0,0
sparse,2,moderate,True,31,poisson,0,0,0,0,0.0,3,0,0,0,0,0
sparse,2,moderate,True,31,fixed,0,0,0,0,0.0,3,0,0,0,0,0
sparse,2,moderate,True,31,learned,0,0,0,0,0.0,3,0,0,0,0,0
sparse,2,moderate,False,32,poisson,0,0,0,0,0.0,3,0,0,0,0,0
sparse,2,moderate,False,32,fixed,0,0,0,0,0.0,3,0,0,0,0,0
sparse,2,moderate,False,32,learned,0,0,0,0,0.0,3,0,0,0,0,0
sparse,2,moderate,True,32,poisson,0,0,0,0,0.0,3,0,0,0,0,0
sparse,2,moderate,True,32,fixed,0,0,0,0,0.0,3,0,0,0,0,0
sparse,2,moderate,True,32,learned,0,0,0,0,0.0,3,0,0,0,0,0
sparse,2,moderate,False,33,poisson,2,0,0,0,0.0,3,0,1,0,1,0
sparse,2,moderate,False,33,fixed,2,2,0,0,0.0,3,1,1,1,1,1
sparse,2,moderate,False,33,learned,2,2,0,0,0.0,3,1,1,1,1,1
sparse,2,moderate,True,33,poisson,2,0,0,0,0.0,3,0,1,0,1,0
sparse,2,moderate,True,33,fixed,2,2,0,0,0.0,3,1,1,1,1,1
sparse,2,moderate,True,33,learned,2,2,0,0,0.0,3,1,1,1,1,1
sparse,2,moderate,False,34,poisson,2,2,0,0,0.0,3,1,1,1,1,1
sparse,2,moderate,False,34,fixed,2,2,0,0,0.0,3,1,1,1,1,1
sparse,2,moderate,False,34,learned,2,2,0,0,0.0,3,1,1,1,1,1
sparse,2,moderate,True,34,poisson,2,2,0,0,0.0,3,1,1,1,1,1
sparse,2,moderate,True,34,fixed,2,2,0,0,0.0,3,1,1,1,1,1
sparse,2,moderate,True,34,learned,2,2,0,0,0.0,3,1,1,1,1,1
sparse,2,moderate,False,35,poisson,0,0,0,0,0.0,3,0,0,0,0,0
sparse,2,moderate,False,35,fixed,0,0,0,0,0.0,3,0,0,0,0,0
sparse,2,moderate,False,35,learned,0,0,0,0,0.0,3,0,0,0,0,0
sparse,2,moderate,True,35,poisson,0,0,0,0,0.0,3,0,0,0,0,0
sparse,2,moderate,True,35,fixed,0,0,0,0,0.0,3,0,0,0,0,0
sparse,2,moderate,True,35,learned,0,0,0,0,0.0,3,0,0,0,0,0
sparse,2,moderate,False,36,poisson,4,4,0,0,0.0,3,2,2,2,2,2
sparse,2,moderate,False,36,fixed,4,4,0,0,0.0,3,2,2,2,2,2
sparse,2,moderate,False,36,learned,4,4,0,0,0.0,3,2,2,2,2,2
sparse,2,moderate,True,36,poisson,4,4,0,0,0.0,3,2,2,1,2,1
sparse,2,moderate,True,36,fixed,4,2,0,0,0.0,3,1,2,1,2,1
sparse,2,moderate,True,36,learned,4,2,0,0,0.0,3,1,2,1,2,1
sparse,2,moderate,False,37,poisson,0,0,0,0,0.0,3,0,0,0,0,0
sparse,2,moderate,False,37,fixed,0,0,0,0,0.0,3,0,0,0,0,0
sparse,2,moderate,False,37,learned,0,0,0,0,0.0,3,0,0,0,0,0
sparse,2,moderate,True,37,poisson,0,0,0,0,0.0,3,0,0,0,0,0
sparse,2,moderate,True,37,fixed,0,0,0,0,0.0,3,0,0,0,0,0
sparse,2,moderate,True,37,learned,0,0,0,0,0.0,3,0,0,0,0,0
sparse,2,moderate,False,38,poisson,0,0,0,0,0.0,3,0,0,0,0,0
sparse,2,moderate,False,38,fixed,0,0,0,0,0.0,3,0,0,0,0,0
sparse,2,moderate,False,38,learned,0,0,0,0,0.0,3,0,0,0,0,0
sparse,2,moderate,True,38,poisson,0,0,0,0,0.0,3,0,0,0,0,0
sparse,2,moderate,True,38,fixed,0,0,0,0,0.0,3,0,0,0,0,0
sparse,2,moderate,True,38,learned,0,0,0,0,0.0,3,0,0,0,0,0
sparse,2,moderate,False,39,poisson,0,0,0,0,0.0,3,0,0,0,0,0
sparse,2,moderate,False,39,fixed,0,0,0,0,0.0,3,0,0,0,0,0
sparse,2,moderate,False,39,learned,0,0,0,0,0.0,3,0,0,0,0,0
sparse,2,moderate,True,39,poisson,0,0,0,0,0.0,3,0,0,0,0,0
sparse,2,moderate,True,39,fixed,0,0,0,0,0.0,3,0,0,0,0,0
sparse,2,moderate,True,39,learned,0,0,0,0,0.0,3,0,0,0,0,0
sparse,2,moderate,False,40,poisson,0,0,0,0,0.0,3,0,0,0,0,0
sparse,2,moderate,False,40,fixed,0,0,0,0,0.0,3,0,0,0,0,0
sparse,2,moderate,False,40,learned,0,0,0,0,0.0,3,0,0,0,0,0
sparse,2,moderate,True,40,poisson,0,0,0,0,0.0,3,0,0,0,0,0
sparse,2,moderate,True,40,fixed,0,0,0,0,0.0,3,0,0,0,0,0
sparse,2,moderate,True,40,learned,0,0,0,0,0.0,3,0,0,0,0,0
sparse,2,moderate,False,41,poisson,2,0,0,0,0.0,3,0,1,0,1,0
sparse,2,moderate,False,41,fixed,2,2,0,0,0.0,3,1,1,1,1,1
sparse,2,moderate,False,41,learned,2,2,0,0,0.0,3,1,1,1,1,1
sparse,2,moderate,True,41,poisson,2,0,0,0,0.0,3,0,1,0,1,0
sparse,2,moderate,True,41,fixed,2,2,0,0,0.0,3,1,1,1,1,1
sparse,2,moderate,True,41,learned,2,2,0,0,0.0,3,1,1,1,1,1
sparse,2,moderate,False,42,poisson,0,0,0,0,0.0,3,0,0,0,0,0
sparse,2,moderate,False,42,fixed,0,0,0,0,0.0,3,0,0,0,0,0
sparse,2,moderate,False,42,learned,0,0,0,0,0.0,3,0,0,0,0,0
sparse,2,moderate,True,42,poisson,0,0,0,0,0.0,3,0,0,0,0,0
sparse,2,moderate,True,42,fixed,0,0,0,0,0.0,3,0,0,0,0,0
sparse,2,moderate,True,42,learned,0,0,0,0,0.0,3,0,0,0,0,0
sparse,2,moderate,False,43,poisson,0,0,0,0,0.0,3,0,0,0,0,0
sparse,2,moderate,False,43,fixed,0,0,0,0,0.0,3,0,0,0,0,0
sparse,2,moderate,False,43,learned,0,0,0,0,0.0,3,0,0,0,0,0
sparse,2,moderate,True,43,poisson,0,0,0,0,0.0,3,0,0,0,0,0
sparse,2,moderate,True,43,fixed,0,0,0,0,0.0,3,0,0,0,0,0
sparse,2,moderate,True,43,learned,0,0,0,0,0.0,3,0,0,0,0,0
sparse,2,moderate,False,44,poisson,0,0,0,0,0.0,3,0,0,0,0,0
sparse,2,moderate,False,44,fixed,0,0,0,0,0.0,3,0,0,0,0,0
sparse,2,moderate,False,44,learned,0,0,0,0,0.0,3,0,0,0,0,0
sparse,2,moderate,True,44,poisson,0,0,0,0,0.0,3,0,0,0,0,0
sparse,2,moderate,True,44,fixed,0,0,0,0,0.0,3,0,0,0,0,0
sparse,2,moderate,True,44,learned,0,0,0,0,0.0,3,0,0,0,0,0
sparse,2,moderate,False,45,poisson,0,0,0,0,0.0,3,0,0,0,0,0
sparse,2,moderate,False,45,fixed,0,0,0,0,0.0,3,0,0,0,0,0
sparse,2,moderate,False,45,learned,0,0,0,0,0.0,3,0,0,0,0,0
sparse,2,moderate,True,45,poisson,0,0,0,0,0.0,3,0,0,0,0,0
sparse,2,moderate,True,45,fixed,0,0,0,0,0.0,3,0,0,0,0,0
sparse,2,moderate,True,45,learned,0,0,0,0,0.0,3,0,0,0,0,0
sparse,2,moderate,False,46,poisson,0,0,0,0,0.0,3,0,0,0,0,0
sparse,2,moderate,False,46,fixed,0,0,0,0,0.0,3,0,0,0,0,0
sparse,2,moderate,False,46,learned,0,0,0,0,0.0,3,0,0,0,0,0
sparse,2,moderate,True,46,poisson,0,0,0,0,0.0,3,0,0,0,0,0
sparse,2,moderate,True,46,fixed,0,0,0,0,0.0,3,0,0,0,0,0
sparse,2,moderate,True,46,learned,0,0,0,0,0.0,3,0,0,0,0,0
sparse,2,moderate,False,47,poisson,0,0,0,0,0.0,3,0,0,0,0,0
sparse,2,moderate,False,47,fixed,0,0,0,0,0.0,3,0,0,0,0,0
sparse,2,moderate,False,47,learned,0,0,0,0,0.0,3,0,0,0,0,0
sparse,2,moderate,True,47,poisson,0,0,0,0,0.0,3,0,0,0,0,0
sparse,2,moderate,True,47,fixed,0,0,0,0,0.0,3,0,0,0,0,0
sparse,2,moderate,True,47,learned,0,0,0,0,0.0,3,0,0,0,0,0
sparse,2,moderate,False,48,poisson,0,0,0,0,0.0,3,0,0,0,0,0
sparse,2,moderate,False,48,fixed,0,0,0,0,0.0,3,0,0,0,0,0
sparse,2,moderate,False,48,learned,0,0,0,0,0.0,3,0,0,0,0,0
sparse,2,moderate,True,48,poisson,0,0,0,0,0.0,3,0,0,0,0,0
sparse,2,moderate,True,48,fixed,0,0,0,0,0.0,3,0,0,0,0,0
sparse,2,moderate,True,48,learned,0,0,0,0,0.0,3,0,0,0,0,0
sparse,2,moderate,False,49,poisson,0,0,0,0,0.0,3,0,0,0,0,0
sparse,2,moderate,False,49,fixed,0,0,0,0,0.0,3,0,0,0,0,0
sparse,2,moderate,False,49,learned,0,0,0,0,0.0,3,0,0,0,0,0
sparse,2,moderate,True,49,poisson,0,0,0,0,0.0,3,0,0,0,0,0
sparse,2,moderate,True,49,fixed,0,0,0,0,0.0,3,0,0,0,0,0
sparse,2,moderate,True,49,learned,0,0,0,0,0.0,3,0,0,0,0,0
sparse,2,moderate,False,50,poisson,0,0,0,0,0.0,3,0,0,0,0,0
sparse,2,moderate,False,50,fixed,0,0,0,0,0.0,3,0,0,0,0,0
sparse,2,moderate,False,50,learned,0,0,0,0,0.0,3,0,0,0,0,0
sparse,2,moderate,True,50,poisson,0,0,0,0,0.0,3,0,0,0,0,0
sparse,2,moderate,True,50,fixed,0,0,0,0,0.0,3,0,0,0,0,0
sparse,2,moderate,True,50,learned,0,0,0,0,0.0,3,0,0,0,0,0
sparse,2,moderate,False,51,poisson,0,0,0,0,0.0,3,0,0,0,0,0
sparse,2,moderate,False,51,fixed,0,0,0,0,0.0,3,0,0,0,0,0
sparse,2,moderate,False,51,learned,0,0,0,0,0.0,3,0,0,0,0,0
sparse,2,moderate,True,51,poisson,0,0,0,0,0.0,3,0,0,0,0,0
sparse,2,moderate,True,51,fixed,0,0,0,0,0.0,3,0,0,0,0,0
sparse,2,moderate,True,51,learned,0,0,0,0,0.0,3,0,0,0,0,0
sparse,2,moderate,False,52,poisson,0,0,0,0,0.0,3,0,0,0,0,0
sparse,2,moderate,False,52,fixed,0,0,0,0,0.0,3,0,0,0,0,0
sparse,2,moderate,False,52,learned,0,0,0,0,0.0,3,0,0,0,0,0
sparse,2,moderate,True,52,poisson,0,0,0,0,0.0,3,0,0,0,0,0
sparse,2,moderate,True,52,fixed,0,0,0,0,0.0,3,0,0,0,0,0
sparse,2,moderate,True,52,learned,0,0,0,0,0.0,3,0,0,0,0,0
sparse,2,moderate,False,53,poisson,0,0,0,0,0.0,3,0,0,0,0,0
sparse,2,moderate,False,53,fixed,0,0,0,0,0.0,3,0,0,0,0,0
sparse,2,moderate,False,53,learned,0,0,0,0,0.0,3,0,0,0,0,0
sparse,2,moderate,True,53,poisson,0,0,0,0,0.0,3,0,0,0,0,0
sparse,2,moderate,True,53,fixed,0,0,0,0,0.0,3,0,0,0,0,0
sparse,2,moderate,True,53,learned,0,0,0,0,0.0,3,0,0,0,0,0
sparse,2,moderate,False,54,poisson,0,0,0,0,0.0,3,0,0,0,0,0
sparse,2,moderate,False,54,fixed,0,0,0,0,0.0,3,0,0,0,0,0
sparse,2,moderate,False,54,learned,0,0,0,0,0.0,3,0,0,0,0,0
sparse,2,moderate,True,54,poisson,0,0,0,0,0.0,3,0,0,0,0,0
sparse,2,moderate,True,54,fixed,0,0,0,0,0.0,3,0,0,0,0,0
sparse,2,moderate,True,54,learned,0,0,0,0,0.0,3,0,0,0,0,0
sparse,2,moderate,False,55,poisson,0,0,0,0,0.0,3,0,0,0,0,0
sparse,2,moderate,False,55,fixed,0,0,0,0,0.0,3,0,0,0,0,0
sparse,2,moderate,False,55,learned,0,0,0,0,0.0,3,0,0,0,0,0
sparse,2,moderate,True,55,poisson,0,0,0,0,0.0,3,0,0,0,0,0
sparse,2,moderate,True,55,fixed,0,0,0,0,0.0,3,0,0,0,0,0
sparse,2,moderate,True,55,learned,0,0,0,0,0.0,3,0,0,0,0,0
sparse,2,moderate,False,56,poisson,0,0,0,0,0.0,3,0,0,0,0,0
sparse,2,moderate,False,56,fixed,0,0,0,0,0.0,3,0,0,0,0,0
sparse,2,moderate,False,56,learned,0,0,0,0,0.0,3,0,0,0,0,0
sparse,2,moderate,True,56,poisson,0,0,0,0,0.0,3,0,0,0,0,0
sparse,2,moderate,True,56,fixed,0,0,0,0,0.0,3,0,0,0,0,0
sparse,2,moderate,True,56,learned,0,0,0,0,0.0,3,0,0,0,0,0
sparse,2,moderate,False,57,poisson,0,0,0,0,0.0,3,0,0,0,0,0
sparse,2,moderate,False,57,fixed,0,0,0,0,0.0,3,0,0,0,0,0
sparse,2,moderate,False,57,learned,0,0,0,0,0.0,3,0,0,0,0,0
sparse,2,moderate,True,57,poisson,0,0,0,0,0.0,3,0,0,0,0,0
sparse,2,moderate,True,57,fixed,0,0,0,0,0.0,3,0,0,0,0,0
sparse,2,moderate,True,57,learned,0,0,0,0,0.0,3,0,0,0,0,0
sparse,2,moderate,False,58,poisson,4,0,0,0,0.0,3,0,2,0,2,0
sparse,2,moderate,False,58,fixed,4,4,0,0,0.0,3,2,2,2,2,2
sparse,2,moderate,False,58,learned,4,4,0,0,0.0,3,2,2,2,2,2
sparse,2,moderate,True,58,poisson,4,0,0,0,0.0,3,0,2,0,2,0
sparse,2,moderate,True,58,fixed,4,4,0,0,0.0,3,2,2,2,2,2
sparse,2,moderate,True,58,learned,4,4,0,0,0.0,3,2,2,2,2,2
sparse,2,moderate,False,59,poisson,2,0,0,0,0.0,3,0,1,0,1,0
sparse,2,moderate,False,59,fixed,2,2,0,0,0.0,3,1,1,1,1,1
sparse,2,moderate,False,59,learned,2,2,0,0,0.0,3,1,1,1,1,1
sparse,2,moderate,True,59,poisson,2,0,0,0,0.0,3,0,1,0,1,0
sparse,2,moderate,True,59,fixed,2,2,0,0,0.0,3,1,1,1,1,1
sparse,2,moderate,True,59,learned,2,2,0,0,0.0,3,1,1,1,1,1
sparse,2,moderate,False,60,poisson,0,0,0,0,0.0,3,0,0,0,0,0
sparse,2,moderate,False,60,fixed,0,0,0,0,0.0,3,0,0,0,0,0
sparse,2,moderate,False,60,learned,0,0,0,0,0.0,3,0,0,0,0,0
sparse,2,moderate,True,60,poisson,0,0,0,0,0.0,3,0,0,0,0,0
sparse,2,moderate,True,60,fixed,0,0,0,0,0.0,3,0,0,0,0,0
sparse,2,moderate,True,60,learned,0,0,0,0,0.0,3,0,0,0,0,0
sparse,2,moderate,False,61,poisson,0,0,0,0,0.0,3,0,0,0,0,0
sparse,2,moderate,False,61,fixed,0,0,0,0,0.0,3,0,0,0,0,0
sparse,2,moderate,False,61,learned,0,0,0,0,0.0,3,0,0,0,0,0
sparse,2,moderate,True,61,poisson,0,0,0,0,0.0,3,0,0,0,0,0
sparse,2,moderate,True,61,fixed,0,0,0,0,0.0,3,0,0,0,0,0
sparse,2,moderate,True,61,learned,0,0,0,0,0.0,3,0,0,0,0,0
sparse,2,moderate,False,62,poisson,0,0,0,0,0.0,3,0,0,0,0,0
sparse,2,moderate,False,62,fixed,0,0,0,0,0.0,3,0,0,0,0,0
sparse,2,moderate,False,62,learned,0,0,0,0,0.0,3,0,0,0,0,0
sparse,2,moderate,True,62,poisson,0,0,0,0,0.0,3,0,0,0,0,0
sparse,2,moderate,True,62,fixed,0,0,0,0,0.0,3,0,0,0,0,0
sparse,2,moderate,True,62,learned,0,0,0,0,0.0,3,0,0,0,0,0
sparse,2,moderate,False,63,poisson,0,0,0,0,0.0,3,0,0,0,0,0
sparse,2,moderate,False,63,fixed,0,0,0,0,0.0,3,0,0,0,0,0
sparse,2,moderate,False,63,learned,0,0,0,0,0.0,3,0,0,0,0,0
sparse,2,moderate,True,63,poisson,0,0,0,0,0.0,3,0,0,0,0,0
sparse,2,moderate,True,63,fixed,0,0,0,0,0.0,3,0,0,0,0,0
sparse,2,moderate,True,63,learned,0,0,0,0,0.0,3,0,0,0,0,0
sparse,2,moderate,False,64,poisson,0,0,0,0,0.0,3,0,0,0,0,0
sparse,2,moderate,False,64,fixed,0,0,0,0,0.0,3,0,0,0,0,0
sparse,2,moderate,False,64,learned,0,0,0,0,0.0,3,0,0,0,0,0
sparse,2,moderate,True,64,poisson,0,0,0,0,0.0,3,0,0,0,0,0
sparse,2,moderate,True,64,fixed,0,0,0,0,0.0,3,0,0,0,0,0
sparse,2,moderate,True,64,learned,0,0,0,0,0.0,3,0,0,0,0,0
sparse,2,moderate,False,65,poisson,0,0,0,0,0.0,3,0,0,0,0,0
sparse,2,moderate,False,65,fixed,0,0,0,0,0.0,3,0,0,0,0,0
sparse,2,moderate,False,65,learned,0,0,0,0,0.0,3,0,0,0,0,0
sparse,2,moderate,True,65,poisson,0,0,0,0,0.0,3,0,0,0,0,0
sparse,2,moderate,True,65,fixed,0,0,0,0,0.0,3,0,0,0,0,0
sparse,2,moderate,True,65,learned,0,0,0,0,0.0,3,0,0,0,0,0
sparse,2,moderate,False,66,poisson,0,0,0,0,0.0,3,0,0,0,0,0
sparse,2,moderate,False,66,fixed,0,0,0,0,0.0,3,0,0,0,0,0
sparse,2,moderate,False,66,learned,0,0,0,0,0.0,3,0,0,0,0,0
sparse,2,moderate,True,66,poisson,0,0,0,0,0.0,3,0,0,0,0,0
sparse,2,moderate,True,66,fixed,0,0,0,0,0.0,3,0,0,0,0,0
sparse,2,moderate,True,66,learned,0,0,0,0,0.0,3,0,0,0,0,0
sparse,2,moderate,False,67,poisson,4,4,0,0,0.0,3,2,2,2,2,2
sparse,2,moderate,False,67,fixed,4,4,0,0,0.0,3,2,2,2,2,2
sparse,2,moderate,False,67,learned,4,4,0,0,0.0,3,2,2,2,2,2
sparse,2,moderate,True,67,poisson,4,4,0,0,0.0,3,2,2,2,2,2
sparse,2,moderate,True,67,fixed,4,4,0,0,0.0,3,2,2,2,2,2
sparse,2,moderate,True,67,learned,4,4,0,0,0.0,3,2,2,2,2,2
sparse,2,moderate,False,68,poisson,2,0,0,0,0.0,3,0,1,0,1,0
sparse,2,moderate,False,68,fixed,2,2,0,0,0.0,3,1,1,1,1,1
sparse,2,moderate,False,68,learned,2,2,0,0,0.0,3,1,1,1,1,1
sparse,2,moderate,True,68,poisson,2,0,0,0,0.0,3,0,1,0,1,0
sparse,2,moderate,True,68,fixed,2,2,0,0,0.0,3,1,1,1,1,1
sparse,2,moderate,True,68,learned,2,2,0,0,0.0,3,1,1,1,1,1
sparse,2,moderate,False,69,poisson,0,0,0,0,0.0,3,0,0,0,0,0
sparse,2,moderate,False,69,fixed,0,0,0,0,0.0,3,0,0,0,0,0
sparse,2,moderate,False,69,learned,0,0,0,0,0.0,3,0,0,0,0,0
sparse,2,moderate,True,69,poisson,0,0,0,0,0.0,3,0,0,0,0,0
sparse,2,moderate,True,69,fixed,0,0,0,0,0.0,3,0,0,0,0,0
sparse,2,moderate,True,69,learned,0,0,0,0,0.0,3,0,0,0,0,0
sparse,2,moderate,False,70,poisson,0,0,0,0,0.0,3,0,0,0,0,0
sparse,2,moderate,False,70,fixed,0,0,0,0,0.0,3,0,0,0,0,0
sparse,2,moderate,False,70,learned,0,0,0,0,0.0,3,0,0,0,0,0
sparse,2,moderate,True,70,poisson,0,0,0,0,0.0,3,0,0,0,0,0
sparse,2,moderate,True,70,fixed,0,0,0,0,0.0,3,0,0,0,0,0
sparse,2,moderate,True,70,learned,0,0,0,0,0.0,3,0,0,0,0,0
sparse,2,moderate,False,71,poisson,2,2,0,0,0.0,3,1,1,1,1,1
sparse,2,moderate,False,71,fixed,2,2,0,0,0.0,3,1,1,1,1,1
sparse,2,moderate,False,71,learned,2,2,0,0,0.0,3,1,1,1,1,1
sparse,2,moderate,True,71,poisson,2,2,0,0,0.0,3,1,1,1,1,1
sparse,2,moderate,True,71,fixed,2,2,0,0,0.0,3,1,1,1,1,1
sparse,2,moderate,True,71,learned,2,2,0,0,0.0,3,1,1,1,1,1
sparse,2,moderate,False,72,poisson,0,0,0,0,0.0,3,0,0,0,0,0
sparse,2,moderate,False,72,fixed,0,0,0,0,0.0,3,0,0,0,0,0
sparse,2,moderate,False,72,learned,0,0,0,0,0.0,3,0,0,0,0,0
sparse,2,moderate,True,72,poisson,0,0,0,0,0.0,3,0,0,0,0,0
sparse,2,moderate,True,72,fixed,0,0,0,0,0.0,3,0,0,0,0,0
sparse,2,moderate,True,72,learned,0,0,0,0,0.0,3,0,0,0,0,0
sparse,2,moderate,False,73,poisson,0,0,0,0,0.0,3,0,0,0,0,0
sparse,2,moderate,False,73,fixed,0,0,0,0,0.0,3,0,0,0,0,0
sparse,2,moderate,False,73,learned,0,0,0,0,0.0,3,0,0,0,0,0
sparse,2,moderate,True,73,poisson,0,0,0,0,0.0,3,0,0,0,0,0
sparse,2,moderate,True,73,fixed,0,0,0,0,0.0,3,0,0,0,0,0
sparse,2,moderate,True,73,learned,0,0,0,0,0.0,3,0,0,0,0,0
sparse,2,moderate,False,74,poisson,0,0,0,0,0.0,3,0,0,0,0,0
sparse,2,moderate,False,74,fixed,0,0,0,0,0.0,3,0,0,0,0,0
sparse,2,moderate,False,74,learned,0,0,0,0,0.0,3,0,0,0,0,0
sparse,2,moderate,True,74,poisson,0,0,0,0,0.0,3,0,0,0,0,0
sparse,2,moderate,True,74,fixed,0,0,0,0,0.0,3,0,0,0,0,0
sparse,2,moderate,True,74,learned,0,0,0,0,0.0,3,0,0,0,0,0
sparse,2,moderate,False,75,poisson,0,0,0,0,0.0,3,0,0,0,0,0
sparse,2,moderate,False,75,fixed,0,0,0,0,0.0,3,0,0,0,0,0
sparse,2,moderate,False,75,learned,0,0,0,0,0.0,3,0,0,0,0,0
sparse,2,moderate,True,75,poisson,0,0,0,0,0.0,3,0,0,0,0,0
sparse,2,moderate,True,75,fixed,0,0,0,0,0.0,3,0,0,0,0,0
sparse,2,moderate,True,75,learned,0,0,0,0,0.0,3,0,0,0,0,0
sparse,2,moderate,False,76,poisson,0,0,0,0,0.0,3,0,0,0,0,0
sparse,2,moderate,False,76,fixed,0,0,0,0,0.0,3,0,0,0,0,0
sparse,2,moderate,False,76,learned,0,0,0,0,0.0,3,0,0,0,0,0
sparse,2,moderate,True,76,poisson,0,0,0,0,0.0,3,0,0,0,0,0
sparse,2,moderate,True,76,fixed,0,0,0,0,0.0,3,0,0,0,0,0
sparse,2,moderate,True,76,learned,0,0,0,0,0.0,3,0,0,0,0,0
sparse,2,moderate,False,77,poisson,0,0,0,0,0.0,3,0,0,0,0,0
sparse,2,moderate,False,77,fixed,0,0,0,0,0.0,3,0,0,0,0,0
sparse,2,moderate,False,77,learned,0,0,0,0,0.0,3,0,0,0,0,0
sparse,2,moderate,True,77,poisson,0,0,0,0,0.0,3,0,0,0,0,0
sparse,2,moderate,True,77,fixed,0,0,0,0,0.0,3,0,0,0,0,0
sparse,2,moderate,True,77,learned,0,0,0,0,0.0,3,0,0,0,0,0
sparse,2,moderate,False,78,poisson,0,0,0,0,0.0,3,0,0,0,0,0
sparse,2,moderate,False,78,fixed,0,0,0,0,0.0,3,0,0,0,0,0
sparse,2,moderate,False,78,learned,0,0,0,0,0.0,3,0,0,0,0,0
sparse,2,moderate,True,78,poisson,0,0,0,0,0.0,3,0,0,0,0,0
sparse,2,moderate,True,78,fixed,0,0,0,0,0.0,3,0,0,0,0,0
sparse,2,moderate,True,78,learned,0,0,0,0,0.0,3,0,0,0,0,0
sparse,2,moderate,False,79,poisson,0,0,0,0,0.0,3,0,0,0,0,0
sparse,2,moderate,False,79,fixed,0,0,0,0,0.0,3,0,0,0,0,0
sparse,2,moderate,False,79,learned,0,0,0,0,0.0,3,0,0,0,0,0
sparse,2,moderate,True,79,poisson,0,0,0,0,0.0,3,0,0,0,0,0
sparse,2,moderate,True,79,fixed,0,0,0,0,0.0,3,0,0,0,0,0
sparse,2,moderate,True,79,learned,0,0,0,0,0.0,3,0,0,0,0,0
sparse,2,moderate,False,80,poisson,0,0,0,0,0.0,3,0,0,0,0,0
sparse,2,moderate,False,80,fixed,0,0,0,0,0.0,3,0,0,0,0,0
sparse,2,moderate,False,80,learned,0,0,0,0,0.0,3,0,0,0,0,0
sparse,2,moderate,True,80,poisson,0,0,0,0,0.0,3,0,0,0,0,0
sparse,2,moderate,True,80,fixed,0,0,0,0,0.0,3,0,0,0,0,0
sparse,2,moderate,True,80,learned,0,0,0,0,0.0,3,0,0,0,0,0
sparse,2,moderate,False,81,poisson,0,0,0,0,0.0,3,0,0,0,0,0
sparse,2,moderate,False,81,fixed,0,0,0,0,0.0,3,0,0,0,0,0
sparse,2,moderate,False,81,learned,0,0,0,0,0.0,3,0,0,0,0,0
sparse,2,moderate,True,81,poisson,0,0,0,0,0.0,3,0,0,0,0,0
sparse,2,moderate,True,81,fixed,0,0,0,0,0.0,3,0,0,0,0,0
sparse,2,moderate,True,81,learned,0,0,0,0,0.0,3,0,0,0,0,0
sparse,2,moderate,False,82,poisson,0,0,0,0,0.0,3,0,0,0,0,0
sparse,2,moderate,False,82,fixed,0,0,0,0,0.0,3,0,0,0,0,0
sparse,2,moderate,False,82,learned,0,0,0,0,0.0,3,0,0,0,0,0
sparse,2,moderate,True,82,poisson,0,0,0,0,0.0,3,0,0,0,0,0
sparse,2,moderate,True,82,fixed,0,0,0,0,0.0,3,0,0,0,0,0
sparse,2,moderate,True,82,learned,0,0,0,0,0.0,3,0,0,0,0,0
sparse,2,moderate,False,83,poisson,2,2,0,0,0.0,3,1,1,1,1,1
sparse,2,moderate,False,83,fixed,2,2,0,0,0.0,3,1,1,1,1,1
sparse,2,moderate,False,83,learned,2,2,0,0,0.0,3,1,1,1,1,1
sparse,2,moderate,True,83,poisson,2,2,0,0,0.0,3,1,1,0,1,0
sparse,2,moderate,True,83,fixed,2,0,0,0,0.0,3,0,1,0,1,0
sparse,2,moderate,True,83,learned,2,0,0,0,0.0,3,0,1,0,1,0
sparse,2,moderate,False,84,poisson,2,2,0,0,0.0,3,1,1,1,1,1
sparse,2,moderate,False,84,fixed,2,2,0,0,0.0,3,1,1,1,1,1
sparse,2,moderate,False,84,learned,2,2,0,0,0.0,3,1,1,1,1,1
sparse,2,moderate,True,84,poisson,2,2,0,0,0.0,3,1,1,0,1,0
sparse,2,moderate,True,84,fixed,2,0,0,0,0.0,3,0,1,0,1,0
sparse,2,moderate,True,84,learned,2,0,0,0,0.0,3,0,1,0,1,0
sparse,2,moderate,False,85,poisson,0,0,0,0,0.0,3,0,0,0,0,0
sparse,2,moderate,False,85,fixed,0,0,0,0,0.0,3,0,0,0,0,0
sparse,2,moderate,False,85,learned,0,0,0,0,0.0,3,0,0,0,0,0
sparse,2,moderate,True,85,poisson,0,0,0,0,0.0,3,0,0,0,0,0
sparse,2,moderate,True,85,fixed,0,0,0,0,0.0,3,0,0,0,0,0
sparse,2,moderate,True,85,learned,0,0,0,0,0.0,3,0,0,0,0,0
sparse,2,moderate,False,86,poisson,0,0,0,0,0.0,3,0,0,0,0,0
sparse,2,moderate,False,86,fixed,0,0,0,0,0.0,3,0,0,0,0,0
sparse,2,moderate,False,86,learned,0,0,0,0,0.0,3,0,0,0,0,0
sparse,2,moderate,True,86,poisson,0,0,0,0,0.0,3,0,0,0,0,0
sparse,2,moderate,True,86,fixed,0,0,0,0,0.0,3,0,0,0,0,0
sparse,2,moderate,True,86,learned,0,0,0,0,0.0,3,0,0,0,0,0
sparse,2,moderate,False,87,poisson,0,0,0,0,0.0,3,0,0,0,0,0
sparse,2,moderate,False,87,fixed,0,0,0,0,0.0,3,0,0,0,0,0
sparse,2,moderate,False,87,learned,0,0,0,0,0.0,3,0,0,0,0,0
sparse,2,moderate,True,87,poisson,0,0,0,0,0.0,3,0,0,0,0,0
sparse,2,moderate,True,87,fixed,0,0,0,0,0.0,3,0,0,0,0,0
sparse,2,moderate,True,87,learned,0,0,0,0,0.0,3,0,0,0,0,0
sparse,2,moderate,False,88,poisson,0,0,0,0,0.0,3,0,0,0,0,0
sparse,2,moderate,False,88,fixed,0,0,0,0,0.0,3,0,0,0,0,0
sparse,2,moderate,False,88,learned,0,0,0,0,0.0,3,0,0,0,0,0
sparse,2,moderate,True,88,poisson,0,0,0,0,0.0,3,0,0,0,0,0
sparse,2,moderate,True,88,fixed,0,0,0,0,0.0,3,0,0,0,0,0
sparse,2,moderate,True,88,learned,0,0,0,0,0.0,3,0,0,0,0,0
sparse,2,moderate,False,89,poisson,0,0,0,0,0.0,3,0,0,0,1,0
sparse,2,moderate,False,89,fixed,0,0,0,0,0.0,3,0,0,0,1,0
sparse,2,moderate,False,89,learned,0,0,0,0,0.0,3,0,0,0,1,0
sparse,2,moderate,True,89,poisson,0,0,0,0,0.0,3,0,0,0,1,0
sparse,2,moderate,True,89,fixed,0,0,0,0,0.0,3,0,0,0,1,0
sparse,2,moderate,True,89,learned,0,0,0,0,0.0,3,0,0,0,1,0
sparse,2,moderate,False,90,poisson,0,0,0,0,0.0,3,0,0,0,0,0
sparse,2,moderate,False,90,fixed,0,0,0,0,0.0,3,0,0,0,0,0
sparse,2,moderate,False,90,learned,0,0,0,0,0.0,3,0,0,0,0,0
sparse,2,moderate,True,90,poisson,0,0,0,0,0.0,3,0,0,0,0,0
sparse,2,moderate,True,90,fixed,0,0,0,0,0.0,3,0,0,0,0,0
sparse,2,moderate,True,90,learned,0,0,0,0,0.0,3,0,0,0,0,0
sparse,2,moderate,False,91,poisson,0,0,0,0,0.0,3,0,0,0,0,0
sparse,2,moderate,False,91,fixed,0,0,0,0,0.0,3,0,0,0,0,0
sparse,2,moderate,False,91,learned,0,0,0,0,0.0,3,0,0,0,0,0
sparse,2,moderate,True,91,poisson,0,0,0,0,0.0,3,0,0,0,0,0
sparse,2,moderate,True,91,fixed,0,0,0,0,0.0,3,0,0,0,0,0
sparse,2,moderate,True,91,learned,0,0,0,0,0.0,3,0,0,0,0,0
sparse,2,moderate,False,92,poisson,2,0,0,0,0.0,3,0,1,0,1,0
sparse,2,moderate,False,92,fixed,2,2,0,0,0.0,3,1,1,1,1,1
sparse,2,moderate,False,92,learned,2,2,0,0,0.0,3,1,1,1,1,1
sparse,2,moderate,True,92,poisson,2,0,0,0,0.0,3,0,1,0,1,0
sparse,2,moderate,True,92,fixed,2,0,0,0,0.0,3,0,1,0,1,0
sparse,2,moderate,True,92,learned,2,0,0,0,0.0,3,0,1,0,1,0
sparse,2,moderate,False,93,poisson,0,0,0,0,0.0,3,0,0,0,0,0
sparse,2,moderate,False,93,fixed,0,0,0,0,0.0,3,0,0,0,0,0
sparse,2,moderate,False,93,learned,0,0,0,0,0.0,3,0,0,0,0,0
sparse,2,moderate,True,93,poisson,0,0,0,0,0.0,3,0,0,0,0,0
sparse,2,moderate,True,93,fixed,0,0,0,0,0.0,3,0,0,0,0,0
sparse,2,moderate,True,93,learned,0,0,0,0,0.0,3,0,0,0,0,0
sparse,2,moderate,False,94,poisson,2,2,0,0,0.0,3,1,1,1,1,1
sparse,2,moderate,False,94,fixed,2,2,0,0,0.0,3,1,1,1,1,1
sparse,2,moderate,False,94,learned,2,2,0,0,0.0,3,1,1,1,1,1
sparse,2,moderate,True,94,poisson,2,2,0,0,0.0,3,1,1,1,1,1
sparse,2,moderate,True,94,fixed,2,2,0,0,0.0,3,1,1,1,1,1
sparse,2,moderate,True,94,learned,2,2,0,0,0.0,3,1,1,1,1,1
sparse,2,moderate,False,95,poisson,0,0,0,0,0.0,3,0,0,0,0,0
sparse,2,moderate,False,95,fixed,0,0,0,0,0.0,3,0,0,0,0,0
sparse,2,moderate,False,95,learned,0,0,0,0,0.0,3,0,0,0,0,0
sparse,2,moderate,True,95,poisson,0,0,0,0,0.0,3,0,0,0,0,0
sparse,2,moderate,True,95,fixed,0,0,0,0,0.0,3,0,0,0,0,0
sparse,2,moderate,True,95,learned,0,0,0,0,0.0,3,0,0,0,0,0
sparse,2,moderate,False,96,poisson,0,0,0,0,0.0,3,0,0,0,0,0
sparse,2,moderate,False,96,fixed,0,0,0,0,0.0,3,0,0,0,0,0
sparse,2,moderate,False,96,learned,0,0,0,0,0.0,3,0,0,0,0,0
sparse,2,moderate,True,96,poisson,0,0,0,0,0.0,3,0,0,0,0,0
sparse,2,moderate,True,96,fixed,0,0,0,0,0.0,3,0,0,0,0,0
sparse,2,moderate,True,96,learned,0,0,0,0,0.0,3,0,0,0,0,0
sparse,2,moderate,False,97,poisson,0,0,0,0,0.0,3,0,0,0,0,0
sparse,2,moderate,False,97,fixed,0,0,0,0,0.0,3,0,0,0,0,0
sparse,2,moderate,False,97,learned,0,0,0,0,0.0,3,0,0,0,0,0
sparse,2,moderate,True,97,poisson,0,0,0,0,0.0,3,0,0,0,0,0
sparse,2,moderate,True,97,fixed,0,0,0,0,0.0,3,0,0,0,0,0
sparse,2,moderate,True,97,learned,0,0,0,0,0.0,3,0,0,0,0,0
sparse,2,moderate,False,98,poisson,0,0,0,0,0.0,3,0,0,0,0,0
sparse,2,moderate,False,98,fixed,0,0,0,0,0.0,3,0,0,0,0,0
sparse,2,moderate,False,98,learned,0,0,0,0,0.0,3,0,0,0,0,0
sparse,2,moderate,True,98,poisson,0,0,0,0,0.0,3,0,0,0,0,0
sparse,2,moderate,True,98,fixed,0,0,0,0,0.0,3,0,0,0,0,0
sparse,2,moderate,True,98,learned,0,0,0,0,0.0,3,0,0,0,0,0
sparse,2,moderate,False,99,poisson,0,0,0,0,0.0,3,0,0,0,1,0
sparse,2,moderate,False,99,fixed,0,0,0,0,0.0,3,0,0,0,1,0
sparse,2,moderate,False,99,learned,0,0,0,0,0.0,3,0,0,0,1,0
sparse,2,moderate,True,99,poisson,0,0,0,0,0.0,3,0,0,0,1,0
sparse,2,moderate,True,99,fixed,0,0,0,0,0.0,3,0,0,0,1,0
sparse,2,moderate,True,99,learned,0,0,0,0,0.0,3,0,0,0,1,0
sparse,2,heterogeneous,False,0,poisson,0,0,0,0,0.0,3,0,0,0,0,0
sparse,2,heterogeneous,False,0,fixed,0,0,0,0,0.0,3,0,0,0,0,0
sparse,2,heterogeneous,False,0,learned,0,0,0,0,0.0,3,0,0,0,0,0
sparse,2,heterogeneous,True,0,poisson,0,0,0,0,0.0,3,0,0,0,0,0
sparse,2,heterogeneous,True,0,fixed,0,0,0,0,0.0,3,0,0,0,0,0
sparse,2,heterogeneous,True,0,learned,0,0,0,0,0.0,3,0,0,0,0,0
sparse,2,heterogeneous,False,1,poisson,0,0,0,0,0.0,3,0,0,0,0,0
sparse,2,heterogeneous,False,1,fixed,0,0,0,0,0.0,3,0,0,0,0,0
sparse,2,heterogeneous,False,1,learned,0,0,0,0,0.0,3,0,0,0,0,0
sparse,2,heterogeneous,True,1,poisson,0,0,0,0,0.0,3,0,0,0,0,0
sparse,2,heterogeneous,True,1,fixed,0,0,0,0,0.0,3,0,0,0,0,0
sparse,2,heterogeneous,True,1,learned,0,0,0,0,0.0,3,0,0,0,0,0
sparse,2,heterogeneous,False,2,poisson,0,0,0,0,0.0,3,0,0,0,0,0
sparse,2,heterogeneous,False,2,fixed,0,0,0,0,0.0,3,0,0,0,0,0
sparse,2,heterogeneous,False,2,learned,0,0,0,0,0.0,3,0,0,0,0,0
sparse,2,heterogeneous,True,2,poisson,0,0,0,0,0.0,3,0,0,0,0,0
sparse,2,heterogeneous,True,2,fixed,0,0,0,0,0.0,3,0,0,0,0,0
sparse,2,heterogeneous,True,2,learned,0,0,0,0,0.0,3,0,0,0,0,0
sparse,2,heterogeneous,False,3,poisson,0,0,0,0,0.0,3,0,0,0,0,0
sparse,2,heterogeneous,False,3,fixed,0,0,0,0,0.0,3,0,0,0,0,0
sparse,2,heterogeneous,False,3,learned,0,0,0,0,0.0,3,0,0,0,0,0
sparse,2,heterogeneous,True,3,poisson,0,0,0,0,0.0,3,0,0,0,0,0
sparse,2,heterogeneous,True,3,fixed,0,0,0,0,0.0,3,0,0,0,0,0
sparse,2,heterogeneous,True,3,learned,0,0,0,0,0.0,3,0,0,0,0,0
sparse,2,heterogeneous,False,4,poisson,0,0,0,0,0.0,3,0,0,0,0,0
sparse,2,heterogeneous,False,4,fixed,0,0,0,0,0.0,3,0,0,0,0,0
sparse,2,heterogeneous,False,4,learned,0,0,0,0,0.0,3,0,0,0,0,0
sparse,2,heterogeneous,True,4,poisson,0,0,0,0,0.0,3,0,0,0,0,0
sparse,2,heterogeneous,True,4,fixed,0,0,0,0,0.0,3,0,0,0,0,0
sparse,2,heterogeneous,True,4,learned,0,0,0,0,0.0,3,0,0,0,0,0
sparse,2,heterogeneous,False,5,poisson,0,0,0,0,0.0,3,0,1,0,1,0
sparse,2,heterogeneous,False,5,fixed,0,0,0,0,0.0,3,0,1,0,1,0
sparse,2,heterogeneous,False,5,learned,0,0,0,0,0.0,3,0,1,0,1,0
sparse,2,heterogeneous,True,5,poisson,0,0,0,0,0.0,3,0,1,0,1,0
sparse,2,heterogeneous,True,5,fixed,0,0,0,0,0.0,3,0,1,0,1,0
sparse,2,heterogeneous,True,5,learned,0,0,0,0,0.0,3,0,1,0,1,0
sparse,2,heterogeneous,False,6,poisson,0,0,0,0,0.0,3,0,0,0,0,0
sparse,2,heterogeneous,False,6,fixed,0,0,0,0,0.0,3,0,0,0,0,0
sparse,2,heterogeneous,False,6,learned,0,0,0,0,0.0,3,0,0,0,0,0
sparse,2,heterogeneous,True,6,poisson,0,0,0,0,0.0,3,0,0,0,0,0
sparse,2,heterogeneous,True,6,fixed,0,0,0,0,0.0,3,0,0,0,0,0
sparse,2,heterogeneous,True,6,learned,0,0,0,0,0.0,3,0,0,0,0,0
sparse,2,heterogeneous,False,7,poisson,0,0,0,0,0.0,3,0,0,0,0,0
sparse,2,heterogeneous,False,7,fixed,0,0,0,0,0.0,3,0,0,0,0,0
sparse,2,heterogeneous,False,7,learned,0,0,0,0,0.0,3,0,0,0,0,0
sparse,2,heterogeneous,True,7,poisson,0,0,0,0,0.0,3,0,0,0,0,0
sparse,2,heterogeneous,True,7,fixed,0,0,0,0,0.0,3,0,0,0,0,0
sparse,2,heterogeneous,True,7,learned,0,0,0,0,0.0,3,0,0,0,0,0
sparse,2,heterogeneous,False,8,poisson,0,0,0,0,0.0,3,0,0,0,0,0
sparse,2,heterogeneous,False,8,fixed,0,0,0,0,0.0,3,0,0,0,0,0
sparse,2,heterogeneous,False,8,learned,0,0,0,0,0.0,3,0,0,0,0,0
sparse,2,heterogeneous,True,8,poisson,0,0,0,0,0.0,3,0,0,0,0,0
sparse,2,heterogeneous,True,8,fixed,0,0,0,0,0.0,3,0,0,0,0,0
sparse,2,heterogeneous,True,8,learned,0,0,0,0,0.0,3,0,0,0,0,0
sparse,2,heterogeneous,False,9,poisson,0,0,0,0,0.0,3,0,0,0,0,0
sparse,2,heterogeneous,False,9,fixed,0,0,0,0,0.0,3,0,0,0,0,0
sparse,2,heterogeneous,False,9,learned,0,0,0,0,0.0,3,0,0,0,0,0
sparse,2,heterogeneous,True,9,poisson,0,0,0,0,0.0,3,0,0,0,0,0
sparse,2,heterogeneous,True,9,fixed,0,0,0,0,0.0,3,0,0,0,0,0
sparse,2,heterogeneous,True,9,learned,0,0,0,0,0.0,3,0,0,0,0,0
sparse,2,heterogeneous,False,10,poisson,0,0,0,0,0.0,3,0,0,0,0,0
sparse,2,heterogeneous,False,10,fixed,0,0,0,0,0.0,3,0,0,0,0,0
sparse,2,heterogeneous,False,10,learned,0,0,0,0,0.0,3,0,0,0,0,0
sparse,2,heterogeneous,True,10,poisson,0,0,0,0,0.0,3,0,0,0,0,0
sparse,2,heterogeneous,True,10,fixed,0,0,0,0,0.0,3,0,0,0,0,0
sparse,2,heterogeneous,True,10,learned,0,0,0,0,0.0,3,0,0,0,0,0
sparse,2,heterogeneous,False,11,poisson,0,0,0,0,0.0,3,0,0,0,0,0
sparse,2,heterogeneous,False,11,fixed,0,0,0,0,0.0,3,0,0,0,0,0
sparse,2,heterogeneous,False,11,learned,0,0,0,0,0.0,3,0,0,0,0,0
sparse,2,heterogeneous,True,11,poisson,0,0,0,0,0.0,3,0,0,0,0,0
sparse,2,heterogeneous,True,11,fixed,0,0,0,0,0.0,3,0,0,0,0,0
sparse,2,heterogeneous,True,11,learned,0,0,0,0,0.0,3,0,0,0,0,0
sparse,2,heterogeneous,False,12,poisson,0,0,0,0,0.0,3,0,0,0,0,0
sparse,2,heterogeneous,False,12,fixed,0,0,0,0,0.0,3,0,0,0,0,0
sparse,2,heterogeneous,False,12,learned,0,0,0,0,0.0,3,0,0,0,0,0
sparse,2,heterogeneous,True,12,poisson,0,0,0,0,0.0,3,0,0,0,0,0
sparse,2,heterogeneous,True,12,fixed,0,0,0,0,0.0,3,0,0,0,0,0
sparse,2,heterogeneous,True,12,learned,0,0,0,0,0.0,3,0,0,0,0,0
sparse,2,heterogeneous,False,13,poisson,0,0,0,0,0.0,3,0,0,0,0,0
sparse,2,heterogeneous,False,13,fixed,0,0,0,0,0.0,3,0,0,0,0,0
sparse,2,heterogeneous,False,13,learned,0,0,0,0,0.0,3,0,0,0,0,0
sparse,2,heterogeneous,True,13,poisson,0,0,0,0,0.0,3,0,0,0,0,0
sparse,2,heterogeneous,True,13,fixed,0,0,0,0,0.0,3,0,0,0,0,0
sparse,2,heterogeneous,True,13,learned,0,0,0,0,0.0,3,0,0,0,0,0
sparse,2,heterogeneous,False,14,poisson,0,0,0,0,0.0,3,0,0,0,0,0
sparse,2,heterogeneous,False,14,fixed,0,0,0,0,0.0,3,0,0,0,0,0
sparse,2,heterogeneous,False,14,learned,0,0,0,0,0.0,3,0,0,0,0,0
sparse,2,heterogeneous,True,14,poisson,0,0,0,0,0.0,3,0,0,0,0,0
sparse,2,heterogeneous,True,14,fixed,0,0,0,0,0.0,3,0,0,0,0,0
sparse,2,heterogeneous,True,14,learned,0,0,0,0,0.0,3,0,0,0,0,0
sparse,2,heterogeneous,False,15,poisson,0,0,0,0,0.0,3,0,0,0,0,0
sparse,2,heterogeneous,False,15,fixed,0,0,0,0,0.0,3,0,0,0,0,0
sparse,2,heterogeneous,False,15,learned,0,0,0,0,0.0,3,0,0,0,0,0
sparse,2,heterogeneous,True,15,poisson,0,0,0,0,0.0,3,0,0,0,0,0
sparse,2,heterogeneous,True,15,fixed,0,0,0,0,0.0,3,0,0,0,0,0
sparse,2,heterogeneous,True,15,learned,0,0,0,0,0.0,3,0,0,0,0,0
sparse,2,heterogeneous,False,16,poisson,0,0,0,0,0.0,3,0,0,0,0,0
sparse,2,heterogeneous,False,16,fixed,0,0,0,0,0.0,3,0,0,0,0,0
sparse,2,heterogeneous,False,16,learned,0,0,0,0,0.0,3,0,0,0,0,0
sparse,2,heterogeneous,True,16,poisson,0,0,0,0,0.0,3,0,0,0,0,0
sparse,2,heterogeneous,True,16,fixed,0,0,0,0,0.0,3,0,0,0,0,0
sparse,2,heterogeneous,True,16,learned,0,0,0,0,0.0,3,0,0,0,0,0
sparse,2,heterogeneous,False,17,poisson,0,0,0,0,0.0,3,0,0,0,0,0
sparse,2,heterogeneous,False,17,fixed,0,0,0,0,0.0,3,0,0,0,0,0
sparse,2,heterogeneous,False,17,learned,0,0,0,0,0.0,3,0,0,0,0,0
sparse,2,heterogeneous,True,17,poisson,0,0,0,0,0.0,3,0,0,0,0,0
sparse,2,heterogeneous,True,17,fixed,0,0,0,0,0.0,3,0,0,0,0,0
sparse,2,heterogeneous,True,17,learned,0,0,0,0,0.0,3,0,0,0,0,0
sparse,2,heterogeneous,False,18,poisson,0,0,0,0,0.0,3,0,0,0,0,0
sparse,2,heterogeneous,False,18,fixed,0,0,0,0,0.0,3,0,0,0,0,0
sparse,2,heterogeneous,False,18,learned,0,0,0,0,0.0,3,0,0,0,0,0
sparse,2,heterogeneous,True,18,poisson,0,0,0,0,0.0,3,0,0,0,0,0
sparse,2,heterogeneous,True,18,fixed,0,0,0,0,0.0,3,0,0,0,0,0
sparse,2,heterogeneous,True,18,learned,0,0,0,0,0.0,3,0,0,0,0,0
sparse,2,heterogeneous,False,19,poisson,0,0,0,0,0.0,3,0,0,0,0,0
sparse,2,heterogeneous,False,19,fixed,0,0,0,0,0.0,3,0,0,0,0,0
sparse,2,heterogeneous,False,19,learned,0,0,0,0,0.0,3,0,0,0,0,0
sparse,2,heterogeneous,True,19,poisson,0,0,0,0,0.0,3,0,0,0,0,0
sparse,2,heterogeneous,True,19,fixed,0,0,0,0,0.0,3,0,0,0,0,0
sparse,2,heterogeneous,True,19,learned,0,0,0,0,0.0,3,0,0,0,0,0
sparse,2,heterogeneous,False,20,poisson,0,0,0,0,0.0,3,0,0,0,0,0
sparse,2,heterogeneous,False,20,fixed,0,0,0,0,0.0,3,0,0,0,0,0
sparse,2,heterogeneous,False,20,learned,0,0,0,0,0.0,3,0,0,0,0,0
sparse,2,heterogeneous,True,20,poisson,0,0,0,0,0.0,3,0,0,0,0,0
sparse,2,heterogeneous,True,20,fixed,0,0,0,0,0.0,3,0,0,0,0,0
sparse,2,heterogeneous,True,20,learned,0,0,0,0,0.0,3,0,0,0,0,0
sparse,2,heterogeneous,False,21,poisson,0,0,0,0,0.0,3,0,0,0,0,0
sparse,2,heterogeneous,False,21,fixed,0,0,0,0,0.0,3,0,0,0,0,0
sparse,2,heterogeneous,False,21,learned,0,0,0,0,0.0,3,0,0,0,0,0
sparse,2,heterogeneous,True,21,poisson,0,0,0,0,0.0,3,0,0,0,0,0
sparse,2,heterogeneous,True,21,fixed,0,0,0,0,0.0,3,0,0,0,0,0
sparse,2,heterogeneous,True,21,learned,0,0,0,0,0.0,3,0,0,0,0,0
sparse,2,heterogeneous,False,22,poisson,0,0,0,0,0.0,3,0,0,0,0,0
sparse,2,heterogeneous,False,22,fixed,0,0,0,0,0.0,3,0,0,0,0,0
sparse,2,heterogeneous,False,22,learned,0,0,0,0,0.0,3,0,0,0,0,0
sparse,2,heterogeneous,True,22,poisson,0,0,0,0,0.0,3,0,0,0,0,0
sparse,2,heterogeneous,True,22,fixed,0,0,0,0,0.0,3,0,0,0,0,0
sparse,2,heterogeneous,True,22,learned,0,0,0,0,0.0,3,0,0,0,0,0
sparse,2,heterogeneous,False,23,poisson,0,0,0,0,0.0,3,0,0,0,0,0
sparse,2,heterogeneous,False,23,fixed,0,0,0,0,0.0,3,0,0,0,0,0
sparse,2,heterogeneous,False,23,learned,0,0,0,0,0.0,3,0,0,0,0,0
sparse,2,heterogeneous,True,23,poisson,0,0,0,0,0.0,3,0,0,0,0,0
sparse,2,heterogeneous,True,23,fixed,0,0,0,0,0.0,3,0,0,0,0,0
sparse,2,heterogeneous,True,23,learned,0,0,0,0,0.0,3,0,0,0,0,0
sparse,2,heterogeneous,False,24,poisson,0,0,0,0,0.0,3,0,0,0,0,0
sparse,2,heterogeneous,False,24,fixed,0,0,0,0,0.0,3,0,0,0,0,0
sparse,2,heterogeneous,False,24,learned,0,0,0,0,0.0,3,0,0,0,0,0
sparse,2,heterogeneous,True,24,poisson,0,0,0,0,0.0,3,0,0,0,0,0
sparse,2,heterogeneous,True,24,fixed,0,0,0,0,0.0,3,0,0,0,0,0
sparse,2,heterogeneous,True,24,learned,0,0,0,0,0.0,3,0,0,0,0,0
sparse,2,heterogeneous,False,25,poisson,0,0,0,0,0.0,3,0,0,0,0,0
sparse,2,heterogeneous,False,25,fixed,0,0,0,0,0.0,3,0,0,0,0,0
sparse,2,heterogeneous,False,25,learned,0,0,0,0,0.0,3,0,0,0,0,0
sparse,2,heterogeneous,True,25,poisson,0,0,0,0,0.0,3,0,0,0,0,0
sparse,2,heterogeneous,True,25,fixed,0,0,0,0,0.0,3,0,0,0,0,0
sparse,2,heterogeneous,True,25,learned,0,0,0,0,0.0,3,0,0,0,0,0
sparse,2,heterogeneous,False,26,poisson,2,0,0,0,0.0,3,0,1,0,1,0
sparse,2,heterogeneous,False,26,fixed,2,2,0,0,0.0,3,1,1,1,1,1
sparse,2,heterogeneous,False,26,learned,2,2,0,0,0.0,3,1,1,1,1,1
sparse,2,heterogeneous,True,26,poisson,2,0,0,0,0.0,3,0,1,0,1,0
sparse,2,heterogeneous,True,26,fixed,2,2,0,0,0.0,3,1,1,1,1,1
sparse,2,heterogeneous,True,26,learned,2,2,0,0,0.0,3,1,1,1,1,1
sparse,2,heterogeneous,False,27,poisson,0,0,0,0,0.0,3,0,0,0,0,0
sparse,2,heterogeneous,False,27,fixed,0,0,0,0,0.0,3,0,0,0,0,0
sparse,2,heterogeneous,False,27,learned,0,0,0,0,0.0,3,0,0,0,0,0
sparse,2,heterogeneous,True,27,poisson,0,0,0,0,0.0,3,0,0,0,0,0
sparse,2,heterogeneous,True,27,fixed,0,0,0,0,0.0,3,0,0,0,0,0
sparse,2,heterogeneous,True,27,learned,0,0,0,0,0.0,3,0,0,0,0,0
sparse,2,heterogeneous,False,28,poisson,0,0,0,0,0.0,3,0,0,0,0,0
sparse,2,heterogeneous,False,28,fixed,0,0,0,0,0.0,3,0,0,0,0,0
sparse,2,heterogeneous,False,28,learned,0,0,0,0,0.0,3,0,0,0,0,0
sparse,2,heterogeneous,True,28,poisson,0,0,0,0,0.0,3,0,0,0,0,0
sparse,2,heterogeneous,True,28,fixed,0,0,0,0,0.0,3,0,0,0,0,0
sparse,2,heterogeneous,True,28,learned,0,0,0,0,0.0,3,0,0,0,0,0
sparse,2,heterogeneous,False,29,poisson,0,0,0,0,0.0,3,0,0,0,0,0
sparse,2,heterogeneous,False,29,fixed,0,0,0,0,0.0,3,0,0,0,0,0
sparse,2,heterogeneous,False,29,learned,0,0,0,0,0.0,3,0,0,0,0,0
sparse,2,heterogeneous,True,29,poisson,0,0,0,0,0.0,3,0,0,0,0,0
sparse,2,heterogeneous,True,29,fixed,0,0,0,0,0.0,3,0,0,0,0,0
sparse,2,heterogeneous,True,29,learned,0,0,0,0,0.0,3,0,0,0,0,0
sparse,2,heterogeneous,False,30,poisson,0,0,0,0,0.0,3,0,0,0,0,0
sparse,2,heterogeneous,False,30,fixed,0,0,0,0,0.0,3,0,0,0,0,0
sparse,2,heterogeneous,False,30,learned,0,0,0,0,0.0,3,0,0,0,0,0
sparse,2,heterogeneous,True,30,poisson,0,0,0,0,0.0,3,0,0,0,0,0
sparse,2,heterogeneous,True,30,fixed,0,0,0,0,0.0,3,0,0,0,0,0
sparse,2,heterogeneous,True,30,learned,0,0,0,0,0.0,3,0,0,0,0,0
sparse,2,heterogeneous,False,31,poisson,0,0,0,0,0.0,3,0,0,0,0,0
sparse,2,heterogeneous,False,31,fixed,0,0,0,0,0.0,3,0,0,0,0,0
sparse,2,heterogeneous,False,31,learned,0,0,0,0,0.0,3,0,0,0,0,0
sparse,2,heterogeneous,True,31,poisson,0,0,0,0,0.0,3,0,0,0,0,0
sparse,2,heterogeneous,True,31,fixed,0,0,0,0,0.0,3,0,0,0,0,0
sparse,2,heterogeneous,True,31,learned,0,0,0,0,0.0,3,0,0,0,0,0
sparse,2,heterogeneous,False,32,poisson,0,0,0,0,0.0,3,0,0,0,0,0
sparse,2,heterogeneous,False,32,fixed,0,0,0,0,0.0,3,0,0,0,0,0
sparse,2,heterogeneous,False,32,learned,0,0,0,0,0.0,3,0,0,0,0,0
sparse,2,heterogeneous,True,32,poisson,0,0,0,0,0.0,3,0,0,0,0,0
sparse,2,heterogeneous,True,32,fixed,0,0,0,0,0.0,3,0,0,0,0,0
sparse,2,heterogeneous,True,32,learned,0,0,0,0,0.0,3,0,0,0,0,0
sparse,2,heterogeneous,False,33,poisson,0,0,0,0,0.0,3,0,0,0,0,0
sparse,2,heterogeneous,False,33,fixed,0,0,0,0,0.0,3,0,0,0,0,0
sparse,2,heterogeneous,False,33,learned,0,0,0,0,0.0,3,0,0,0,0,0
sparse,2,heterogeneous,True,33,poisson,0,0,0,0,0.0,3,0,0,0,0,0
sparse,2,heterogeneous,True,33,fixed,0,0,0,0,0.0,3,0,0,0,0,0
sparse,2,heterogeneous,True,33,learned,0,0,0,0,0.0,3,0,0,0,0,0
sparse,2,heterogeneous,False,34,poisson,2,2,0,0,0.0,3,1,1,1,1,1
sparse,2,heterogeneous,False,34,fixed,2,2,0,0,0.0,3,1,1,1,1,1
sparse,2,heterogeneous,False,34,learned,2,2,0,0,0.0,3,1,1,1,1,1
sparse,2,heterogeneous,True,34,poisson,2,2,0,0,0.0,3,1,1,1,1,1
sparse,2,heterogeneous,True,34,fixed,2,2,0,0,0.0,3,1,1,1,1,1
sparse,2,heterogeneous,True,34,learned,2,2,0,0,0.0,3,1,1,1,1,1
sparse,2,heterogeneous,False,35,poisson,0,0,0,0,0.0,3,0,0,0,0,0
sparse,2,heterogeneous,False,35,fixed,0,0,0,0,0.0,3,0,0,0,0,0
sparse,2,heterogeneous,False,35,learned,0,0,0,0,0.0,3,0,0,0,0,0
sparse,2,heterogeneous,True,35,poisson,0,0,0,0,0.0,3,0,0,0,0,0
sparse,2,heterogeneous,True,35,fixed,0,0,0,0,0.0,3,0,0,0,0,0
sparse,2,heterogeneous,True,35,learned,0,0,0,0,0.0,3,0,0,0,0,0
sparse,2,heterogeneous,False,36,poisson,0,0,0,0,0.0,3,0,0,0,0,0
sparse,2,heterogeneous,False,36,fixed,0,0,0,0,0.0,3,0,0,0,0,0
sparse,2,heterogeneous,False,36,learned,0,0,0,0,0.0,3,0,0,0,0,0
sparse,2,heterogeneous,True,36,poisson,0,0,0,0,0.0,3,0,0,0,0,0
sparse,2,heterogeneous,True,36,fixed,0,0,0,0,0.0,3,0,0,0,0,0
sparse,2,heterogeneous,True,36,learned,0,0,0,0,0.0,3,0,0,0,0,0
sparse,2,heterogeneous,False,37,poisson,0,0,0,0,0.0,3,0,0,0,0,0
sparse,2,heterogeneous,False,37,fixed,0,0,0,0,0.0,3,0,0,0,0,0
sparse,2,heterogeneous,False,37,learned,0,0,0,0,0.0,3,0,0,0,0,0
sparse,2,heterogeneous,True,37,poisson,0,0,0,0,0.0,3,0,0,0,0,0
sparse,2,heterogeneous,True,37,fixed,0,0,0,0,0.0,3,0,0,0,0,0
sparse,2,heterogeneous,True,37,learned,0,0,0,0,0.0,3,0,0,0,0,0
sparse,2,heterogeneous,False,38,poisson,0,0,0,0,0.0,3,0,1,0,1,0
sparse,2,heterogeneous,False,38,fixed,0,0,0,0,0.0,3,0,1,0,1,0
sparse,2,heterogeneous,False,38,learned,0,0,0,0,0.0,3,0,1,0,1,0
sparse,2,heterogeneous,True,38,poisson,0,0,0,0,0.0,3,0,1,0,1,0
sparse,2,heterogeneous,True,38,fixed,0,0,0,0,0.0,3,0,1,0,1,0
sparse,2,heterogeneous,True,38,learned,0,0,0,0,0.0,3,0,1,0,1,0
sparse,2,heterogeneous,False,39,poisson,0,0,0,0,0.0,3,0,0,0,0,0
sparse,2,heterogeneous,False,39,fixed,0,0,0,0,0.0,3,0,0,0,0,0
sparse,2,heterogeneous,False,39,learned,0,0,0,0,0.0,3,0,0,0,0,0
sparse,2,heterogeneous,True,39,poisson,0,0,0,0,0.0,3,0,0,0,0,0
sparse,2,heterogeneous,True,39,fixed,0,0,0,0,0.0,3,0,0,0,0,0
sparse,2,heterogeneous,True,39,learned,0,0,0,0,0.0,3,0,0,0,0,0
sparse,2,heterogeneous,False,40,poisson,0,0,0,0,0.0,3,0,0,0,0,0
sparse,2,heterogeneous,False,40,fixed,0,0,0,0,0.0,3,0,0,0,0,0
sparse,2,heterogeneous,False,40,learned,0,0,0,0,0.0,3,0,0,0,0,0
sparse,2,heterogeneous,True,40,poisson,0,0,0,0,0.0,3,0,0,0,0,0
sparse,2,heterogeneous,True,40,fixed,0,0,0,0,0.0,3,0,0,0,0,0
sparse,2,heterogeneous,True,40,learned,0,0,0,0,0.0,3,0,0,0,0,0
sparse,2,heterogeneous,False,41,poisson,2,2,0,0,0.0,3,1,1,1,1,1
sparse,2,heterogeneous,False,41,fixed,2,2,0,0,0.0,3,1,1,1,1,1
sparse,2,heterogeneous,False,41,learned,2,2,0,0,0.0,3,1,1,1,1,1
sparse,2,heterogeneous,True,41,poisson,2,2,0,0,0.0,3,1,1,0,1,0
sparse,2,heterogeneous,True,41,fixed,2,0,0,0,0.0,3,0,1,0,1,0
sparse,2,heterogeneous,True,41,learned,2,0,0,0,0.0,3,0,1,0,1,0
sparse,2,heterogeneous,False,42,poisson,0,0,0,0,0.0,3,0,0,0,0,0
sparse,2,heterogeneous,False,42,fixed,0,0,0,0,0.0,3,0,0,0,0,0
sparse,2,heterogeneous,False,42,learned,0,0,0,0,0.0,3,0,0,0,0,0
sparse,2,heterogeneous,True,42,poisson,0,0,0,0,0.0,3,0,0,0,0,0
sparse,2,heterogeneous,True,42,fixed,0,0,0,0,0.0,3,0,0,0,0,0
sparse,2,heterogeneous,True,42,learned,0,0,0,0,0.0,3,0,0,0,0,0
sparse,2,heterogeneous,False,43,poisson,0,0,0,0,0.0,3,0,0,0,0,0
sparse,2,heterogeneous,False,43,fixed,0,0,0,0,0.0,3,0,0,0,0,0
sparse,2,heterogeneous,False,43,learned,0,0,0,0,0.0,3,0,0,0,0,0
sparse,2,heterogeneous,True,43,poisson,0,0,0,0,0.0,3,0,0,0,0,0
sparse,2,heterogeneous,True,43,fixed,0,0,0,0,0.0,3,0,0,0,0,0
sparse,2,heterogeneous,True,43,learned,0,0,0,0,0.0,3,0,0,0,0,0
sparse,2,heterogeneous,False,44,poisson,0,0,0,0,0.0,3,0,0,0,0,0
sparse,2,heterogeneous,False,44,fixed,0,0,0,0,0.0,3,0,0,0,0,0
sparse,2,heterogeneous,False,44,learned,0,0,0,0,0.0,3,0,0,0,0,0
sparse,2,heterogeneous,True,44,poisson,0,0,0,0,0.0,3,0,0,0,0,0
sparse,2,heterogeneous,True,44,fixed,0,0,0,0,0.0,3,0,0,0,0,0
sparse,2,heterogeneous,True,44,learned,0,0,0,0,0.0,3,0,0,0,0,0
sparse,2,heterogeneous,False,45,poisson,0,0,0,0,0.0,3,0,0,0,0,0
sparse,2,heterogeneous,False,45,fixed,0,0,0,0,0.0,3,0,0,0,0,0
sparse,2,heterogeneous,False,45,learned,0,0,0,0,0.0,3,0,0,0,0,0
sparse,2,heterogeneous,True,45,poisson,0,0,0,0,0.0,3,0,0,0,0,0
sparse,2,heterogeneous,True,45,fixed,0,0,0,0,0.0,3,0,0,0,0,0
sparse,2,heterogeneous,True,45,learned,0,0,0,0,0.0,3,0,0,0,0,0
sparse,2,heterogeneous,False,46,poisson,0,0,0,0,0.0,3,0,0,0,0,0
sparse,2,heterogeneous,False,46,fixed,0,0,0,0,0.0,3,0,0,0,0,0
sparse,2,heterogeneous,False,46,learned,0,0,0,0,0.0,3,0,0,0,0,0
sparse,2,heterogeneous,True,46,poisson,0,0,0,0,0.0,3,0,0,0,0,0
sparse,2,heterogeneous,True,46,fixed,0,0,0,0,0.0,3,0,0,0,0,0
sparse,2,heterogeneous,True,46,learned,0,0,0,0,0.0,3,0,0,0,0,0
sparse,2,heterogeneous,False,47,poisson,0,0,0,0,0.0,3,0,0,0,0,0
sparse,2,heterogeneous,False,47,fixed,0,0,0,0,0.0,3,0,0,0,0,0
sparse,2,heterogeneous,False,47,learned,0,0,0,0,0.0,3,0,0,0,0,0
sparse,2,heterogeneous,True,47,poisson,0,0,0,0,0.0,3,0,0,0,0,0
sparse,2,heterogeneous,True,47,fixed,0,0,0,0,0.0,3,0,0,0,0,0
sparse,2,heterogeneous,True,47,learned,0,0,0,0,0.0,3,0,0,0,0,0
sparse,2,heterogeneous,False,48,poisson,0,0,0,0,0.0,3,0,0,0,0,0
sparse,2,heterogeneous,False,48,fixed,0,0,0,0,0.0,3,0,0,0,0,0
sparse,2,heterogeneous,False,48,learned,0,0,0,0,0.0,3,0,0,0,0,0
sparse,2,heterogeneous,True,48,poisson,0,0,0,0,0.0,3,0,0,0,0,0
sparse,2,heterogeneous,True,48,fixed,0,0,0,0,0.0,3,0,0,0,0,0
sparse,2,heterogeneous,True,48,learned,0,0,0,0,0.0,3,0,0,0,0,0
sparse,2,heterogeneous,False,49,poisson,0,0,0,0,0.0,3,0,0,0,0,0
sparse,2,heterogeneous,False,49,fixed,0,0,0,0,0.0,3,0,0,0,0,0
sparse,2,heterogeneous,False,49,learned,0,0,0,0,0.0,3,0,0,0,0,0
sparse,2,heterogeneous,True,49,poisson,0,0,0,0,0.0,3,0,0,0,0,0
sparse,2,heterogeneous,True,49,fixed,0,0,0,0,0.0,3,0,0,0,0,0
sparse,2,heterogeneous,True,49,learned,0,0,0,0,0.0,3,0,0,0,0,0
sparse,2,heterogeneous,False,50,poisson,0,0,0,0,0.0,3,0,0,0,0,0
sparse,2,heterogeneous,False,50,fixed,0,0,0,0,0.0,3,0,0,0,0,0
sparse,2,heterogeneous,False,50,learned,0,0,0,0,0.0,3,0,0,0,0,0
sparse,2,heterogeneous,True,50,poisson,0,0,0,0,0.0,3,0,0,0,0,0
sparse,2,heterogeneous,True,50,fixed,0,0,0,0,0.0,3,0,0,0,0,0
sparse,2,heterogeneous,True,50,learned,0,0,0,0,0.0,3,0,0,0,0,0
sparse,2,heterogeneous,False,51,poisson,0,0,0,0,0.0,3,0,0,0,0,0
sparse,2,heterogeneous,False,51,fixed,0,0,0,0,0.0,3,0,0,0,0,0
sparse,2,heterogeneous,False,51,learned,0,0,0,0,0.0,3,0,0,0,0,0
sparse,2,heterogeneous,True,51,poisson,0,0,0,0,0.0,3,0,0,0,0,0
sparse,2,heterogeneous,True,51,fixed,0,0,0,0,0.0,3,0,0,0,0,0
sparse,2,heterogeneous,True,51,learned,0,0,0,0,0.0,3,0,0,0,0,0
sparse,2,heterogeneous,False,52,poisson,0,0,0,0,0.0,3,0,0,0,0,0
sparse,2,heterogeneous,False,52,fixed,0,0,0,0,0.0,3,0,0,0,0,0
sparse,2,heterogeneous,False,52,learned,0,0,0,0,0.0,3,0,0,0,0,0
sparse,2,heterogeneous,True,52,poisson,0,0,0,0,0.0,3,0,0,0,0,0
sparse,2,heterogeneous,True,52,fixed,0,0,0,0,0.0,3,0,0,0,0,0
sparse,2,heterogeneous,True,52,learned,0,0,0,0,0.0,3,0,0,0,0,0
sparse,2,heterogeneous,False,53,poisson,0,0,0,0,0.0,3,0,0,0,0,0
sparse,2,heterogeneous,False,53,fixed,0,0,0,0,0.0,3,0,0,0,0,0
sparse,2,heterogeneous,False,53,learned,0,0,0,0,0.0,3,0,0,0,0,0
sparse,2,heterogeneous,True,53,poisson,0,0,0,0,0.0,3,0,0,0,0,0
sparse,2,heterogeneous,True,53,fixed,0,0,0,0,0.0,3,0,0,0,0,0
sparse,2,heterogeneous,True,53,learned,0,0,0,0,0.0,3,0,0,0,0,0
sparse,2,heterogeneous,False,54,poisson,0,0,0,0,0.0,3,0,0,0,0,0
sparse,2,heterogeneous,False,54,fixed,0,0,0,0,0.0,3,0,0,0,0,0
sparse,2,heterogeneous,False,54,learned,0,0,0,0,0.0,3,0,0,0,0,0
sparse,2,heterogeneous,True,54,poisson,0,0,0,0,0.0,3,0,0,0,0,0
sparse,2,heterogeneous,True,54,fixed,0,0,0,0,0.0,3,0,0,0,0,0
sparse,2,heterogeneous,True,54,learned,0,0,0,0,0.0,3,0,0,0,0,0
sparse,2,heterogeneous,False,55,poisson,0,0,0,0,0.0,3,0,0,0,0,0
sparse,2,heterogeneous,False,55,fixed,0,0,0,0,0.0,3,0,0,0,0,0
sparse,2,heterogeneous,False,55,learned,0,0,0,0,0.0,3,0,0,0,0,0
sparse,2,heterogeneous,True,55,poisson,0,0,0,0,0.0,3,0,0,0,0,0
sparse,2,heterogeneous,True,55,fixed,0,0,0,0,0.0,3,0,0,0,0,0
sparse,2,heterogeneous,True,55,learned,0,0,0,0,0.0,3,0,0,0,0,0
sparse,2,heterogeneous,False,56,poisson,0,0,0,0,0.0,3,0,0,0,0,0
sparse,2,heterogeneous,False,56,fixed,0,0,0,0,0.0,3,0,0,0,0,0
sparse,2,heterogeneous,False,56,learned,0,0,0,0,0.0,3,0,0,0,0,0
sparse,2,heterogeneous,True,56,poisson,0,0,0,0,0.0,3,0,0,0,0,0
sparse,2,heterogeneous,True,56,fixed,0,0,0,0,0.0,3,0,0,0,0,0
sparse,2,heterogeneous,True,56,learned,0,0,0,0,0.0,3,0,0,0,0,0
sparse,2,heterogeneous,False,57,poisson,0,0,0,0,0.0,3,0,0,0,0,0
sparse,2,heterogeneous,False,57,fixed,0,0,0,0,0.0,3,0,0,0,0,0
sparse,2,heterogeneous,False,57,learned,0,0,0,0,0.0,3,0,0,0,0,0
sparse,2,heterogeneous,True,57,poisson,0,0,0,0,0.0,3,0,0,0,0,0
sparse,2,heterogeneous,True,57,fixed,0,0,0,0,0.0,3,0,0,0,0,0
sparse,2,heterogeneous,True,57,learned,0,0,0,0,0.0,3,0,0,0,0,0
sparse,2,heterogeneous,False,58,poisson,0,0,0,0,0.0,3,0,0,0,0,0
sparse,2,heterogeneous,False,58,fixed,0,0,0,0,0.0,3,0,0,0,0,0
sparse,2,heterogeneous,False,58,learned,0,0,0,0,0.0,3,0,0,0,0,0
sparse,2,heterogeneous,True,58,poisson,0,0,0,0,0.0,3,0,0,0,0,0
sparse,2,heterogeneous,True,58,fixed,0,0,0,0,0.0,3,0,0,0,0,0
sparse,2,heterogeneous,True,58,learned,0,0,0,0,0.0,3,0,0,0,0,0
sparse,2,heterogeneous,False,59,poisson,0,0,0,0,0.0,3,0,0,0,0,0
sparse,2,heterogeneous,False,59,fixed,0,0,0,0,0.0,3,0,0,0,0,0
sparse,2,heterogeneous,False,59,learned,0,0,0,0,0.0,3,0,0,0,0,0
sparse,2,heterogeneous,True,59,poisson,0,0,0,0,0.0,3,0,0,0,0,0
sparse,2,heterogeneous,True,59,fixed,0,0,0,0,0.0,3,0,0,0,0,0
sparse,2,heterogeneous,True,59,learned,0,0,0,0,0.0,3,0,0,0,0,0
sparse,2,heterogeneous,False,60,poisson,0,0,0,0,0.0,3,0,0,0,0,0
sparse,2,heterogeneous,False,60,fixed,0,0,0,0,0.0,3,0,0,0,0,0
sparse,2,heterogeneous,False,60,learned,0,0,0,0,0.0,3,0,0,0,0,0
sparse,2,heterogeneous,True,60,poisson,0,0,0,0,0.0,3,0,0,0,0,0
sparse,2,heterogeneous,True,60,fixed,0,0,0,0,0.0,3,0,0,0,0,0
sparse,2,heterogeneous,True,60,learned,0,0,0,0,0.0,3,0,0,0,0,0
sparse,2,heterogeneous,False,61,poisson,0,0,0,0,0.0,3,0,0,0,0,0
sparse,2,heterogeneous,False,61,fixed,0,0,0,0,0.0,3,0,0,0,0,0
sparse,2,heterogeneous,False,61,learned,0,0,0,0,0.0,3,0,0,0,0,0
sparse,2,heterogeneous,True,61,poisson,0,0,0,0,0.0,3,0,0,0,0,0
sparse,2,heterogeneous,True,61,fixed,0,0,0,0,0.0,3,0,0,0,0,0
sparse,2,heterogeneous,True,61,learned,0,0,0,0,0.0,3,0,0,0,0,0
sparse,2,heterogeneous,False,62,poisson,2,0,0,0,0.0,3,0,1,0,1,0
sparse,2,heterogeneous,False,62,fixed,2,2,0,0,0.0,3,1,1,1,1,1
sparse,2,heterogeneous,False,62,learned,2,2,0,0,0.0,3,1,1,1,1,1
sparse,2,heterogeneous,True,62,poisson,2,0,0,0,0.0,3,0,1,0,1,0
sparse,2,heterogeneous,True,62,fixed,2,2,0,0,0.0,3,1,1,1,1,1
sparse,2,heterogeneous,True,62,learned,2,2,0,0,0.0,3,1,1,1,1,1
sparse,2,heterogeneous,False,63,poisson,0,0,0,0,0.0,3,0,0,0,0,0
sparse,2,heterogeneous,False,63,fixed,0,0,0,0,0.0,3,0,0,0,0,0
sparse,2,heterogeneous,False,63,learned,0,0,0,0,0.0,3,0,0,0,0,0
sparse,2,heterogeneous,True,63,poisson,0,0,0,0,0.0,3,0,0,0,0,0
sparse,2,heterogeneous,True,63,fixed,0,0,0,0,0.0,3,0,0,0,0,0
sparse,2,heterogeneous,True,63,learned,0,0,0,0,0.0,3,0,0,0,0,0
sparse,2,heterogeneous,False,64,poisson,0,0,0,0,0.0,3,0,0,0,0,0
sparse,2,heterogeneous,False,64,fixed,0,0,0,0,0.0,3,0,0,0,0,0
sparse,2,heterogeneous,False,64,learned,0,0,0,0,0.0,3,0,0,0,0,0
sparse,2,heterogeneous,True,64,poisson,0,0,0,0,0.0,3,0,0,0,0,0
sparse,2,heterogeneous,True,64,fixed,0,0,0,0,0.0,3,0,0,0,0,0
sparse,2,heterogeneous,True,64,learned,0,0,0,0,0.0,3,0,0,0,0,0
sparse,2,heterogeneous,False,65,poisson,0,0,0,0,0.0,3,0,0,0,0,0
sparse,2,heterogeneous,False,65,fixed,0,0,0,0,0.0,3,0,0,0,0,0
sparse,2,heterogeneous,False,65,learned,0,0,0,0,0.0,3,0,0,0,0,0
sparse,2,heterogeneous,True,65,poisson,0,0,0,0,0.0,3,0,0,0,0,0
sparse,2,heterogeneous,True,65,fixed,0,0,0,0,0.0,3,0,0,0,0,0
sparse,2,heterogeneous,True,65,learned,0,0,0,0,0.0,3,0,0,0,0,0
sparse,2,heterogeneous,False,66,poisson,0,0,0,0,0.0,3,0,0,0,0,0
sparse,2,heterogeneous,False,66,fixed,0,0,0,0,0.0,3,0,0,0,0,0
sparse,2,heterogeneous,False,66,learned,0,0,0,0,0.0,3,0,0,0,0,0
sparse,2,heterogeneous,True,66,poisson,0,0,0,0,0.0,3,0,0,0,0,0
sparse,2,heterogeneous,True,66,fixed,0,0,0,0,0.0,3,0,0,0,0,0
sparse,2,heterogeneous,True,66,learned,0,0,0,0,0.0,3,0,0,0,0,0
sparse,2,heterogeneous,False,67,poisson,0,0,0,0,0.0,3,0,0,0,0,0
sparse,2,heterogeneous,False,67,fixed,0,0,0,0,0.0,3,0,0,0,0,0
sparse,2,heterogeneous,False,67,learned,0,0,0,0,0.0,3,0,0,0,0,0
sparse,2,heterogeneous,True,67,poisson,0,0,0,0,0.0,3,0,0,0,0,0
sparse,2,heterogeneous,True,67,fixed,0,0,0,0,0.0,3,0,0,0,0,0
sparse,2,heterogeneous,True,67,learned,0,0,0,0,0.0,3,0,0,0,0,0
sparse,2,heterogeneous,False,68,poisson,0,0,0,0,0.0,3,0,0,0,0,0
sparse,2,heterogeneous,False,68,fixed,0,0,0,0,0.0,3,0,0,0,0,0
sparse,2,heterogeneous,False,68,learned,0,0,0,0,0.0,3,0,0,0,0,0
sparse,2,heterogeneous,True,68,poisson,0,0,0,0,0.0,3,0,0,0,0,0
sparse,2,heterogeneous,True,68,fixed,0,0,0,0,0.0,3,0,0,0,0,0
sparse,2,heterogeneous,True,68,learned,0,0,0,0,0.0,3,0,0,0,0,0
sparse,2,heterogeneous,False,69,poisson,0,0,0,0,0.0,3,0,0,0,0,0
sparse,2,heterogeneous,False,69,fixed,0,0,0,0,0.0,3,0,0,0,0,0
sparse,2,heterogeneous,False,69,learned,0,0,0,0,0.0,3,0,0,0,0,0
sparse,2,heterogeneous,True,69,poisson,0,0,0,0,0.0,3,0,0,0,0,0
sparse,2,heterogeneous,True,69,fixed,0,0,0,0,0.0,3,0,0,0,0,0
sparse,2,heterogeneous,True,69,learned,0,0,0,0,0.0,3,0,0,0,0,0
sparse,2,heterogeneous,False,70,poisson,0,0,0,0,0.0,3,0,0,0,0,0
sparse,2,heterogeneous,False,70,fixed,0,0,0,0,0.0,3,0,0,0,0,0
sparse,2,heterogeneous,False,70,learned,0,0,0,0,0.0,3,0,0,0,0,0
sparse,2,heterogeneous,True,70,poisson,0,0,0,0,0.0,3,0,0,0,0,0
sparse,2,heterogeneous,True,70,fixed,0,0,0,0,0.0,3,0,0,0,0,0
sparse,2,heterogeneous,True,70,learned,0,0,0,0,0.0,3,0,0,0,0,0
sparse,2,heterogeneous,False,71,poisson,0,0,0,0,0.0,3,0,0,0,0,0
sparse,2,heterogeneous,False,71,fixed,0,0,0,0,0.0,3,0,0,0,0,0
sparse,2,heterogeneous,False,71,learned,0,0,0,0,0.0,3,0,0,0,0,0
sparse,2,heterogeneous,True,71,poisson,0,0,0,0,0.0,3,0,0,0,0,0
sparse,2,heterogeneous,True,71,fixed,0,0,0,0,0.0,3,0,0,0,0,0
sparse,2,heterogeneous,True,71,learned,0,0,0,0,0.0,3,0,0,0,0,0
sparse,2,heterogeneous,False,72,poisson,0,0,0,0,0.0,3,0,0,0,0,0
sparse,2,heterogeneous,False,72,fixed,0,0,0,0,0.0,3,0,0,0,0,0
sparse,2,heterogeneous,False,72,learned,0,0,0,0,0.0,3,0,0,0,0,0
sparse,2,heterogeneous,True,72,poisson,0,0,0,0,0.0,3,0,0,0,0,0
sparse,2,heterogeneous,True,72,fixed,0,0,0,0,0.0,3,0,0,0,0,0
sparse,2,heterogeneous,True,72,learned,0,0,0,0,0.0,3,0,0,0,0,0
sparse,2,heterogeneous,False,73,poisson,0,0,0,0,0.0,3,0,0,0,0,0
sparse,2,heterogeneous,False,73,fixed,0,0,0,0,0.0,3,0,0,0,0,0
sparse,2,heterogeneous,False,73,learned,0,0,0,0,0.0,3,0,0,0,0,0
sparse,2,heterogeneous,True,73,poisson,0,0,0,0,0.0,3,0,0,0,0,0
sparse,2,heterogeneous,True,73,fixed,0,0,0,0,0.0,3,0,0,0,0,0
sparse,2,heterogeneous,True,73,learned,0,0,0,0,0.0,3,0,0,0,0,0
sparse,2,heterogeneous,False,74,poisson,0,0,0,0,0.0,3,0,0,0,0,0
sparse,2,heterogeneous,False,74,fixed,0,0,0,0,0.0,3,0,0,0,0,0
sparse,2,heterogeneous,False,74,learned,0,0,0,0,0.0,3,0,0,0,0,0
sparse,2,heterogeneous,True,74,poisson,0,0,0,0,0.0,3,0,0,0,0,0
sparse,2,heterogeneous,True,74,fixed,0,0,0,0,0.0,3,0,0,0,0,0
sparse,2,heterogeneous,True,74,learned,0,0,0,0,0.0,3,0,0,0,0,0
sparse,2,heterogeneous,False,75,poisson,0,0,0,0,0.0,3,0,0,0,0,0
sparse,2,heterogeneous,False,75,fixed,0,0,0,0,0.0,3,0,0,0,0,0
sparse,2,heterogeneous,False,75,learned,0,0,0,0,0.0,3,0,0,0,0,0
sparse,2,heterogeneous,True,75,poisson,0,0,0,0,0.0,3,0,0,0,0,0
sparse,2,heterogeneous,True,75,fixed,0,0,0,0,0.0,3,0,0,0,0,0
sparse,2,heterogeneous,True,75,learned,0,0,0,0,0.0,3,0,0,0,0,0
sparse,2,heterogeneous,False,76,poisson,2,2,2,1,1.0,3,0,0,0,0,0
sparse,2,heterogeneous,False,76,fixed,2,2,2,1,1.0,3,0,0,0,0,0
sparse,2,heterogeneous,False,76,learned,2,2,2,1,1.0,3,0,0,0,0,0
sparse,2,heterogeneous,True,76,poisson,2,2,2,1,1.0,3,0,0,0,0,0
sparse,2,heterogeneous,True,76,fixed,2,0,0,0,0.0,3,0,0,0,0,0
sparse,2,heterogeneous,True,76,learned,2,0,0,0,0.0,3,0,0,0,0,0
sparse,2,heterogeneous,False,77,poisson,2,2,0,0,0.0,3,1,1,1,1,1
sparse,2,heterogeneous,False,77,fixed,2,2,0,0,0.0,3,1,1,1,1,1
sparse,2,heterogeneous,False,77,learned,2,2,0,0,0.0,3,1,1,1,1,1
sparse,2,heterogeneous,True,77,poisson,2,2,0,0,0.0,3,1,1,1,1,1
sparse,2,heterogeneous,True,77,fixed,2,2,0,0,0.0,3,1,1,1,1,1
sparse,2,heterogeneous,True,77,learned,2,2,0,0,0.0,3,1,1,1,1,1
sparse,2,heterogeneous,False,78,poisson,0,0,0,0,0.0,3,0,0,0,0,0
sparse,2,heterogeneous,False,78,fixed,0,0,0,0,0.0,3,0,0,0,0,0
sparse,2,heterogeneous,False,78,learned,0,0,0,0,0.0,3,0,0,0,0,0
sparse,2,heterogeneous,True,78,poisson,0,0,0,0,0.0,3,0,0,0,0,0
sparse,2,heterogeneous,True,78,fixed,0,0,0,0,0.0,3,0,0,0,0,0
sparse,2,heterogeneous,True,78,learned,0,0,0,0,0.0,3,0,0,0,0,0
sparse,2,heterogeneous,False,79,poisson,0,0,0,0,0.0,3,0,0,0,0,0
sparse,2,heterogeneous,False,79,fixed,0,0,0,0,0.0,3,0,0,0,0,0
sparse,2,heterogeneous,False,79,learned,0,0,0,0,0.0,3,0,0,0,0,0
sparse,2,heterogeneous,True,79,poisson,0,0,0,0,0.0,3,0,0,0,0,0
sparse,2,heterogeneous,True,79,fixed,0,0,0,0,0.0,3,0,0,0,0,0
sparse,2,heterogeneous,True,79,learned,0,0,0,0,0.0,3,0,0,0,0,0
sparse,2,heterogeneous,False,80,poisson,0,0,0,0,0.0,3,0,0,0,0,0
sparse,2,heterogeneous,False,80,fixed,0,0,0,0,0.0,3,0,0,0,0,0
sparse,2,heterogeneous,False,80,learned,0,0,0,0,0.0,3,0,0,0,0,0
sparse,2,heterogeneous,True,80,poisson,0,0,0,0,0.0,3,0,0,0,0,0
sparse,2,heterogeneous,True,80,fixed,0,0,0,0,0.0,3,0,0,0,0,0
sparse,2,heterogeneous,True,80,learned,0,0,0,0,0.0,3,0,0,0,0,0
sparse,2,heterogeneous,False,81,poisson,0,0,0,0,0.0,3,0,0,0,0,0
sparse,2,heterogeneous,False,81,fixed,0,0,0,0,0.0,3,0,0,0,0,0
sparse,2,heterogeneous,False,81,learned,0,0,0,0,0.0,3,0,0,0,0,0
sparse,2,heterogeneous,True,81,poisson,0,0,0,0,0.0,3,0,0,0,0,0
sparse,2,heterogeneous,True,81,fixed,0,0,0,0,0.0,3,0,0,0,0,0
sparse,2,heterogeneous,True,81,learned,0,0,0,0,0.0,3,0,0,0,0,0
sparse,2,heterogeneous,False,82,poisson,0,0,0,0,0.0,3,0,0,0,0,0
sparse,2,heterogeneous,False,82,fixed,0,0,0,0,0.0,3,0,0,0,0,0
sparse,2,heterogeneous,False,82,learned,0,0,0,0,0.0,3,0,0,0,0,0
sparse,2,heterogeneous,True,82,poisson,0,0,0,0,0.0,3,0,0,0,0,0
sparse,2,heterogeneous,True,82,fixed,0,0,0,0,0.0,3,0,0,0,0,0
sparse,2,heterogeneous,True,82,learned,0,0,0,0,0.0,3,0,0,0,0,0
sparse,2,heterogeneous,False,83,poisson,0,0,0,0,0.0,3,0,0,0,0,0
sparse,2,heterogeneous,False,83,fixed,0,0,0,0,0.0,3,0,0,0,0,0
sparse,2,heterogeneous,False,83,learned,0,0,0,0,0.0,3,0,0,0,0,0
sparse,2,heterogeneous,True,83,poisson,0,0,0,0,0.0,3,0,0,0,0,0
sparse,2,heterogeneous,True,83,fixed,0,0,0,0,0.0,3,0,0,0,0,0
sparse,2,heterogeneous,True,83,learned,0,0,0,0,0.0,3,0,0,0,0,0
sparse,2,heterogeneous,False,84,poisson,0,0,0,0,0.0,3,0,0,0,0,0
sparse,2,heterogeneous,False,84,fixed,0,0,0,0,0.0,3,0,0,0,0,0
sparse,2,heterogeneous,False,84,learned,0,0,0,0,0.0,3,0,0,0,0,0
sparse,2,heterogeneous,True,84,poisson,0,0,0,0,0.0,3,0,0,0,0,0
sparse,2,heterogeneous,True,84,fixed,0,0,0,0,0.0,3,0,0,0,0,0
sparse,2,heterogeneous,True,84,learned,0,0,0,0,0.0,3,0,0,0,0,0
sparse,2,heterogeneous,False,85,poisson,0,0,0,0,0.0,3,0,0,0,0,0
sparse,2,heterogeneous,False,85,fixed,0,0,0,0,0.0,3,0,0,0,0,0
sparse,2,heterogeneous,False,85,learned,0,0,0,0,0.0,3,0,0,0,0,0
sparse,2,heterogeneous,True,85,poisson,0,0,0,0,0.0,3,0,0,0,0,0
sparse,2,heterogeneous,True,85,fixed,0,0,0,0,0.0,3,0,0,0,0,0
sparse,2,heterogeneous,True,85,learned,0,0,0,0,0.0,3,0,0,0,0,0
sparse,2,heterogeneous,False,86,poisson,0,0,0,0,0.0,3,0,0,0,0,0
sparse,2,heterogeneous,False,86,fixed,0,0,0,0,0.0,3,0,0,0,0,0
sparse,2,heterogeneous,False,86,learned,0,0,0,0,0.0,3,0,0,0,0,0
sparse,2,heterogeneous,True,86,poisson,0,0,0,0,0.0,3,0,0,0,0,0
sparse,2,heterogeneous,True,86,fixed,0,0,0,0,0.0,3,0,0,0,0,0
sparse,2,heterogeneous,True,86,learned,0,0,0,0,0.0,3,0,0,0,0,0
sparse,2,heterogeneous,False,87,poisson,0,0,0,0,0.0,3,0,0,0,0,0
sparse,2,heterogeneous,False,87,fixed,0,0,0,0,0.0,3,0,0,0,0,0
sparse,2,heterogeneous,False,87,learned,0,0,0,0,0.0,3,0,0,0,0,0
sparse,2,heterogeneous,True,87,poisson,0,0,0,0,0.0,3,0,0,0,0,0
sparse,2,heterogeneous,True,87,fixed,0,0,0,0,0.0,3,0,0,0,0,0
sparse,2,heterogeneous,True,87,learned,0,0,0,0,0.0,3,0,0,0,0,0
sparse,2,heterogeneous,False,88,poisson,0,0,0,0,0.0,3,0,0,0,0,0
sparse,2,heterogeneous,False,88,fixed,0,0,0,0,0.0,3,0,0,0,0,0
sparse,2,heterogeneous,False,88,learned,0,0,0,0,0.0,3,0,0,0,0,0
sparse,2,heterogeneous,True,88,poisson,0,0,0,0,0.0,3,0,0,0,0,0
sparse,2,heterogeneous,True,88,fixed,0,0,0,0,0.0,3,0,0,0,0,0
sparse,2,heterogeneous,True,88,learned,0,0,0,0,0.0,3,0,0,0,0,0
sparse,2,heterogeneous,False,89,poisson,0,0,0,0,0.0,3,0,0,0,0,0
sparse,2,heterogeneous,False,89,fixed,0,0,0,0,0.0,3,0,0,0,0,0
sparse,2,heterogeneous,False,89,learned,0,0,0,0,0.0,3,0,0,0,0,0
sparse,2,heterogeneous,True,89,poisson,0,0,0,0,0.0,3,0,0,0,0,0
sparse,2,heterogeneous,True,89,fixed,0,0,0,0,0.0,3,0,0,0,0,0
sparse,2,heterogeneous,True,89,learned,0,0,0,0,0.0,3,0,0,0,0,0
sparse,2,heterogeneous,False,90,poisson,0,0,0,0,0.0,3,0,0,0,0,0
sparse,2,heterogeneous,False,90,fixed,0,0,0,0,0.0,3,0,0,0,0,0
sparse,2,heterogeneous,False,90,learned,0,0,0,0,0.0,3,0,0,0,0,0
sparse,2,heterogeneous,True,90,poisson,0,0,0,0,0.0,3,0,0,0,0,0
sparse,2,heterogeneous,True,90,fixed,0,0,0,0,0.0,3,0,0,0,0,0
sparse,2,heterogeneous,True,90,learned,0,0,0,0,0.0,3,0,0,0,0,0
sparse,2,heterogeneous,False,91,poisson,0,0,0,0,0.0,3,0,0,0,0,0
sparse,2,heterogeneous,False,91,fixed,0,0,0,0,0.0,3,0,0,0,0,0
sparse,2,heterogeneous,False,91,learned,0,0,0,0,0.0,3,0,0,0,0,0
sparse,2,heterogeneous,True,91,poisson,0,0,0,0,0.0,3,0,0,0,0,0
sparse,2,heterogeneous,True,91,fixed,0,0,0,0,0.0,3,0,0,0,0,0
sparse,2,heterogeneous,True,91,learned,0,0,0,0,0.0,3,0,0,0,0,0
sparse,2,heterogeneous,False,92,poisson,0,0,0,0,0.0,3,0,0,0,0,0
sparse,2,heterogeneous,False,92,fixed,0,0,0,0,0.0,3,0,0,0,0,0
sparse,2,heterogeneous,False,92,learned,0,0,0,0,0.0,3,0,0,0,0,0
sparse,2,heterogeneous,True,92,poisson,0,0,0,0,0.0,3,0,0,0,0,0
sparse,2,heterogeneous,True,92,fixed,0,0,0,0,0.0,3,0,0,0,0,0
sparse,2,heterogeneous,True,92,learned,0,0,0,0,0.0,3,0,0,0,0,0
sparse,2,heterogeneous,False,93,poisson,0,0,0,0,0.0,3,0,0,0,0,0
sparse,2,heterogeneous,False,93,fixed,0,0,0,0,0.0,3,0,0,0,0,0
sparse,2,heterogeneous,False,93,learned,0,0,0,0,0.0,3,0,0,0,0,0
sparse,2,heterogeneous,True,93,poisson,0,0,0,0,0.0,3,0,0,0,0,0
sparse,2,heterogeneous,True,93,fixed,0,0,0,0,0.0,3,0,0,0,0,0
sparse,2,heterogeneous,True,93,learned,0,0,0,0,0.0,3,0,0,0,0,0
sparse,2,heterogeneous,False,94,poisson,0,0,0,0,0.0,3,0,0,0,0,0
sparse,2,heterogeneous,False,94,fixed,0,0,0,0,0.0,3,0,0,0,0,0
sparse,2,heterogeneous,False,94,learned,0,0,0,0,0.0,3,0,0,0,0,0
sparse,2,heterogeneous,True,94,poisson,0,0,0,0,0.0,3,0,0,0,0,0
sparse,2,heterogeneous,True,94,fixed,0,0,0,0,0.0,3,0,0,0,0,0
sparse,2,heterogeneous,True,94,learned,0,0,0,0,0.0,3,0,0,0,0,0
sparse,2,heterogeneous,False,95,poisson,0,0,0,0,0.0,3,0,0,0,0,0
sparse,2,heterogeneous,False,95,fixed,0,0,0,0,0.0,3,0,0,0,0,0
sparse,2,heterogeneous,False,95,learned,0,0,0,0,0.0,3,0,0,0,0,0
sparse,2,heterogeneous,True,95,poisson,0,0,0,0,0.0,3,0,0,0,0,0
sparse,2,heterogeneous,True,95,fixed,0,0,0,0,0.0,3,0,0,0,0,0
sparse,2,heterogeneous,True,95,learned,0,0,0,0,0.0,3,0,0,0,0,0
sparse,2,heterogeneous,False,96,poisson,0,0,0,0,0.0,3,0,0,0,0,0
sparse,2,heterogeneous,False,96,fixed,0,0,0,0,0.0,3,0,0,0,0,0
sparse,2,heterogeneous,False,96,learned,0,0,0,0,0.0,3,0,0,0,0,0
sparse,2,heterogeneous,True,96,poisson,0,0,0,0,0.0,3,0,0,0,0,0
sparse,2,heterogeneous,True,96,fixed,0,0,0,0,0.0,3,0,0,0,0,0
sparse,2,heterogeneous,True,96,learned,0,0,0,0,0.0,3,0,0,0,0,0
sparse,2,heterogeneous,False,97,poisson,0,0,0,0,0.0,3,0,0,0,0,0
sparse,2,heterogeneous,False,97,fixed,0,0,0,0,0.0,3,0,0,0,0,0
sparse,2,heterogeneous,False,97,learned,0,0,0,0,0.0,3,0,0,0,0,0
sparse,2,heterogeneous,True,97,poisson,0,0,0,0,0.0,3,0,0,0,0,0
sparse,2,heterogeneous,True,97,fixed,0,0,0,0,0.0,3,0,0,0,0,0
sparse,2,heterogeneous,True,97,learned,0,0,0,0,0.0,3,0,0,0,0,0
sparse,2,heterogeneous,False,98,poisson,0,0,0,0,0.0,3,0,0,0,0,0
sparse,2,heterogeneous,False,98,fixed,0,0,0,0,0.0,3,0,0,0,0,0
sparse,2,heterogeneous,False,98,learned,0,0,0,0,0.0,3,0,0,0,0,0
sparse,2,heterogeneous,True,98,poisson,0,0,0,0,0.0,3,0,0,0,0,0
sparse,2,heterogeneous,True,98,fixed,0,0,0,0,0.0,3,0,0,0,0,0
sparse,2,heterogeneous,True,98,learned,0,0,0,0,0.0,3,0,0,0,0,0
sparse,2,heterogeneous,False,99,poisson,0,0,0,0,0.0,3,0,0,0,0,0
sparse,2,heterogeneous,False,99,fixed,0,0,0,0,0.0,3,0,0,0,0,0
sparse,2,heterogeneous,False,99,learned,0,0,0,0,0.0,3,0,0,0,0,0
sparse,2,heterogeneous,True,99,poisson,0,0,0,0,0.0,3,0,0,0,0,0
sparse,2,heterogeneous,True,99,fixed,0,0,0,0,0.0,3,0,0,0,0,0
sparse,2,heterogeneous,True,99,learned,0,0,0,0,0.0,3,0,0,0,0,0
sparse,4,null,False,0,poisson,0,0,0,0,0.0,0,0,0,0,0,0
sparse,4,null,False,0,fixed,0,0,0,0,0.0,0,0,0,0,0,0
sparse,4,null,False,0,learned,0,0,0,0,0.0,0,0,0,0,0,0
sparse,4,null,True,0,poisson,0,0,0,0,0.0,0,0,0,0,0,0
sparse,4,null,True,0,fixed,0,0,0,0,0.0,0,0,0,0,0,0
sparse,4,null,True,0,learned,0,0,0,0,0.0,0,0,0,0,0,0
sparse,4,null,False,1,poisson,0,0,0,0,0.0,0,0,0,0,0,0
sparse,4,null,False,1,fixed,0,0,0,0,0.0,0,0,0,0,0,0
sparse,4,null,False,1,learned,0,0,0,0,0.0,0,0,0,0,0,0
sparse,4,null,True,1,poisson,0,0,0,0,0.0,0,0,0,0,0,0
sparse,4,null,True,1,fixed,0,0,0,0,0.0,0,0,0,0,0,0
sparse,4,null,True,1,learned,0,0,0,0,0.0,0,0,0,0,0,0
sparse,4,null,False,2,poisson,0,0,0,0,0.0,0,0,0,0,0,0
sparse,4,null,False,2,fixed,0,0,0,0,0.0,0,0,0,0,0,0
sparse,4,null,False,2,learned,0,0,0,0,0.0,0,0,0,0,0,0
sparse,4,null,True,2,poisson,0,0,0,0,0.0,0,0,0,0,0,0
sparse,4,null,True,2,fixed,0,0,0,0,0.0,0,0,0,0,0,0
sparse,4,null,True,2,learned,0,0,0,0,0.0,0,0,0,0,0,0
sparse,4,null,False,3,poisson,0,0,0,0,0.0,0,0,0,0,0,0
sparse,4,null,False,3,fixed,0,0,0,0,0.0,0,0,0,0,0,0
sparse,4,null,False,3,learned,0,0,0,0,0.0,0,0,0,0,0,0
sparse,4,null,True,3,poisson,0,0,0,0,0.0,0,0,0,0,0,0
sparse,4,null,True,3,fixed,0,0,0,0,0.0,0,0,0,0,0,0
sparse,4,null,True,3,learned,0,0,0,0,0.0,0,0,0,0,0,0
sparse,4,null,False,4,poisson,0,0,0,0,0.0,0,0,0,0,0,0
sparse,4,null,False,4,fixed,0,0,0,0,0.0,0,0,0,0,0,0
sparse,4,null,False,4,learned,0,0,0,0,0.0,0,0,0,0,0,0
sparse,4,null,True,4,poisson,0,0,0,0,0.0,0,0,0,0,0,0
sparse,4,null,True,4,fixed,0,0,0,0,0.0,0,0,0,0,0,0
sparse,4,null,True,4,learned,0,0,0,0,0.0,0,0,0,0,0,0
sparse,4,null,False,5,poisson,2,0,0,0,0.0,0,0,0,0,0,0
sparse,4,null,False,5,fixed,2,0,0,0,0.0,0,0,0,0,0,0
sparse,4,null,False,5,learned,2,2,2,1,1.0,0,0,0,0,0,0
sparse,4,null,True,5,poisson,2,0,0,0,0.0,0,0,0,0,0,0
sparse,4,null,True,5,fixed,2,0,0,0,0.0,0,0,0,0,0,0
sparse,4,null,True,5,learned,2,0,0,0,0.0,0,0,0,0,0,0
sparse,4,null,False,6,poisson,0,0,0,0,0.0,0,0,0,0,0,0
sparse,4,null,False,6,fixed,0,0,0,0,0.0,0,0,0,0,0,0
sparse,4,null,False,6,learned,0,0,0,0,0.0,0,0,0,0,0,0
sparse,4,null,True,6,poisson,0,0,0,0,0.0,0,0,0,0,0,0
sparse,4,null,True,6,fixed,0,0,0,0,0.0,0,0,0,0,0,0
sparse,4,null,True,6,learned,0,0,0,0,0.0,0,0,0,0,0,0
sparse,4,null,False,7,poisson,0,0,0,0,0.0,0,0,0,0,0,0
sparse,4,null,False,7,fixed,0,0,0,0,0.0,0,0,0,0,0,0
sparse,4,null,False,7,learned,0,0,0,0,0.0,0,0,0,0,0,0
sparse,4,null,True,7,poisson,0,0,0,0,0.0,0,0,0,0,0,0
sparse,4,null,True,7,fixed,0,0,0,0,0.0,0,0,0,0,0,0
sparse,4,null,True,7,learned,0,0,0,0,0.0,0,0,0,0,0,0
sparse,4,null,False,8,poisson,0,0,0,0,0.0,0,0,0,0,0,0
sparse,4,null,False,8,fixed,0,0,0,0,0.0,0,0,0,0,0,0
sparse,4,null,False,8,learned,0,0,0,0,0.0,0,0,0,0,0,0
sparse,4,null,True,8,poisson,0,0,0,0,0.0,0,0,0,0,0,0
sparse,4,null,True,8,fixed,0,0,0,0,0.0,0,0,0,0,0,0
sparse,4,null,True,8,learned,0,0,0,0,0.0,0,0,0,0,0,0
sparse,4,null,False,9,poisson,0,0,0,0,0.0,0,0,0,0,0,0
sparse,4,null,False,9,fixed,0,0,0,0,0.0,0,0,0,0,0,0
sparse,4,null,False,9,learned,0,0,0,0,0.0,0,0,0,0,0,0
sparse,4,null,True,9,poisson,0,0,0,0,0.0,0,0,0,0,0,0
sparse,4,null,True,9,fixed,0,0,0,0,0.0,0,0,0,0,0,0
sparse,4,null,True,9,learned,0,0,0,0,0.0,0,0,0,0,0,0
sparse,4,null,False,10,poisson,0,0,0,0,0.0,0,0,0,0,0,0
sparse,4,null,False,10,fixed,0,0,0,0,0.0,0,0,0,0,0,0
sparse,4,null,False,10,learned,0,0,0,0,0.0,0,0,0,0,0,0
sparse,4,null,True,10,poisson,0,0,0,0,0.0,0,0,0,0,0,0
sparse,4,null,True,10,fixed,0,0,0,0,0.0,0,0,0,0,0,0
sparse,4,null,True,10,learned,0,0,0,0,0.0,0,0,0,0,0,0
sparse,4,null,False,11,poisson,2,0,0,0,0.0,0,0,0,0,0,0
sparse,4,null,False,11,fixed,2,0,0,0,0.0,0,0,0,0,0,0
sparse,4,null,False,11,learned,2,2,2,1,1.0,0,0,0,0,0,0
sparse,4,null,True,11,poisson,2,0,0,0,0.0,0,0,0,0,0,0
sparse,4,null,True,11,fixed,2,0,0,0,0.0,0,0,0,0,0,0
sparse,4,null,True,11,learned,2,0,0,0,0.0,0,0,0,0,0,0
sparse,4,null,False,12,poisson,0,0,0,0,0.0,0,0,0,0,0,0
sparse,4,null,False,12,fixed,0,0,0,0,0.0,0,0,0,0,0,0
sparse,4,null,False,12,learned,0,0,0,0,0.0,0,0,0,0,0,0
sparse,4,null,True,12,poisson,0,0,0,0,0.0,0,0,0,0,0,0
sparse,4,null,True,12,fixed,0,0,0,0,0.0,0,0,0,0,0,0
sparse,4,null,True,12,learned,0,0,0,0,0.0,0,0,0,0,0,0
sparse,4,null,False,13,poisson,0,0,0,0,0.0,0,0,0,0,0,0
sparse,4,null,False,13,fixed,0,0,0,0,0.0,0,0,0,0,0,0
sparse,4,null,False,13,learned,0,0,0,0,0.0,0,0,0,0,0,0
sparse,4,null,True,13,poisson,0,0,0,0,0.0,0,0,0,0,0,0
sparse,4,null,True,13,fixed,0,0,0,0,0.0,0,0,0,0,0,0
sparse,4,null,True,13,learned,0,0,0,0,0.0,0,0,0,0,0,0
sparse,4,null,False,14,poisson,0,0,0,0,0.0,0,0,0,0,0,0
sparse,4,null,False,14,fixed,0,0,0,0,0.0,0,0,0,0,0,0
sparse,4,null,False,14,learned,0,0,0,0,0.0,0,0,0,0,0,0
sparse,4,null,True,14,poisson,0,0,0,0,0.0,0,0,0,0,0,0
sparse,4,null,True,14,fixed,0,0,0,0,0.0,0,0,0,0,0,0
sparse,4,null,True,14,learned,0,0,0,0,0.0,0,0,0,0,0,0
sparse,4,null,False,15,poisson,0,0,0,0,0.0,0,0,0,0,0,0
sparse,4,null,False,15,fixed,0,0,0,0,0.0,0,0,0,0,0,0
sparse,4,null,False,15,learned,0,0,0,0,0.0,0,0,0,0,0,0
sparse,4,null,True,15,poisson,0,0,0,0,0.0,0,0,0,0,0,0
sparse,4,null,True,15,fixed,0,0,0,0,0.0,0,0,0,0,0,0
sparse,4,null,True,15,learned,0,0,0,0,0.0,0,0,0,0,0,0
sparse,4,null,False,16,poisson,0,0,0,0,0.0,0,0,0,0,0,0
sparse,4,null,False,16,fixed,0,0,0,0,0.0,0,0,0,0,0,0
sparse,4,null,False,16,learned,0,0,0,0,0.0,0,0,0,0,0,0
sparse,4,null,True,16,poisson,0,0,0,0,0.0,0,0,0,0,0,0
sparse,4,null,True,16,fixed,0,0,0,0,0.0,0,0,0,0,0,0
sparse,4,null,True,16,learned,0,0,0,0,0.0,0,0,0,0,0,0
sparse,4,null,False,17,poisson,0,0,0,0,0.0,0,0,0,0,0,0
sparse,4,null,False,17,fixed,0,0,0,0,0.0,0,0,0,0,0,0
sparse,4,null,False,17,learned,0,0,0,0,0.0,0,0,0,0,0,0
sparse,4,null,True,17,poisson,0,0,0,0,0.0,0,0,0,0,0,0
sparse,4,null,True,17,fixed,0,0,0,0,0.0,0,0,0,0,0,0
sparse,4,null,True,17,learned,0,0,0,0,0.0,0,0,0,0,0,0
sparse,4,null,False,18,poisson,0,0,0,0,0.0,0,0,0,0,0,0
sparse,4,null,False,18,fixed,0,0,0,0,0.0,0,0,0,0,0,0
sparse,4,null,False,18,learned,0,0,0,0,0.0,0,0,0,0,0,0
sparse,4,null,True,18,poisson,0,0,0,0,0.0,0,0,0,0,0,0
sparse,4,null,True,18,fixed,0,0,0,0,0.0,0,0,0,0,0,0
sparse,4,null,True,18,learned,0,0,0,0,0.0,0,0,0,0,0,0
sparse,4,null,False,19,poisson,0,0,0,0,0.0,0,0,0,0,0,0
sparse,4,null,False,19,fixed,0,0,0,0,0.0,0,0,0,0,0,0
sparse,4,null,False,19,learned,0,0,0,0,0.0,0,0,0,0,0,0
sparse,4,null,True,19,poisson,0,0,0,0,0.0,0,0,0,0,0,0
sparse,4,null,True,19,fixed,0,0,0,0,0.0,0,0,0,0,0,0
sparse,4,null,True,19,learned,0,0,0,0,0.0,0,0,0,0,0,0
sparse,4,null,False,20,poisson,0,0,0,0,0.0,0,0,0,0,0,0
sparse,4,null,False,20,fixed,0,0,0,0,0.0,0,0,0,0,0,0
sparse,4,null,False,20,learned,0,0,0,0,0.0,0,0,0,0,0,0
sparse,4,null,True,20,poisson,0,0,0,0,0.0,0,0,0,0,0,0
sparse,4,null,True,20,fixed,0,0,0,0,0.0,0,0,0,0,0,0
sparse,4,null,True,20,learned,0,0,0,0,0.0,0,0,0,0,0,0
sparse,4,null,False,21,poisson,0,0,0,0,0.0,0,0,0,0,0,0
sparse,4,null,False,21,fixed,0,0,0,0,0.0,0,0,0,0,0,0
sparse,4,null,False,21,learned,0,0,0,0,0.0,0,0,0,0,0,0
sparse,4,null,True,21,poisson,0,0,0,0,0.0,0,0,0,0,0,0
sparse,4,null,True,21,fixed,0,0,0,0,0.0,0,0,0,0,0,0
sparse,4,null,True,21,learned,0,0,0,0,0.0,0,0,0,0,0,0
sparse,4,null,False,22,poisson,0,0,0,0,0.0,0,0,0,0,0,0
sparse,4,null,False,22,fixed,0,0,0,0,0.0,0,0,0,0,0,0
sparse,4,null,False,22,learned,0,0,0,0,0.0,0,0,0,0,0,0
sparse,4,null,True,22,poisson,0,0,0,0,0.0,0,0,0,0,0,0
sparse,4,null,True,22,fixed,0,0,0,0,0.0,0,0,0,0,0,0
sparse,4,null,True,22,learned,0,0,0,0,0.0,0,0,0,0,0,0
sparse,4,null,False,23,poisson,0,0,0,0,0.0,0,0,0,0,0,0
sparse,4,null,False,23,fixed,0,0,0,0,0.0,0,0,0,0,0,0
sparse,4,null,False,23,learned,0,0,0,0,0.0,0,0,0,0,0,0
sparse,4,null,True,23,poisson,0,0,0,0,0.0,0,0,0,0,0,0
sparse,4,null,True,23,fixed,0,0,0,0,0.0,0,0,0,0,0,0
sparse,4,null,True,23,learned,0,0,0,0,0.0,0,0,0,0,0,0
sparse,4,null,False,24,poisson,0,0,0,0,0.0,0,0,0,0,0,0
sparse,4,null,False,24,fixed,0,0,0,0,0.0,0,0,0,0,0,0
sparse,4,null,False,24,learned,0,0,0,0,0.0,0,0,0,0,0,0
sparse,4,null,True,24,poisson,0,0,0,0,0.0,0,0,0,0,0,0
sparse,4,null,True,24,fixed,0,0,0,0,0.0,0,0,0,0,0,0
sparse,4,null,True,24,learned,0,0,0,0,0.0,0,0,0,0,0,0
sparse,4,null,False,25,poisson,2,0,0,0,0.0,0,0,0,0,0,0
sparse,4,null,False,25,fixed,2,0,0,0,0.0,0,0,0,0,0,0
sparse,4,null,False,25,learned,2,2,2,1,1.0,0,0,0,0,0,0
sparse,4,null,True,25,poisson,2,0,0,0,0.0,0,0,0,0,0,0
sparse,4,null,True,25,fixed,2,0,0,0,0.0,0,0,0,0,0,0
sparse,4,null,True,25,learned,2,2,2,1,1.0,0,0,0,0,0,0
sparse,4,null,False,26,poisson,0,0,0,0,0.0,0,0,0,0,0,0
sparse,4,null,False,26,fixed,0,0,0,0,0.0,0,0,0,0,0,0
sparse,4,null,False,26,learned,0,0,0,0,0.0,0,0,0,0,0,0
sparse,4,null,True,26,poisson,0,0,0,0,0.0,0,0,0,0,0,0
sparse,4,null,True,26,fixed,0,0,0,0,0.0,0,0,0,0,0,0
sparse,4,null,True,26,learned,0,0,0,0,0.0,0,0,0,0,0,0
sparse,4,null,False,27,poisson,0,0,0,0,0.0,0,0,0,0,0,0
sparse,4,null,False,27,fixed,0,0,0,0,0.0,0,0,0,0,0,0
sparse,4,null,False,27,learned,0,0,0,0,0.0,0,0,0,0,0,0
sparse,4,null,True,27,poisson,0,0,0,0,0.0,0,0,0,0,0,0
sparse,4,null,True,27,fixed,0,0,0,0,0.0,0,0,0,0,0,0
sparse,4,null,True,27,learned,0,0,0,0,0.0,0,0,0,0,0,0
sparse,4,null,False,28,poisson,0,0,0,0,0.0,0,0,0,0,0,0
sparse,4,null,False,28,fixed,0,0,0,0,0.0,0,0,0,0,0,0
sparse,4,null,False,28,learned,0,0,0,0,0.0,0,0,0,0,0,0
sparse,4,null,True,28,poisson,0,0,0,0,0.0,0,0,0,0,0,0
sparse,4,null,True,28,fixed,0,0,0,0,0.0,0,0,0,0,0,0
sparse,4,null,True,28,learned,0,0,0,0,0.0,0,0,0,0,0,0
sparse,4,null,False,29,poisson,0,0,0,0,0.0,0,0,0,0,0,0
sparse,4,null,False,29,fixed,0,0,0,0,0.0,0,0,0,0,0,0
sparse,4,null,False,29,learned,0,0,0,0,0.0,0,0,0,0,0,0
sparse,4,null,True,29,poisson,0,0,0,0,0.0,0,0,0,0,0,0
sparse,4,null,True,29,fixed,0,0,0,0,0.0,0,0,0,0,0,0
sparse,4,null,True,29,learned,0,0,0,0,0.0,0,0,0,0,0,0
sparse,4,null,False,30,poisson,0,0,0,0,0.0,0,0,0,0,0,0
sparse,4,null,False,30,fixed,0,0,0,0,0.0,0,0,0,0,0,0
sparse,4,null,False,30,learned,0,0,0,0,0.0,0,0,0,0,0,0
sparse,4,null,True,30,poisson,0,0,0,0,0.0,0,0,0,0,0,0
sparse,4,null,True,30,fixed,0,0,0,0,0.0,0,0,0,0,0,0
sparse,4,null,True,30,learned,0,0,0,0,0.0,0,0,0,0,0,0
sparse,4,null,False,31,poisson,0,0,0,0,0.0,0,0,0,0,0,0
sparse,4,null,False,31,fixed,0,0,0,0,0.0,0,0,0,0,0,0
sparse,4,null,False,31,learned,0,0,0,0,0.0,0,0,0,0,0,0
sparse,4,null,True,31,poisson,0,0,0,0,0.0,0,0,0,0,0,0
sparse,4,null,True,31,fixed,0,0,0,0,0.0,0,0,0,0,0,0
sparse,4,null,True,31,learned,0,0,0,0,0.0,0,0,0,0,0,0
sparse,4,null,False,32,poisson,0,0,0,0,0.0,0,0,0,0,0,0
sparse,4,null,False,32,fixed,0,0,0,0,0.0,0,0,0,0,0,0
sparse,4,null,False,32,learned,0,0,0,0,0.0,0,0,0,0,0,0
sparse,4,null,True,32,poisson,0,0,0,0,0.0,0,0,0,0,0,0
sparse,4,null,True,32,fixed,0,0,0,0,0.0,0,0,0,0,0,0
sparse,4,null,True,32,learned,0,0,0,0,0.0,0,0,0,0,0,0
sparse,4,null,False,33,poisson,0,0,0,0,0.0,0,0,0,0,0,0
sparse,4,null,False,33,fixed,0,0,0,0,0.0,0,0,0,0,0,0
sparse,4,null,False,33,learned,0,0,0,0,0.0,0,0,0,0,0,0
sparse,4,null,True,33,poisson,0,0,0,0,0.0,0,0,0,0,0,0
sparse,4,null,True,33,fixed,0,0,0,0,0.0,0,0,0,0,0,0
sparse,4,null,True,33,learned,0,0,0,0,0.0,0,0,0,0,0,0
sparse,4,null,False,34,poisson,0,0,0,0,0.0,0,0,0,0,0,0
sparse,4,null,False,34,fixed,0,0,0,0,0.0,0,0,0,0,0,0
sparse,4,null,False,34,learned,0,0,0,0,0.0,0,0,0,0,0,0
sparse,4,null,True,34,poisson,0,0,0,0,0.0,0,0,0,0,0,0
sparse,4,null,True,34,fixed,0,0,0,0,0.0,0,0,0,0,0,0
sparse,4,null,True,34,learned,0,0,0,0,0.0,0,0,0,0,0,0
sparse,4,null,False,35,poisson,0,0,0,0,0.0,0,0,0,0,0,0
sparse,4,null,False,35,fixed,0,0,0,0,0.0,0,0,0,0,0,0
sparse,4,null,False,35,learned,0,0,0,0,0.0,0,0,0,0,0,0
sparse,4,null,True,35,poisson,0,0,0,0,0.0,0,0,0,0,0,0
sparse,4,null,True,35,fixed,0,0,0,0,0.0,0,0,0,0,0,0
sparse,4,null,True,35,learned,0,0,0,0,0.0,0,0,0,0,0,0
sparse,4,null,False,36,poisson,0,0,0,0,0.0,0,0,0,0,0,0
sparse,4,null,False,36,fixed,0,0,0,0,0.0,0,0,0,0,0,0
sparse,4,null,False,36,learned,0,0,0,0,0.0,0,0,0,0,0,0
sparse,4,null,True,36,poisson,0,0,0,0,0.0,0,0,0,0,0,0
sparse,4,null,True,36,fixed,0,0,0,0,0.0,0,0,0,0,0,0
sparse,4,null,True,36,learned,0,0,0,0,0.0,0,0,0,0,0,0
sparse,4,null,False,37,poisson,0,0,0,0,0.0,0,0,0,0,0,0
sparse,4,null,False,37,fixed,0,0,0,0,0.0,0,0,0,0,0,0
sparse,4,null,False,37,learned,0,0,0,0,0.0,0,0,0,0,0,0
sparse,4,null,True,37,poisson,0,0,0,0,0.0,0,0,0,0,0,0
sparse,4,null,True,37,fixed,0,0,0,0,0.0,0,0,0,0,0,0
sparse,4,null,True,37,learned,0,0,0,0,0.0,0,0,0,0,0,0
sparse,4,null,False,38,poisson,0,0,0,0,0.0,0,0,0,0,0,0
sparse,4,null,False,38,fixed,0,0,0,0,0.0,0,0,0,0,0,0
sparse,4,null,False,38,learned,0,0,0,0,0.0,0,0,0,0,0,0
sparse,4,null,True,38,poisson,0,0,0,0,0.0,0,0,0,0,0,0
sparse,4,null,True,38,fixed,0,0,0,0,0.0,0,0,0,0,0,0
sparse,4,null,True,38,learned,0,0,0,0,0.0,0,0,0,0,0,0
sparse,4,null,False,39,poisson,0,0,0,0,0.0,0,0,0,0,0,0
sparse,4,null,False,39,fixed,0,0,0,0,0.0,0,0,0,0,0,0
sparse,4,null,False,39,learned,0,0,0,0,0.0,0,0,0,0,0,0
sparse,4,null,True,39,poisson,0,0,0,0,0.0,0,0,0,0,0,0
sparse,4,null,True,39,fixed,0,0,0,0,0.0,0,0,0,0,0,0
sparse,4,null,True,39,learned,0,0,0,0,0.0,0,0,0,0,0,0
sparse,4,null,False,40,poisson,0,0,0,0,0.0,0,0,0,0,0,0
sparse,4,null,False,40,fixed,0,0,0,0,0.0,0,0,0,0,0,0
sparse,4,null,False,40,learned,0,0,0,0,0.0,0,0,0,0,0,0
sparse,4,null,True,40,poisson,0,0,0,0,0.0,0,0,0,0,0,0
sparse,4,null,True,40,fixed,0,0,0,0,0.0,0,0,0,0,0,0
sparse,4,null,True,40,learned,0,0,0,0,0.0,0,0,0,0,0,0
sparse,4,null,False,41,poisson,0,0,0,0,0.0,0,0,0,0,0,0
sparse,4,null,False,41,fixed,0,0,0,0,0.0,0,0,0,0,0,0
sparse,4,null,False,41,learned,0,0,0,0,0.0,0,0,0,0,0,0
sparse,4,null,True,41,poisson,0,0,0,0,0.0,0,0,0,0,0,0
sparse,4,null,True,41,fixed,0,0,0,0,0.0,0,0,0,0,0,0
sparse,4,null,True,41,learned,0,0,0,0,0.0,0,0,0,0,0,0
sparse,4,null,False,42,poisson,0,0,0,0,0.0,0,0,0,0,0,0
sparse,4,null,False,42,fixed,0,0,0,0,0.0,0,0,0,0,0,0
sparse,4,null,False,42,learned,0,0,0,0,0.0,0,0,0,0,0,0
sparse,4,null,True,42,poisson,0,0,0,0,0.0,0,0,0,0,0,0
sparse,4,null,True,42,fixed,0,0,0,0,0.0,0,0,0,0,0,0
sparse,4,null,True,42,learned,0,0,0,0,0.0,0,0,0,0,0,0
sparse,4,null,False,43,poisson,0,0,0,0,0.0,0,0,0,0,0,0
sparse,4,null,False,43,fixed,0,0,0,0,0.0,0,0,0,0,0,0
sparse,4,null,False,43,learned,0,0,0,0,0.0,0,0,0,0,0,0
sparse,4,null,True,43,poisson,0,0,0,0,0.0,0,0,0,0,0,0
sparse,4,null,True,43,fixed,0,0,0,0,0.0,0,0,0,0,0,0
sparse,4,null,True,43,learned,0,0,0,0,0.0,0,0,0,0,0,0
sparse,4,null,False,44,poisson,0,0,0,0,0.0,0,0,0,0,0,0
sparse,4,null,False,44,fixed,0,0,0,0,0.0,0,0,0,0,0,0
sparse,4,null,False,44,learned,0,0,0,0,0.0,0,0,0,0,0,0
sparse,4,null,True,44,poisson,0,0,0,0,0.0,0,0,0,0,0,0
sparse,4,null,True,44,fixed,0,0,0,0,0.0,0,0,0,0,0,0
sparse,4,null,True,44,learned,0,0,0,0,0.0,0,0,0,0,0,0
sparse,4,null,False,45,poisson,0,0,0,0,0.0,0,0,0,0,0,0
sparse,4,null,False,45,fixed,0,0,0,0,0.0,0,0,0,0,0,0
sparse,4,null,False,45,learned,0,0,0,0,0.0,0,0,0,0,0,0
sparse,4,null,True,45,poisson,0,0,0,0,0.0,0,0,0,0,0,0
sparse,4,null,True,45,fixed,0,0,0,0,0.0,0,0,0,0,0,0
sparse,4,null,True,45,learned,0,0,0,0,0.0,0,0,0,0,0,0
sparse,4,null,False,46,poisson,0,0,0,0,0.0,0,0,0,0,0,0
sparse,4,null,False,46,fixed,0,0,0,0,0.0,0,0,0,0,0,0
sparse,4,null,False,46,learned,0,0,0,0,0.0,0,0,0,0,0,0
sparse,4,null,True,46,poisson,0,0,0,0,0.0,0,0,0,0,0,0
sparse,4,null,True,46,fixed,0,0,0,0,0.0,0,0,0,0,0,0
sparse,4,null,True,46,learned,0,0,0,0,0.0,0,0,0,0,0,0
sparse,4,null,False,47,poisson,0,0,0,0,0.0,0,0,0,0,0,0
sparse,4,null,False,47,fixed,0,0,0,0,0.0,0,0,0,0,0,0
sparse,4,null,False,47,learned,0,0,0,0,0.0,0,0,0,0,0,0
sparse,4,null,True,47,poisson,0,0,0,0,0.0,0,0,0,0,0,0
sparse,4,null,True,47,fixed,0,0,0,0,0.0,0,0,0,0,0,0
sparse,4,null,True,47,learned,0,0,0,0,0.0,0,0,0,0,0,0
sparse,4,null,False,48,poisson,0,0,0,0,0.0,0,0,0,0,0,0
sparse,4,null,False,48,fixed,0,0,0,0,0.0,0,0,0,0,0,0
sparse,4,null,False,48,learned,0,0,0,0,0.0,0,0,0,0,0,0
sparse,4,null,True,48,poisson,0,0,0,0,0.0,0,0,0,0,0,0
sparse,4,null,True,48,fixed,0,0,0,0,0.0,0,0,0,0,0,0
sparse,4,null,True,48,learned,0,0,0,0,0.0,0,0,0,0,0,0
sparse,4,null,False,49,poisson,0,0,0,0,0.0,0,0,0,0,0,0
sparse,4,null,False,49,fixed,0,0,0,0,0.0,0,0,0,0,0,0
sparse,4,null,False,49,learned,0,0,0,0,0.0,0,0,0,0,0,0
sparse,4,null,True,49,poisson,0,0,0,0,0.0,0,0,0,0,0,0
sparse,4,null,True,49,fixed,0,0,0,0,0.0,0,0,0,0,0,0
sparse,4,null,True,49,learned,0,0,0,0,0.0,0,0,0,0,0,0
sparse,4,null,False,50,poisson,0,0,0,0,0.0,0,0,0,0,0,0
sparse,4,null,False,50,fixed,0,0,0,0,0.0,0,0,0,0,0,0
sparse,4,null,False,50,learned,0,0,0,0,0.0,0,0,0,0,0,0
sparse,4,null,True,50,poisson,0,0,0,0,0.0,0,0,0,0,0,0
sparse,4,null,True,50,fixed,0,0,0,0,0.0,0,0,0,0,0,0
sparse,4,null,True,50,learned,0,0,0,0,0.0,0,0,0,0,0,0
sparse,4,null,False,51,poisson,0,0,0,0,0.0,0,0,0,0,0,0
sparse,4,null,False,51,fixed,0,0,0,0,0.0,0,0,0,0,0,0
sparse,4,null,False,51,learned,0,0,0,0,0.0,0,0,0,0,0,0
sparse,4,null,True,51,poisson,0,0,0,0,0.0,0,0,0,0,0,0
sparse,4,null,True,51,fixed,0,0,0,0,0.0,0,0,0,0,0,0
sparse,4,null,True,51,learned,0,0,0,0,0.0,0,0,0,0,0,0
sparse,4,null,False,52,poisson,0,0,0,0,0.0,0,0,0,0,0,0
sparse,4,null,False,52,fixed,0,0,0,0,0.0,0,0,0,0,0,0
sparse,4,null,False,52,learned,0,0,0,0,0.0,0,0,0,0,0,0
sparse,4,null,True,52,poisson,0,0,0,0,0.0,0,0,0,0,0,0
sparse,4,null,True,52,fixed,0,0,0,0,0.0,0,0,0,0,0,0
sparse,4,null,True,52,learned,0,0,0,0,0.0,0,0,0,0,0,0
sparse,4,null,False,53,poisson,0,0,0,0,0.0,0,0,0,0,0,0
sparse,4,null,False,53,fixed,0,0,0,0,0.0,0,0,0,0,0,0
sparse,4,null,False,53,learned,0,0,0,0,0.0,0,0,0,0,0,0
sparse,4,null,True,53,poisson,0,0,0,0,0.0,0,0,0,0,0,0
sparse,4,null,True,53,fixed,0,0,0,0,0.0,0,0,0,0,0,0
sparse,4,null,True,53,learned,0,0,0,0,0.0,0,0,0,0,0,0
sparse,4,null,False,54,poisson,0,0,0,0,0.0,0,0,0,0,0,0
sparse,4,null,False,54,fixed,0,0,0,0,0.0,0,0,0,0,0,0
sparse,4,null,False,54,learned,0,0,0,0,0.0,0,0,0,0,0,0
sparse,4,null,True,54,poisson,0,0,0,0,0.0,0,0,0,0,0,0
sparse,4,null,True,54,fixed,0,0,0,0,0.0,0,0,0,0,0,0
sparse,4,null,True,54,learned,0,0,0,0,0.0,0,0,0,0,0,0
sparse,4,null,False,55,poisson,2,0,0,0,0.0,0,0,0,0,0,0
sparse,4,null,False,55,fixed,2,0,0,0,0.0,0,0,0,0,0,0
sparse,4,null,False,55,learned,2,2,2,1,1.0,0,0,0,0,0,0
sparse,4,null,True,55,poisson,2,0,0,0,0.0,0,0,0,0,0,0
sparse,4,null,True,55,fixed,2,0,0,0,0.0,0,0,0,0,0,0
sparse,4,null,True,55,learned,2,0,0,0,0.0,0,0,0,0,0,0
sparse,4,null,False,56,poisson,0,0,0,0,0.0,0,0,0,0,0,0
sparse,4,null,False,56,fixed,0,0,0,0,0.0,0,0,0,0,0,0
sparse,4,null,False,56,learned,0,0,0,0,0.0,0,0,0,0,0,0
sparse,4,null,True,56,poisson,0,0,0,0,0.0,0,0,0,0,0,0
sparse,4,null,True,56,fixed,0,0,0,0,0.0,0,0,0,0,0,0
sparse,4,null,True,56,learned,0,0,0,0,0.0,0,0,0,0,0,0
sparse,4,null,False,57,poisson,0,0,0,0,0.0,0,0,0,0,0,0
sparse,4,null,False,57,fixed,0,0,0,0,0.0,0,0,0,0,0,0
sparse,4,null,False,57,learned,0,0,0,0,0.0,0,0,0,0,0,0
sparse,4,null,True,57,poisson,0,0,0,0,0.0,0,0,0,0,0,0
sparse,4,null,True,57,fixed,0,0,0,0,0.0,0,0,0,0,0,0
sparse,4,null,True,57,learned,0,0,0,0,0.0,0,0,0,0,0,0
sparse,4,null,False,58,poisson,0,0,0,0,0.0,0,0,0,0,0,0
sparse,4,null,False,58,fixed,0,0,0,0,0.0,0,0,0,0,0,0
sparse,4,null,False,58,learned,0,0,0,0,0.0,0,0,0,0,0,0
sparse,4,null,True,58,poisson,0,0,0,0,0.0,0,0,0,0,0,0
sparse,4,null,True,58,fixed,0,0,0,0,0.0,0,0,0,0,0,0
sparse,4,null,True,58,learned,0,0,0,0,0.0,0,0,0,0,0,0
sparse,4,null,False,59,poisson,0,0,0,0,0.0,0,0,0,0,0,0
sparse,4,null,False,59,fixed,0,0,0,0,0.0,0,0,0,0,0,0
sparse,4,null,False,59,learned,0,0,0,0,0.0,0,0,0,0,0,0
sparse,4,null,True,59,poisson,0,0,0,0,0.0,0,0,0,0,0,0
sparse,4,null,True,59,fixed,0,0,0,0,0.0,0,0,0,0,0,0
sparse,4,null,True,59,learned,0,0,0,0,0.0,0,0,0,0,0,0
sparse,4,null,False,60,poisson,0,0,0,0,0.0,0,0,0,0,0,0
sparse,4,null,False,60,fixed,0,0,0,0,0.0,0,0,0,0,0,0
sparse,4,null,False,60,learned,0,0,0,0,0.0,0,0,0,0,0,0
sparse,4,null,True,60,poisson,0,0,0,0,0.0,0,0,0,0,0,0
sparse,4,null,True,60,fixed,0,0,0,0,0.0,0,0,0,0,0,0
sparse,4,null,True,60,learned,0,0,0,0,0.0,0,0,0,0,0,0
sparse,4,null,False,61,poisson,0,0,0,0,0.0,0,0,0,0,0,0
sparse,4,null,False,61,fixed,0,0,0,0,0.0,0,0,0,0,0,0
sparse,4,null,False,61,learned,0,0,0,0,0.0,0,0,0,0,0,0
sparse,4,null,True,61,poisson,0,0,0,0,0.0,0,0,0,0,0,0
sparse,4,null,True,61,fixed,0,0,0,0,0.0,0,0,0,0,0,0
sparse,4,null,True,61,learned,0,0,0,0,0.0,0,0,0,0,0,0
sparse,4,null,False,62,poisson,0,0,0,0,0.0,0,0,0,0,0,0
sparse,4,null,False,62,fixed,0,0,0,0,0.0,0,0,0,0,0,0
sparse,4,null,False,62,learned,0,0,0,0,0.0,0,0,0,0,0,0
sparse,4,null,True,62,poisson,0,0,0,0,0.0,0,0,0,0,0,0
sparse,4,null,True,62,fixed,0,0,0,0,0.0,0,0,0,0,0,0
sparse,4,null,True,62,learned,0,0,0,0,0.0,0,0,0,0,0,0
sparse,4,null,False,63,poisson,0,0,0,0,0.0,0,0,0,0,0,0
sparse,4,null,False,63,fixed,0,0,0,0,0.0,0,0,0,0,0,0
sparse,4,null,False,63,learned,0,0,0,0,0.0,0,0,0,0,0,0
sparse,4,null,True,63,poisson,0,0,0,0,0.0,0,0,0,0,0,0
sparse,4,null,True,63,fixed,0,0,0,0,0.0,0,0,0,0,0,0
sparse,4,null,True,63,learned,0,0,0,0,0.0,0,0,0,0,0,0
sparse,4,null,False,64,poisson,0,0,0,0,0.0,0,0,0,0,0,0
sparse,4,null,False,64,fixed,0,0,0,0,0.0,0,0,0,0,0,0
sparse,4,null,False,64,learned,0,0,0,0,0.0,0,0,0,0,0,0
sparse,4,null,True,64,poisson,0,0,0,0,0.0,0,0,0,0,0,0
sparse,4,null,True,64,fixed,0,0,0,0,0.0,0,0,0,0,0,0
sparse,4,null,True,64,learned,0,0,0,0,0.0,0,0,0,0,0,0
sparse,4,null,False,65,poisson,0,0,0,0,0.0,0,0,0,0,0,0
sparse,4,null,False,65,fixed,0,0,0,0,0.0,0,0,0,0,0,0
sparse,4,null,False,65,learned,0,0,0,0,0.0,0,0,0,0,0,0
sparse,4,null,True,65,poisson,0,0,0,0,0.0,0,0,0,0,0,0
sparse,4,null,True,65,fixed,0,0,0,0,0.0,0,0,0,0,0,0
sparse,4,null,True,65,learned,0,0,0,0,0.0,0,0,0,0,0,0
sparse,4,null,False,66,poisson,0,0,0,0,0.0,0,0,0,0,0,0
sparse,4,null,False,66,fixed,0,0,0,0,0.0,0,0,0,0,0,0
sparse,4,null,False,66,learned,0,0,0,0,0.0,0,0,0,0,0,0
sparse,4,null,True,66,poisson,0,0,0,0,0.0,0,0,0,0,0,0
sparse,4,null,True,66,fixed,0,0,0,0,0.0,0,0,0,0,0,0
sparse,4,null,True,66,learned,0,0,0,0,0.0,0,0,0,0,0,0
sparse,4,null,False,67,poisson,0,0,0,0,0.0,0,0,0,0,0,0
sparse,4,null,False,67,fixed,0,0,0,0,0.0,0,0,0,0,0,0
sparse,4,null,False,67,learned,0,0,0,0,0.0,0,0,0,0,0,0
sparse,4,null,True,67,poisson,0,0,0,0,0.0,0,0,0,0,0,0
sparse,4,null,True,67,fixed,0,0,0,0,0.0,0,0,0,0,0,0
sparse,4,null,True,67,learned,0,0,0,0,0.0,0,0,0,0,0,0
sparse,4,null,False,68,poisson,2,0,0,0,0.0,0,0,0,0,0,0
sparse,4,null,False,68,fixed,2,2,2,1,1.0,0,0,0,0,0,0
sparse,4,null,False,68,learned,2,2,2,1,1.0,0,0,0,0,0,0
sparse,4,null,True,68,poisson,2,0,0,0,0.0,0,0,0,0,0,0
sparse,4,null,True,68,fixed,2,0,0,0,0.0,0,0,0,0,0,0
sparse,4,null,True,68,learned,2,0,0,0,0.0,0,0,0,0,0,0
sparse,4,null,False,69,poisson,0,0,0,0,0.0,0,0,0,0,0,0
sparse,4,null,False,69,fixed,0,0,0,0,0.0,0,0,0,0,0,0
sparse,4,null,False,69,learned,0,0,0,0,0.0,0,0,0,0,0,0
sparse,4,null,True,69,poisson,0,0,0,0,0.0,0,0,0,0,0,0
sparse,4,null,True,69,fixed,0,0,0,0,0.0,0,0,0,0,0,0
sparse,4,null,True,69,learned,0,0,0,0,0.0,0,0,0,0,0,0
sparse,4,null,False,70,poisson,0,0,0,0,0.0,0,0,0,0,0,0
sparse,4,null,False,70,fixed,0,0,0,0,0.0,0,0,0,0,0,0
sparse,4,null,False,70,learned,0,0,0,0,0.0,0,0,0,0,0,0
sparse,4,null,True,70,poisson,0,0,0,0,0.0,0,0,0,0,0,0
sparse,4,null,True,70,fixed,0,0,0,0,0.0,0,0,0,0,0,0
sparse,4,null,True,70,learned,0,0,0,0,0.0,0,0,0,0,0,0
sparse,4,null,False,71,poisson,0,0,0,0,0.0,0,0,0,0,0,0
sparse,4,null,False,71,fixed,0,0,0,0,0.0,0,0,0,0,0,0
sparse,4,null,False,71,learned,0,0,0,0,0.0,0,0,0,0,0,0
sparse,4,null,True,71,poisson,0,0,0,0,0.0,0,0,0,0,0,0
sparse,4,null,True,71,fixed,0,0,0,0,0.0,0,0,0,0,0,0
sparse,4,null,True,71,learned,0,0,0,0,0.0,0,0,0,0,0,0
sparse,4,null,False,72,poisson,0,0,0,0,0.0,0,0,0,0,0,0
sparse,4,null,False,72,fixed,0,0,0,0,0.0,0,0,0,0,0,0
sparse,4,null,False,72,learned,0,0,0,0,0.0,0,0,0,0,0,0
sparse,4,null,True,72,poisson,0,0,0,0,0.0,0,0,0,0,0,0
sparse,4,null,True,72,fixed,0,0,0,0,0.0,0,0,0,0,0,0
sparse,4,null,True,72,learned,0,0,0,0,0.0,0,0,0,0,0,0
sparse,4,null,False,73,poisson,0,0,0,0,0.0,0,0,0,0,0,0
sparse,4,null,False,73,fixed,0,0,0,0,0.0,0,0,0,0,0,0
sparse,4,null,False,73,learned,0,0,0,0,0.0,0,0,0,0,0,0
sparse,4,null,True,73,poisson,0,0,0,0,0.0,0,0,0,0,0,0
sparse,4,null,True,73,fixed,0,0,0,0,0.0,0,0,0,0,0,0
sparse,4,null,True,73,learned,0,0,0,0,0.0,0,0,0,0,0,0
sparse,4,null,False,74,poisson,0,0,0,0,0.0,0,0,0,0,0,0
sparse,4,null,False,74,fixed,0,0,0,0,0.0,0,0,0,0,0,0
sparse,4,null,False,74,learned,0,0,0,0,0.0,0,0,0,0,0,0
sparse,4,null,True,74,poisson,0,0,0,0,0.0,0,0,0,0,0,0
sparse,4,null,True,74,fixed,0,0,0,0,0.0,0,0,0,0,0,0
sparse,4,null,True,74,learned,0,0,0,0,0.0,0,0,0,0,0,0
sparse,4,null,False,75,poisson,0,0,0,0,0.0,0,0,0,0,0,0
sparse,4,null,False,75,fixed,0,0,0,0,0.0,0,0,0,0,0,0
sparse,4,null,False,75,learned,0,0,0,0,0.0,0,0,0,0,0,0
sparse,4,null,True,75,poisson,0,0,0,0,0.0,0,0,0,0,0,0
sparse,4,null,True,75,fixed,0,0,0,0,0.0,0,0,0,0,0,0
sparse,4,null,True,75,learned,0,0,0,0,0.0,0,0,0,0,0,0
sparse,4,null,False,76,poisson,0,0,0,0,0.0,0,0,0,0,0,0
sparse,4,null,False,76,fixed,0,0,0,0,0.0,0,0,0,0,0,0
sparse,4,null,False,76,learned,0,0,0,0,0.0,0,0,0,0,0,0
sparse,4,null,True,76,poisson,0,0,0,0,0.0,0,0,0,0,0,0
sparse,4,null,True,76,fixed,0,0,0,0,0.0,0,0,0,0,0,0
sparse,4,null,True,76,learned,0,0,0,0,0.0,0,0,0,0,0,0
sparse,4,null,False,77,poisson,0,0,0,0,0.0,0,0,0,0,0,0
sparse,4,null,False,77,fixed,0,0,0,0,0.0,0,0,0,0,0,0
sparse,4,null,False,77,learned,0,0,0,0,0.0,0,0,0,0,0,0
sparse,4,null,True,77,poisson,0,0,0,0,0.0,0,0,0,0,0,0
sparse,4,null,True,77,fixed,0,0,0,0,0.0,0,0,0,0,0,0
sparse,4,null,True,77,learned,0,0,0,0,0.0,0,0,0,0,0,0
sparse,4,null,False,78,poisson,2,0,0,0,0.0,0,0,0,0,0,0
sparse,4,null,False,78,fixed,2,0,0,0,0.0,0,0,0,0,0,0
sparse,4,null,False,78,learned,2,2,2,1,1.0,0,0,0,0,0,0
sparse,4,null,True,78,poisson,2,0,0,0,0.0,0,0,0,0,0,0
sparse,4,null,True,78,fixed,2,0,0,0,0.0,0,0,0,0,0,0
sparse,4,null,True,78,learned,2,0,0,0,0.0,0,0,0,0,0,0
sparse,4,null,False,79,poisson,0,0,0,0,0.0,0,0,0,0,0,0
sparse,4,null,False,79,fixed,0,0,0,0,0.0,0,0,0,0,0,0
sparse,4,null,False,79,learned,0,0,0,0,0.0,0,0,0,0,0,0
sparse,4,null,True,79,poisson,0,0,0,0,0.0,0,0,0,0,0,0
sparse,4,null,True,79,fixed,0,0,0,0,0.0,0,0,0,0,0,0
sparse,4,null,True,79,learned,0,0,0,0,0.0,0,0,0,0,0,0
sparse,4,null,False,80,poisson,0,0,0,0,0.0,0,0,0,0,0,0
sparse,4,null,False,80,fixed,0,0,0,0,0.0,0,0,0,0,0,0
sparse,4,null,False,80,learned,0,0,0,0,0.0,0,0,0,0,0,0
sparse,4,null,True,80,poisson,0,0,0,0,0.0,0,0,0,0,0,0
sparse,4,null,True,80,fixed,0,0,0,0,0.0,0,0,0,0,0,0
sparse,4,null,True,80,learned,0,0,0,0,0.0,0,0,0,0,0,0
sparse,4,null,False,81,poisson,0,0,0,0,0.0,0,0,0,0,0,0
sparse,4,null,False,81,fixed,0,0,0,0,0.0,0,0,0,0,0,0
sparse,4,null,False,81,learned,0,0,0,0,0.0,0,0,0,0,0,0
sparse,4,null,True,81,poisson,0,0,0,0,0.0,0,0,0,0,0,0
sparse,4,null,True,81,fixed,0,0,0,0,0.0,0,0,0,0,0,0
sparse,4,null,True,81,learned,0,0,0,0,0.0,0,0,0,0,0,0
sparse,4,null,False,82,poisson,0,0,0,0,0.0,0,0,0,0,0,0
sparse,4,null,False,82,fixed,0,0,0,0,0.0,0,0,0,0,0,0
sparse,4,null,False,82,learned,0,0,0,0,0.0,0,0,0,0,0,0
sparse,4,null,True,82,poisson,0,0,0,0,0.0,0,0,0,0,0,0
sparse,4,null,True,82,fixed,0,0,0,0,0.0,0,0,0,0,0,0
sparse,4,null,True,82,learned,0,0,0,0,0.0,0,0,0,0,0,0
sparse,4,null,False,83,poisson,0,0,0,0,0.0,0,0,0,0,0,0
sparse,4,null,False,83,fixed,0,0,0,0,0.0,0,0,0,0,0,0
sparse,4,null,False,83,learned,0,0,0,0,0.0,0,0,0,0,0,0
sparse,4,null,True,83,poisson,0,0,0,0,0.0,0,0,0,0,0,0
sparse,4,null,True,83,fixed,0,0,0,0,0.0,0,0,0,0,0,0
sparse,4,null,True,83,learned,0,0,0,0,0.0,0,0,0,0,0,0
sparse,4,null,False,84,poisson,0,0,0,0,0.0,0,0,0,0,0,0
sparse,4,null,False,84,fixed,0,0,0,0,0.0,0,0,0,0,0,0
sparse,4,null,False,84,learned,0,0,0,0,0.0,0,0,0,0,0,0
sparse,4,null,True,84,poisson,0,0,0,0,0.0,0,0,0,0,0,0
sparse,4,null,True,84,fixed,0,0,0,0,0.0,0,0,0,0,0,0
sparse,4,null,True,84,learned,0,0,0,0,0.0,0,0,0,0,0,0
sparse,4,null,False,85,poisson,0,0,0,0,0.0,0,0,0,0,0,0
sparse,4,null,False,85,fixed,0,0,0,0,0.0,0,0,0,0,0,0
sparse,4,null,False,85,learned,0,0,0,0,0.0,0,0,0,0,0,0
sparse,4,null,True,85,poisson,0,0,0,0,0.0,0,0,0,0,0,0
sparse,4,null,True,85,fixed,0,0,0,0,0.0,0,0,0,0,0,0
sparse,4,null,True,85,learned,0,0,0,0,0.0,0,0,0,0,0,0
sparse,4,null,False,86,poisson,0,0,0,0,0.0,0,0,0,0,0,0
sparse,4,null,False,86,fixed,0,0,0,0,0.0,0,0,0,0,0,0
sparse,4,null,False,86,learned,0,0,0,0,0.0,0,0,0,0,0,0
sparse,4,null,True,86,poisson,0,0,0,0,0.0,0,0,0,0,0,0
sparse,4,null,True,86,fixed,0,0,0,0,0.0,0,0,0,0,0,0
sparse,4,null,True,86,learned,0,0,0,0,0.0,0,0,0,0,0,0
sparse,4,null,False,87,poisson,0,0,0,0,0.0,0,0,0,0,0,0
sparse,4,null,False,87,fixed,0,0,0,0,0.0,0,0,0,0,0,0
sparse,4,null,False,87,learned,0,0,0,0,0.0,0,0,0,0,0,0
sparse,4,null,True,87,poisson,0,0,0,0,0.0,0,0,0,0,0,0
sparse,4,null,True,87,fixed,0,0,0,0,0.0,0,0,0,0,0,0
sparse,4,null,True,87,learned,0,0,0,0,0.0,0,0,0,0,0,0
sparse,4,null,False,88,poisson,0,0,0,0,0.0,0,0,0,0,0,0
sparse,4,null,False,88,fixed,0,0,0,0,0.0,0,0,0,0,0,0
sparse,4,null,False,88,learned,0,0,0,0,0.0,0,0,0,0,0,0
sparse,4,null,True,88,poisson,0,0,0,0,0.0,0,0,0,0,0,0
sparse,4,null,True,88,fixed,0,0,0,0,0.0,0,0,0,0,0,0
sparse,4,null,True,88,learned,0,0,0,0,0.0,0,0,0,0,0,0
sparse,4,null,False,89,poisson,0,0,0,0,0.0,0,0,0,0,0,0
sparse,4,null,False,89,fixed,0,0,0,0,0.0,0,0,0,0,0,0
sparse,4,null,False,89,learned,0,0,0,0,0.0,0,0,0,0,0,0
sparse,4,null,True,89,poisson,0,0,0,0,0.0,0,0,0,0,0,0
sparse,4,null,True,89,fixed,0,0,0,0,0.0,0,0,0,0,0,0
sparse,4,null,True,89,learned,0,0,0,0,0.0,0,0,0,0,0,0
sparse,4,null,False,90,poisson,0,0,0,0,0.0,0,0,0,0,0,0
sparse,4,null,False,90,fixed,0,0,0,0,0.0,0,0,0,0,0,0
sparse,4,null,False,90,learned,0,0,0,0,0.0,0,0,0,0,0,0
sparse,4,null,True,90,poisson,0,0,0,0,0.0,0,0,0,0,0,0
sparse,4,null,True,90,fixed,0,0,0,0,0.0,0,0,0,0,0,0
sparse,4,null,True,90,learned,0,0,0,0,0.0,0,0,0,0,0,0
sparse,4,null,False,91,poisson,0,0,0,0,0.0,0,0,0,0,0,0
sparse,4,null,False,91,fixed,0,0,0,0,0.0,0,0,0,0,0,0
sparse,4,null,False,91,learned,0,0,0,0,0.0,0,0,0,0,0,0
sparse,4,null,True,91,poisson,0,0,0,0,0.0,0,0,0,0,0,0
sparse,4,null,True,91,fixed,0,0,0,0,0.0,0,0,0,0,0,0
sparse,4,null,True,91,learned,0,0,0,0,0.0,0,0,0,0,0,0
sparse,4,null,False,92,poisson,0,0,0,0,0.0,0,0,0,0,0,0
sparse,4,null,False,92,fixed,0,0,0,0,0.0,0,0,0,0,0,0
sparse,4,null,False,92,learned,0,0,0,0,0.0,0,0,0,0,0,0
sparse,4,null,True,92,poisson,0,0,0,0,0.0,0,0,0,0,0,0
sparse,4,null,True,92,fixed,0,0,0,0,0.0,0,0,0,0,0,0
sparse,4,null,True,92,learned,0,0,0,0,0.0,0,0,0,0,0,0
sparse,4,null,False,93,poisson,0,0,0,0,0.0,0,0,0,0,0,0
sparse,4,null,False,93,fixed,0,0,0,0,0.0,0,0,0,0,0,0
sparse,4,null,False,93,learned,0,0,0,0,0.0,0,0,0,0,0,0
sparse,4,null,True,93,poisson,0,0,0,0,0.0,0,0,0,0,0,0
sparse,4,null,True,93,fixed,0,0,0,0,0.0,0,0,0,0,0,0
sparse,4,null,True,93,learned,0,0,0,0,0.0,0,0,0,0,0,0
sparse,4,null,False,94,poisson,0,0,0,0,0.0,0,0,0,0,0,0
sparse,4,null,False,94,fixed,0,0,0,0,0.0,0,0,0,0,0,0
sparse,4,null,False,94,learned,0,0,0,0,0.0,0,0,0,0,0,0
sparse,4,null,True,94,poisson,0,0,0,0,0.0,0,0,0,0,0,0
sparse,4,null,True,94,fixed,0,0,0,0,0.0,0,0,0,0,0,0
sparse,4,null,True,94,learned,0,0,0,0,0.0,0,0,0,0,0,0
sparse,4,null,False,95,poisson,0,0,0,0,0.0,0,0,0,0,0,0
sparse,4,null,False,95,fixed,0,0,0,0,0.0,0,0,0,0,0,0
sparse,4,null,False,95,learned,0,0,0,0,0.0,0,0,0,0,0,0
sparse,4,null,True,95,poisson,0,0,0,0,0.0,0,0,0,0,0,0
sparse,4,null,True,95,fixed,0,0,0,0,0.0,0,0,0,0,0,0
sparse,4,null,True,95,learned,0,0,0,0,0.0,0,0,0,0,0,0
sparse,4,null,False,96,poisson,0,0,0,0,0.0,0,0,0,0,0,0
sparse,4,null,False,96,fixed,0,0,0,0,0.0,0,0,0,0,0,0
sparse,4,null,False,96,learned,0,0,0,0,0.0,0,0,0,0,0,0
sparse,4,null,True,96,poisson,0,0,0,0,0.0,0,0,0,0,0,0
sparse,4,null,True,96,fixed,0,0,0,0,0.0,0,0,0,0,0,0
sparse,4,null,True,96,learned,0,0,0,0,0.0,0,0,0,0,0,0
sparse,4,null,False,97,poisson,0,0,0,0,0.0,0,0,0,0,0,0
sparse,4,null,False,97,fixed,0,0,0,0,0.0,0,0,0,0,0,0
sparse,4,null,False,97,learned,0,0,0,0,0.0,0,0,0,0,0,0
sparse,4,null,True,97,poisson,0,0,0,0,0.0,0,0,0,0,0,0
sparse,4,null,True,97,fixed,0,0,0,0,0.0,0,0,0,0,0,0
sparse,4,null,True,97,learned,0,0,0,0,0.0,0,0,0,0,0,0
sparse,4,null,False,98,poisson,0,0,0,0,0.0,0,0,0,0,0,0
sparse,4,null,False,98,fixed,0,0,0,0,0.0,0,0,0,0,0,0
sparse,4,null,False,98,learned,0,0,0,0,0.0,0,0,0,0,0,0
sparse,4,null,True,98,poisson,0,0,0,0,0.0,0,0,0,0,0,0
sparse,4,null,True,98,fixed,0,0,0,0,0.0,0,0,0,0,0,0
sparse,4,null,True,98,learned,0,0,0,0,0.0,0,0,0,0,0,0
sparse,4,null,False,99,poisson,0,0,0,0,0.0,0,0,0,0,0,0
sparse,4,null,False,99,fixed,0,0,0,0,0.0,0,0,0,0,0,0
sparse,4,null,False,99,learned,0,0,0,0,0.0,0,0,0,0,0,0
sparse,4,null,True,99,poisson,0,0,0,0,0.0,0,0,0,0,0,0
sparse,4,null,True,99,fixed,0,0,0,0,0.0,0,0,0,0,0,0
sparse,4,null,True,99,learned,0,0,0,0,0.0,0,0,0,0,0,0
sparse,4,moderate,False,0,poisson,0,0,0,0,0.0,3,0,0,0,0,0
sparse,4,moderate,False,0,fixed,0,0,0,0,0.0,3,0,0,0,0,0
sparse,4,moderate,False,0,learned,0,0,0,0,0.0,3,0,0,0,0,0
sparse,4,moderate,True,0,poisson,0,0,0,0,0.0,3,0,0,0,0,0
sparse,4,moderate,True,0,fixed,0,0,0,0,0.0,3,0,0,0,0,0
sparse,4,moderate,True,0,learned,0,0,0,0,0.0,3,0,0,0,0,0
sparse,4,moderate,False,1,poisson,2,0,0,0,0.0,3,0,1,0,1,0
sparse,4,moderate,False,1,fixed,2,0,0,0,0.0,3,0,1,0,1,0
sparse,4,moderate,False,1,learned,2,2,0,0,0.0,3,1,1,1,1,1
sparse,4,moderate,True,1,poisson,2,0,0,0,0.0,3,0,1,0,1,0
sparse,4,moderate,True,1,fixed,2,0,0,0,0.0,3,0,1,0,1,0
sparse,4,moderate,True,1,learned,2,2,0,0,0.0,3,1,1,1,1,1
sparse,4,moderate,False,2,poisson,4,0,0,0,0.0,3,0,3,0,3,0
sparse,4,moderate,False,2,fixed,4,0,0,0,0.0,3,0,3,0,3,0
sparse,4,moderate,False,2,learned,4,4,0,0,0.0,3,2,3,2,3,2
sparse,4,moderate,True,2,poisson,4,0,0,0,0.0,3,0,3,0,3,0
sparse,4,moderate,True,2,fixed,4,0,0,0,0.0,3,0,3,0,3,0
sparse,4,moderate,True,2,learned,4,4,0,0,0.0,3,2,3,2,3,2
sparse,4,moderate,False,3,poisson,2,0,0,0,0.0,3,0,1,0,1,0
sparse,4,moderate,False,3,fixed,2,0,0,0,0.0,3,0,1,0,1,0
sparse,4,moderate,False,3,learned,2,2,0,0,0.0,3,1,1,1,1,1
sparse,4,moderate,True,3,poisson,2,0,0,0,0.0,3,0,1,0,1,0
sparse,4,moderate,True,3,fixed,2,0,0,0,0.0,3,0,1,0,1,0
sparse,4,moderate,True,3,learned,2,2,0,0,0.0,3,1,1,1,1,1
sparse,4,moderate,False,4,poisson,2,0,0,0,0.0,3,0,1,0,1,0
sparse,4,moderate,False,4,fixed,2,2,0,0,0.0,3,1,1,1,1,1
sparse,4,moderate,False,4,learned,2,2,0,0,0.0,3,1,1,1,1,1
sparse,4,moderate,True,4,poisson,2,0,0,0,0.0,3,0,1,0,1,0
sparse,4,moderate,True,4,fixed,2,0,0,0,0.0,3,0,1,0,1,0
sparse,4,moderate,True,4,learned,2,0,0,0,0.0,3,0,1,0,1,0
sparse,4,moderate,False,5,poisson,0,0,0,0,0.0,3,0,0,0,0,0
sparse,4,moderate,False,5,fixed,0,0,0,0,0.0,3,0,0,0,0,0
sparse,4,moderate,False,5,learned,0,0,0,0,0.0,3,0,0,0,0,0
sparse,4,moderate,True,5,poisson,0,0,0,0,0.0,3,0,0,0,0,0
sparse,4,moderate,True,5,fixed,0,0,0,0,0.0,3,0,0,0,0,0
sparse,4,moderate,True,5,learned,0,0,0,0,0.0,3,0,0,0,0,0
sparse,4,moderate,False,6,poisson,2,0,0,0,0.0,3,0,1,0,1,0
sparse,4,moderate,False,6,fixed,2,0,0,0,0.0,3,0,1,0,1,0
sparse,4,moderate,False,6,learned,2,2,0,0,0.0,3,1,1,1,1,1
sparse,4,moderate,True,6,poisson,2,0,0,0,0.0,3,0,1,0,1,0
sparse,4,moderate,True,6,fixed,2,0,0,0,0.0,3,0,1,0,1,0
sparse,4,moderate,True,6,learned,2,0,0,0,0.0,3,0,1,0,1,0
sparse,4,moderate,False,7,poisson,2,0,0,0,0.0,3,0,1,0,1,0
sparse,4,moderate,False,7,fixed,2,0,0,0,0.0,3,0,1,0,1,0
sparse,4,moderate,False,7,learned,2,2,0,0,0.0,3,1,1,1,1,1
sparse,4,moderate,True,7,poisson,2,0,0,0,0.0,3,0,1,0,1,0
sparse,4,moderate,True,7,fixed,2,0,0,0,0.0,3,0,1,0,1,0
sparse,4,moderate,True,7,learned,2,2,0,0,0.0,3,1,1,1,1,1
sparse,4,moderate,False,8,poisson,2,0,0,0,0.0,3,0,2,0,2,0
sparse,4,moderate,False,8,fixed,2,2,0,0,0.0,3,1,2,1,2,1
sparse,4,moderate,False,8,learned,2,2,0,0,0.0,3,1,2,1,2,1
sparse,4,moderate,True,8,poisson,2,0,0,0,0.0,3,0,2,0,2,0
sparse,4,moderate,True,8,fixed,2,2,0,0,0.0,3,1,2,1,2,1
sparse,4,moderate,True,8,learned,2,2,0,0,0.0,3,1,2,1,2,1
sparse,4,moderate,False,9,poisson,0,0,0,0,0.0,3,0,0,0,0,0
sparse,4,moderate,False,9,fixed,0,0,0,0,0.0,3,0,0,0,0,0
sparse,4,moderate,False,9,learned,0,0,0,0,0.0,3,0,0,0,0,0
sparse,4,moderate,True,9,poisson,0,0,0,0,0.0,3,0,0,0,0,0
sparse,4,moderate,True,9,fixed,0,0,0,0,0.0,3,0,0,0,0,0
sparse,4,moderate,True,9,learned,0,0,0,0,0.0,3,0,0,0,0,0
sparse,4,moderate,False,10,poisson,0,0,0,0,0.0,3,0,1,0,1,0
sparse,4,moderate,False,10,fixed,0,0,0,0,0.0,3,0,1,0,1,0
sparse,4,moderate,False,10,learned,0,0,0,0,0.0,3,0,1,0,1,0
sparse,4,moderate,True,10,poisson,0,0,0,0,0.0,3,0,1,0,1,0
sparse,4,moderate,True,10,fixed,0,0,0,0,0.0,3,0,1,0,1,0
sparse,4,moderate,True,10,learned,0,0,0,0,0.0,3,0,1,0,1,0
sparse,4,moderate,False,11,poisson,2,2,0,0,0.0,3,1,1,1,1,1
sparse,4,moderate,False,11,fixed,2,2,0,0,0.0,3,1,1,1,1,1
sparse,4,moderate,False,11,learned,2,2,0,0,0.0,3,1,1,1,1,1
sparse,4,moderate,True,11,poisson,2,2,0,0,0.0,3,1,1,1,1,1
sparse,4,moderate,True,11,fixed,2,2,0,0,0.0,3,1,1,1,1,1
sparse,4,moderate,True,11,learned,2,2,0,0,0.0,3,1,1,1,1,1
sparse,4,moderate,False,12,poisson,0,0,0,0,0.0,3,0,0,0,0,0
sparse,4,moderate,False,12,fixed,0,0,0,0,0.0,3,0,0,0,0,0
sparse,4,moderate,False,12,learned,0,0,0,0,0.0,3,0,0,0,0,0
sparse,4,moderate,True,12,poisson,0,0,0,0,0.0,3,0,0,0,0,0
sparse,4,moderate,True,12,fixed,0,0,0,0,0.0,3,0,0,0,0,0
sparse,4,moderate,True,12,learned,0,0,0,0,0.0,3,0,0,0,0,0
sparse,4,moderate,False,13,poisson,0,0,0,0,0.0,3,0,1,0,1,0
sparse,4,moderate,False,13,fixed,0,0,0,0,0.0,3,0,1,0,1,0
sparse,4,moderate,False,13,learned,0,0,0,0,0.0,3,0,1,0,1,0
sparse,4,moderate,True,13,poisson,0,0,0,0,0.0,3,0,1,0,1,0
sparse,4,moderate,True,13,fixed,0,0,0,0,0.0,3,0,1,0,1,0
sparse,4,moderate,True,13,learned,0,0,0,0,0.0,3,0,1,0,1,0
sparse,4,moderate,False,14,poisson,4,0,0,0,0.0,3,0,2,0,2,0
sparse,4,moderate,False,14,fixed,4,0,0,0,0.0,3,0,2,0,2,0
sparse,4,moderate,False,14,learned,4,4,0,0,0.0,3,2,2,2,2,2
sparse,4,moderate,True,14,poisson,4,0,0,0,0.0,3,0,2,0,2,0
sparse,4,moderate,True,14,fixed,4,0,0,0,0.0,3,0,2,0,2,0
sparse,4,moderate,True,14,learned,4,4,0,0,0.0,3,2,2,2,2,2
sparse,4,moderate,False,15,poisson,0,0,0,0,0.0,3,0,0,0,0,0
sparse,4,moderate,False,15,fixed,0,0,0,0,0.0,3,0,0,0,0,0
sparse,4,moderate,False,15,learned,0,0,0,0,0.0,3,0,0,0,0,0
sparse,4,moderate,True,15,poisson,0,0,0,0,0.0,3,0,0,0,0,0
sparse,4,moderate,True,15,fixed,0,0,0,0,0.0,3,0,0,0,0,0
sparse,4,moderate,True,15,learned,0,0,0,0,0.0,3,0,0,0,0,0
sparse,4,moderate,False,16,poisson,2,0,0,0,0.0,3,0,1,0,1,0
sparse,4,moderate,False,16,fixed,2,0,0,0,0.0,3,0,1,0,1,0
sparse,4,moderate,False,16,learned,2,2,0,0,0.0,3,1,1,1,1,1
sparse,4,moderate,True,16,poisson,2,0,0,0,0.0,3,0,1,0,1,0
sparse,4,moderate,True,16,fixed,2,0,0,0,0.0,3,0,1,0,1,0
sparse,4,moderate,True,16,learned,2,2,0,0,0.0,3,1,1,1,1,1
sparse,4,moderate,False,17,poisson,2,2,0,0,0.0,3,1,1,1,1,1
sparse,4,moderate,False,17,fixed,2,2,0,0,0.0,3,1,1,1,1,1
sparse,4,moderate,False,17,learned,2,2,0,0,0.0,3,1,1,1,1,1
sparse,4,moderate,True,17,poisson,2,2,0,0,0.0,3,1,1,1,1,1
sparse,4,moderate,True,17,fixed,2,2,0,0,0.0,3,1,1,1,1,1
sparse,4,moderate,True,17,learned,2,2,0,0,0.0,3,1,1,1,1,1
sparse,4,moderate,False,18,poisson,0,0,0,0,0.0,3,0,0,0,0,0
sparse,4,moderate,False,18,fixed,0,0,0,0,0.0,3,0,0,0,0,0
sparse,4,moderate,False,18,learned,0,0,0,0,0.0,3,0,0,0,0,0
sparse,4,moderate,True,18,poisson,0,0,0,0,0.0,3,0,0,0,0,0
sparse,4,moderate,True,18,fixed,0,0,0,0,0.0,3,0,0,0,0,0
sparse,4,moderate,True,18,learned,0,0,0,0,0.0,3,0,0,0,0,0
sparse,4,moderate,False,19,poisson,0,0,0,0,0.0,3,0,0,0,0,0
sparse,4,moderate,False,19,fixed,0,0,0,0,0.0,3,0,0,0,0,0
sparse,4,moderate,False,19,learned,0,0,0,0,0.0,3,0,0,0,0,0
sparse,4,moderate,True,19,poisson,0,0,0,0,0.0,3,0,0,0,0,0
sparse,4,moderate,True,19,fixed,0,0,0,0,0.0,3,0,0,0,0,0
sparse,4,moderate,True,19,learned,0,0,0,0,0.0,3,0,0,0,0,0
sparse,4,moderate,False,20,poisson,0,0,0,0,0.0,3,0,0,0,0,0
sparse,4,moderate,False,20,fixed,0,0,0,0,0.0,3,0,0,0,0,0
sparse,4,moderate,False,20,learned,0,0,0,0,0.0,3,0,0,0,0,0
sparse,4,moderate,True,20,poisson,0,0,0,0,0.0,3,0,0,0,0,0
sparse,4,moderate,True,20,fixed,0,0,0,0,0.0,3,0,0,0,0,0
sparse,4,moderate,True,20,learned,0,0,0,0,0.0,3,0,0,0,0,0
sparse,4,moderate,False,21,poisson,2,2,0,0,0.0,3,1,1,1,1,1
sparse,4,moderate,False,21,fixed,2,0,0,0,0.0,3,0,1,0,1,0
sparse,4,moderate,False,21,learned,2,2,0,0,0.0,3,1,1,1,1,1
sparse,4,moderate,True,21,poisson,2,2,0,0,0.0,3,1,1,1,1,1
sparse,4,moderate,True,21,fixed,2,0,0,0,0.0,3,0,1,0,1,0
sparse,4,moderate,True,21,learned,2,2,0,0,0.0,3,1,1,1,1,1
sparse,4,moderate,False,22,poisson,2,0,0,0,0.0,3,0,1,0,1,0
sparse,4,moderate,False,22,fixed,2,2,0,0,0.0,3,1,1,1,1,1
sparse,4,moderate,False,22,learned,2,2,0,0,0.0,3,1,1,1,1,1
sparse,4,moderate,True,22,poisson,2,0,0,0,0.0,3,0,1,0,1,0
sparse,4,moderate,True,22,fixed,2,2,0,0,0.0,3,1,1,1,1,1
sparse,4,moderate,True,22,learned,2,2,0,0,0.0,3,1,1,1,1,1
sparse,4,moderate,False,23,poisson,0,0,0,0,0.0,3,0,0,0,0,0
sparse,4,moderate,False,23,fixed,0,0,0,0,0.0,3,0,0,0,0,0
sparse,4,moderate,False,23,learned,0,0,0,0,0.0,3,0,0,0,0,0
sparse,4,moderate,True,23,poisson,0,0,0,0,0.0,3,0,0,0,0,0
sparse,4,moderate,True,23,fixed,0,0,0,0,0.0,3,0,0,0,0,0
sparse,4,moderate,True,23,learned,0,0,0,0,0.0,3,0,0,0,0,0
sparse,4,moderate,False,24,poisson,4,0,0,0,0.0,3,0,2,0,2,0
sparse,4,moderate,False,24,fixed,4,4,0,0,0.0,3,2,2,2,2,2
sparse,4,moderate,False,24,learned,4,4,0,0,0.0,3,2,2,2,2,2
sparse,4,moderate,True,24,poisson,4,0,0,0,0.0,3,0,2,0,2,0
sparse,4,moderate,True,24,fixed,4,4,0,0,0.0,3,2,2,2,2,2
sparse,4,moderate,True,24,learned,4,4,0,0,0.0,3,2,2,2,2,2
sparse,4,moderate,False,25,poisson,0,0,0,0,0.0,3,0,0,0,0,0
sparse,4,moderate,False,25,fixed,0,0,0,0,0.0,3,0,0,0,0,0
sparse,4,moderate,False,25,learned,0,0,0,0,0.0,3,0,0,0,0,0
sparse,4,moderate,True,25,poisson,0,0,0,0,0.0,3,0,0,0,0,0
sparse,4,moderate,True,25,fixed,0,0,0,0,0.0,3,0,0,0,0,0
sparse,4,moderate,True,25,learned,0,0,0,0,0.0,3,0,0,0,0,0
sparse,4,moderate,False,26,poisson,0,0,0,0,0.0,3,0,0,0,0,0
sparse,4,moderate,False,26,fixed,0,0,0,0,0.0,3,0,0,0,0,0
sparse,4,moderate,False,26,learned,0,0,0,0,0.0,3,0,0,0,0,0
sparse,4,moderate,True,26,poisson,0,0,0,0,0.0,3,0,0,0,0,0
sparse,4,moderate,True,26,fixed,0,0,0,0,0.0,3,0,0,0,0,0
sparse,4,moderate,True,26,learned,0,0,0,0,0.0,3,0,0,0,0,0
sparse,4,moderate,False,27,poisson,2,0,0,0,0.0,3,0,1,0,1,0
sparse,4,moderate,False,27,fixed,2,0,0,0,0.0,3,0,1,0,1,0
sparse,4,moderate,False,27,learned,2,2,0,0,0.0,3,1,1,1,1,1
sparse,4,moderate,True,27,poisson,2,0,0,0,0.0,3,0,1,0,1,0
sparse,4,moderate,True,27,fixed,2,0,0,0,0.0,3,0,1,0,1,0
sparse,4,moderate,True,27,learned,2,0,0,0,0.0,3,0,1,0,1,0
sparse,4,moderate,False,28,poisson,2,2,0,0,0.0,3,1,2,1,2,1
sparse,4,moderate,False,28,fixed,2,0,0,0,0.0,3,0,2,0,2,0
sparse,4,moderate,False,28,learned,2,2,0,0,0.0,3,1,2,1,2,1
sparse,4,moderate,True,28,poisson,2,2,0,0,0.0,3,1,2,1,2,1
sparse,4,moderate,True,28,fixed,2,0,0,0,0.0,3,0,2,0,2,0
sparse,4,moderate,True,28,learned,2,2,0,0,0.0,3,1,2,1,2,1
sparse,4,moderate,False,29,poisson,4,0,0,0,0.0,3,0,3,0,3,0
sparse,4,moderate,False,29,fixed,4,2,0,0,0.0,3,1,3,1,3,1
sparse,4,moderate,False,29,learned,4,4,0,0,0.0,3,2,3,2,3,2
sparse,4,moderate,True,29,poisson,4,0,0,0,0.0,3,0,3,0,3,0
sparse,4,moderate,True,29,fixed,4,2,0,0,0.0,3,1,3,1,3,1
sparse,4,moderate,True,29,learned,4,4,0,0,0.0,3,2,3,2,3,2
sparse,4,moderate,False,30,poisson,0,0,0,0,0.0,3,0,0,0,0,0
sparse,4,moderate,False,30,fixed,0,0,0,0,0.0,3,0,0,0,0,0
sparse,4,moderate,False,30,learned,0,0,0,0,0.0,3,0,0,0,0,0
sparse,4,moderate,True,30,poisson,0,0,0,0,0.0,3,0,0,0,0,0
sparse,4,moderate,True,30,fixed,0,0,0,0,0.0,3,0,0,0,0,0
sparse,4,moderate,True,30,learned,0,0,0,0,0.0,3,0,0,0,0,0
sparse,4,moderate,False,31,poisson,4,0,0,0,0.0,3,0,3,0,3,0
sparse,4,moderate,False,31,fixed,4,2,0,0,0.0,3,1,3,1,3,1
sparse,4,moderate,False,31,learned,4,4,0,0,0.0,3,2,3,2,3,2
sparse,4,moderate,True,31,poisson,4,0,0,0,0.0,3,0,3,0,3,0
sparse,4,moderate,True,31,fixed,4,2,0,0,0.0,3,1,3,1,3,1
sparse,4,moderate,True,31,learned,4,4,0,0,0.0,3,2,3,2,3,2
sparse,4,moderate,False,32,poisson,2,0,0,0,0.0,3,0,2,0,2,0
sparse,4,moderate,False,32,fixed,2,2,0,0,0.0,3,1,2,1,2,1
sparse,4,moderate,False,32,learned,2,2,0,0,0.0,3,1,2,1,2,1
sparse,4,moderate,True,32,poisson,2,0,0,0,0.0,3,0,2,0,2,0
sparse,4,moderate,True,32,fixed,2,2,0,0,0.0,3,1,2,1,2,1
sparse,4,moderate,True,32,learned,2,2,0,0,0.0,3,1,2,1,2,1
sparse,4,moderate,False,33,poisson,4,0,0,0,0.0,3,0,2,0,2,0
sparse,4,moderate,False,33,fixed,4,2,0,0,0.0,3,1,2,1,2,1
sparse,4,moderate,False,33,learned,4,4,0,0,0.0,3,2,2,2,2,2
sparse,4,moderate,True,33,poisson,4,0,0,0,0.0,3,0,2,0,2,0
sparse,4,moderate,True,33,fixed,4,2,0,0,0.0,3,1,2,1,2,1
sparse,4,moderate,True,33,learned,4,4,0,0,0.0,3,2,2,2,2,2
sparse,4,moderate,False,34,poisson,0,0,0,0,0.0,3,0,0,0,0,0
sparse,4,moderate,False,34,fixed,0,0,0,0,0.0,3,0,0,0,0,0
sparse,4,moderate,False,34,learned,0,0,0,0,0.0,3,0,0,0,0,0
sparse,4,moderate,True,34,poisson,0,0,0,0,0.0,3,0,0,0,0,0
sparse,4,moderate,True,34,fixed,0,0,0,0,0.0,3,0,0,0,0,0
sparse,4,moderate,True,34,learned,0,0,0,0,0.0,3,0,0,0,0,0
sparse,4,moderate,False,35,poisson,0,0,0,0,0.0,3,0,0,0,0,0
sparse,4,moderate,False,35,fixed,0,0,0,0,0.0,3,0,0,0,0,0
sparse,4,moderate,False,35,learned,0,0,0,0,0.0,3,0,0,0,0,0
sparse,4,moderate,True,35,poisson,0,0,0,0,0.0,3,0,0,0,0,0
sparse,4,moderate,True,35,fixed,0,0,0,0,0.0,3,0,0,0,0,0
sparse,4,moderate,True,35,learned,0,0,0,0,0.0,3,0,0,0,0,0
sparse,4,moderate,False,36,poisson,4,0,0,0,0.0,3,0,2,0,2,0
sparse,4,moderate,False,36,fixed,4,4,0,0,0.0,3,2,2,2,2,2
sparse,4,moderate,False,36,learned,4,4,0,0,0.0,3,2,2,2,2,2
sparse,4,moderate,True,36,poisson,4,0,0,0,0.0,3,0,2,0,2,0
sparse,4,moderate,True,36,fixed,4,4,0,0,0.0,3,2,2,2,2,2
sparse,4,moderate,True,36,learned,4,4,0,0,0.0,3,2,2,2,2,2
sparse,4,moderate,False,37,poisson,0,0,0,0,0.0,3,0,0,0,0,0
sparse,4,moderate,False,37,fixed,0,0,0,0,0.0,3,0,0,0,0,0
sparse,4,moderate,False,37,learned,0,0,0,0,0.0,3,0,0,0,0,0
sparse,4,moderate,True,37,poisson,0,0,0,0,0.0,3,0,0,0,0,0
sparse,4,moderate,True,37,fixed,0,0,0,0,0.0,3,0,0,0,0,0
sparse,4,moderate,True,37,learned,0,0,0,0,0.0,3,0,0,0,0,0
sparse,4,moderate,False,38,poisson,0,0,0,0,0.0,3,0,0,0,0,0
sparse,4,moderate,False,38,fixed,0,0,0,0,0.0,3,0,0,0,0,0
sparse,4,moderate,False,38,learned,0,0,0,0,0.0,3,0,0,0,0,0
sparse,4,moderate,True,38,poisson,0,0,0,0,0.0,3,0,0,0,0,0
sparse,4,moderate,True,38,fixed,0,0,0,0,0.0,3,0,0,0,0,0
sparse,4,moderate,True,38,learned,0,0,0,0,0.0,3,0,0,0,0,0
sparse,4,moderate,False,39,poisson,2,0,0,0,0.0,3,0,1,0,1,0
sparse,4,moderate,False,39,fixed,2,0,0,0,0.0,3,0,1,0,1,0
sparse,4,moderate,False,39,learned,2,2,0,0,0.0,3,1,1,1,1,1
sparse,4,moderate,True,39,poisson,2,0,0,0,0.0,3,0,1,0,1,0
sparse,4,moderate,True,39,fixed,2,0,0,0,0.0,3,0,1,0,1,0
sparse,4,moderate,True,39,learned,2,2,0,0,0.0,3,1,1,1,1,1
sparse,4,moderate,False,40,poisson,2,0,0,0,0.0,3,0,1,0,1,0
sparse,4,moderate,False,40,fixed,2,0,0,0,0.0,3,0,1,0,1,0
sparse,4,moderate,False,40,learned,2,2,0,0,0.0,3,1,1,1,1,1
sparse,4,moderate,True,40,poisson,2,0,0,0,0.0,3,0,1,0,1,0
sparse,4,moderate,True,40,fixed,2,0,0,0,0.0,3,0,1,0,1,0
sparse,4,moderate,True,40,learned,2,0,0,0,0.0,3,0,1,0,1,0
sparse,4,moderate,False,41,poisson,4,0,0,0,0.0,3,0,2,0,2,0
sparse,4,moderate,False,41,fixed,4,2,0,0,0.0,3,1,2,1,2,1
sparse,4,moderate,False,41,learned,4,4,0,0,0.0,3,2,2,2,2,2
sparse,4,moderate,True,41,poisson,4,0,0,0,0.0,3,0,2,0,2,0
sparse,4,moderate,True,41,fixed,4,2,0,0,0.0,3,1,2,1,2,1
sparse,4,moderate,True,41,learned,4,4,0,0,0.0,3,2,2,2,2,2
sparse,4,moderate,False,42,poisson,2,0,0,0,0.0,3,0,1,0,1,0
sparse,4,moderate,False,42,fixed,2,2,0,0,0.0,3,1,1,1,1,1
sparse,4,moderate,False,42,learned,2,2,0,0,0.0,3,1,1,1,1,1
sparse,4,moderate,True,42,poisson,2,0,0,0,0.0,3,0,1,0,1,0
sparse,4,moderate,True,42,fixed,2,2,0,0,0.0,3,1,1,1,1,1
sparse,4,moderate,True,42,learned,2,2,0,0,0.0,3,1,1,1,1,1
sparse,4,moderate,False,43,poisson,4,0,0,0,0.0,3,0,2,0,2,0
sparse,4,moderate,False,43,fixed,4,2,0,0,0.0,3,1,2,1,2,1
sparse,4,moderate,False,43,learned,4,4,0,0,0.0,3,2,2,2,2,2
sparse,4,moderate,True,43,poisson,4,0,0,0,0.0,3,0,2,0,2,0
sparse,4,moderate,True,43,fixed,4,2,0,0,0.0,3,1,2,1,2,1
sparse,4,moderate,True,43,learned,4,4,0,0,0.0,3,2,2,2,2,2
sparse,4,moderate,False,44,poisson,2,2,0,0,0.0,3,1,2,1,2,1
sparse,4,moderate,False,44,fixed,2,2,0,0,0.0,3,1,2,1,2,1
sparse,4,moderate,False,44,learned,2,2,0,0,0.0,3,1,2,1,2,1
sparse,4,moderate,True,44,poisson,2,2,0,0,0.0,3,1,2,1,2,1
sparse,4,moderate,True,44,fixed,2,2,0,0,0.0,3,1,2,1,2,1
sparse,4,moderate,True,44,learned,2,2,0,0,0.0,3,1,2,1,2,1
sparse,4,moderate,False,45,poisson,0,0,0,0,0.0,3,0,0,0,0,0
sparse,4,moderate,False,45,fixed,0,0,0,0,0.0,3,0,0,0,0,0
sparse,4,moderate,False,45,learned,0,0,0,0,0.0,3,0,0,0,0,0
sparse,4,moderate,True,45,poisson,0,0,0,0,0.0,3,0,0,0,0,0
sparse,4,moderate,True,45,fixed,0,0,0,0,0.0,3,0,0,0,0,0
sparse,4,moderate,True,45,learned,0,0,0,0,0.0,3,0,0,0,0,0
sparse,4,moderate,False,46,poisson,0,0,0,0,0.0,3,0,0,0,0,0
sparse,4,moderate,False,46,fixed,0,0,0,0,0.0,3,0,0,0,0,0
sparse,4,moderate,False,46,learned,0,0,0,0,0.0,3,0,0,0,0,0
sparse,4,moderate,True,46,poisson,0,0,0,0,0.0,3,0,0,0,0,0
sparse,4,moderate,True,46,fixed,0,0,0,0,0.0,3,0,0,0,0,0
sparse,4,moderate,True,46,learned,0,0,0,0,0.0,3,0,0,0,0,0
sparse,4,moderate,False,47,poisson,0,0,0,0,0.0,3,0,0,0,0,0
sparse,4,moderate,False,47,fixed,0,0,0,0,0.0,3,0,0,0,0,0
sparse,4,moderate,False,47,learned,0,0,0,0,0.0,3,0,0,0,0,0
sparse,4,moderate,True,47,poisson,0,0,0,0,0.0,3,0,0,0,0,0
sparse,4,moderate,True,47,fixed,0,0,0,0,0.0,3,0,0,0,0,0
sparse,4,moderate,True,47,learned,0,0,0,0,0.0,3,0,0,0,0,0
sparse,4,moderate,False,48,poisson,0,0,0,0,0.0,3,0,0,0,0,0
sparse,4,moderate,False,48,fixed,0,0,0,0,0.0,3,0,0,0,0,0
sparse,4,moderate,False,48,learned,0,0,0,0,0.0,3,0,0,0,0,0
sparse,4,moderate,True,48,poisson,0,0,0,0,0.0,3,0,0,0,0,0
sparse,4,moderate,True,48,fixed,0,0,0,0,0.0,3,0,0,0,0,0
sparse,4,moderate,True,48,learned,0,0,0,0,0.0,3,0,0,0,0,0
sparse,4,moderate,False,49,poisson,4,0,0,0,0.0,3,0,2,0,2,0
sparse,4,moderate,False,49,fixed,4,2,0,0,0.0,3,1,2,1,2,1
sparse,4,moderate,False,49,learned,4,4,0,0,0.0,3,2,2,2,2,2
sparse,4,moderate,True,49,poisson,4,0,0,0,0.0,3,0,2,0,2,0
sparse,4,moderate,True,49,fixed,4,0,0,0,0.0,3,0,2,0,2,0
sparse,4,moderate,True,49,learned,4,0,0,0,0.0,3,0,2,0,2,0
sparse,4,moderate,False,50,poisson,4,0,0,0,0.0,3,0,2,0,2,0
sparse,4,moderate,False,50,fixed,4,4,0,0,0.0,3,2,2,2,2,2
sparse,4,moderate,False,50,learned,4,4,0,0,0.0,3,2,2,2,2,2
sparse,4,moderate,True,50,poisson,4,0,0,0,0.0,3,0,2,0,2,0
sparse,4,moderate,True,50,fixed,4,4,0,0,0.0,3,2,2,2,2,2
sparse,4,moderate,True,50,learned,4,4,0,0,0.0,3,2,2,2,2,2
sparse,4,moderate,False,51,poisson,2,2,0,0,0.0,3,1,1,1,1,1
sparse,4,moderate,False,51,fixed,2,2,0,0,0.0,3,1,1,1,1,1
sparse,4,moderate,False,51,learned,2,2,0,0,0.0,3,1,1,1,1,1
sparse,4,moderate,True,51,poisson,2,2,0,0,0.0,3,1,1,1,1,1
sparse,4,moderate,True,51,fixed,2,2,0,0,0.0,3,1,1,1,1,1
sparse,4,moderate,True,51,learned,2,2,0,0,0.0,3,1,1,1,1,1
sparse,4,moderate,False,52,poisson,2,2,0,0,0.0,3,1,1,1,1,1
sparse,4,moderate,False,52,fixed,2,0,0,0,0.0,3,0,1,0,1,0
sparse,4,moderate,False,52,learned,2,2,0,0,0.0,3,1,1,1,1,1
sparse,4,moderate,True,52,poisson,2,2,0,0,0.0,3,1,1,0,1,0
sparse,4,moderate,True,52,fixed,2,0,0,0,0.0,3,0,1,0,1,0
sparse,4,moderate,True,52,learned,2,0,0,0,0.0,3,0,1,0,1,0
sparse,4,moderate,False,53,poisson,0,0,0,0,0.0,3,0,0,0,0,0
sparse,4,moderate,False,53,fixed,0,0,0,0,0.0,3,0,0,0,0,0
sparse,4,moderate,False,53,learned,0,0,0,0,0.0,3,0,0,0,0,0
sparse,4,moderate,True,53,poisson,0,0,0,0,0.0,3,0,0,0,0,0
sparse,4,moderate,True,53,fixed,0,0,0,0,0.0,3,0,0,0,0,0
sparse,4,moderate,True,53,learned,0,0,0,0,0.0,3,0,0,0,0,0
sparse,4,moderate,False,54,poisson,0,0,0,0,0.0,3,0,1,0,1,0
sparse,4,moderate,False,54,fixed,0,0,0,0,0.0,3,0,1,0,1,0
sparse,4,moderate,False,54,learned,0,0,0,0,0.0,3,0,1,0,1,0
sparse,4,moderate,True,54,poisson,0,0,0,0,0.0,3,0,1,0,1,0
sparse,4,moderate,True,54,fixed,0,0,0,0,0.0,3,0,1,0,1,0
sparse,4,moderate,True,54,learned,0,0,0,0,0.0,3,0,1,0,1,0
sparse,4,moderate,False,55,poisson,0,0,0,0,0.0,3,0,0,0,0,0
sparse,4,moderate,False,55,fixed,0,0,0,0,0.0,3,0,0,0,0,0
sparse,4,moderate,False,55,learned,0,0,0,0,0.0,3,0,0,0,0,0
sparse,4,moderate,True,55,poisson,0,0,0,0,0.0,3,0,0,0,0,0
sparse,4,moderate,True,55,fixed,0,0,0,0,0.0,3,0,0,0,0,0
sparse,4,moderate,True,55,learned,0,0,0,0,0.0,3,0,0,0,0,0
sparse,4,moderate,False,56,poisson,4,0,0,0,0.0,3,0,1,0,1,0
sparse,4,moderate,False,56,fixed,4,2,0,0,0.0,3,0,1,0,1,0
sparse,4,moderate,False,56,learned,4,4,0,0,0.0,3,1,1,1,1,1
sparse,4,moderate,True,56,poisson,4,0,0,0,0.0,3,0,1,0,1,0
sparse,4,moderate,True,56,fixed,4,2,0,0,0.0,3,0,1,0,1,0
sparse,4,moderate,True,56,learned,4,4,0,0,0.0,3,1,1,1,1,1
sparse,4,moderate,False,57,poisson,0,0,0,0,0.0,3,0,0,0,0,0
sparse,4,moderate,False,57,fixed,0,0,0,0,0.0,3,0,0,0,0,0
sparse,4,moderate,False,57,learned,0,0,0,0,0.0,3,0,0,0,0,0
sparse,4,moderate,True,57,poisson,0,0,0,0,0.0,3,0,0,0,0,0
sparse,4,moderate,True,57,fixed,0,0,0,0,0.0,3,0,0,0,0,0
sparse,4,moderate,True,57,learned,0,0,0,0,0.0,3,0,0,0,0,0
sparse,4,moderate,False,58,poisson,2,0,0,0,0.0,3,0,1,0,1,0
sparse,4,moderate,False,58,fixed,2,2,0,0,0.0,3,1,1,1,1,1
sparse,4,moderate,False,58,learned,2,2,0,0,0.0,3,1,1,1,1,1
sparse,4,moderate,True,58,poisson,2,0,0,0,0.0,3,0,1,0,1,0
sparse,4,moderate,True,58,fixed,2,2,0,0,0.0,3,1,1,1,1,1
sparse,4,moderate,True,58,learned,2,2,0,0,0.0,3,1,1,1,1,1
sparse,4,moderate,False,59,poisson,4,0,0,0,0.0,3,0,2,0,2,0
sparse,4,moderate,False,59,fixed,4,2,0,0,0.0,3,1,2,1,2,1
sparse,4,moderate,False,59,learned,4,4,0,0,0.0,3,2,2,2,2,2
sparse,4,moderate,True,59,poisson,4,0,0,0,0.0,3,0,2,0,2,0
sparse,4,moderate,True,59,fixed,4,2,0,0,0.0,3,1,2,1,2,1
sparse,4,moderate,True,59,learned,4,4,0,0,0.0,3,2,2,2,2,2
sparse,4,moderate,False,60,poisson,2,0,0,0,0.0,3,0,1,0,1,0
sparse,4,moderate,False,60,fixed,2,0,0,0,0.0,3,0,1,0,1,0
sparse,4,moderate,False,60,learned,2,2,0,0,0.0,3,1,1,1,1,1
sparse,4,moderate,True,60,poisson,2,0,0,0,0.0,3,0,1,0,1,0
sparse,4,moderate,True,60,fixed,2,0,0,0,0.0,3,0,1,0,1,0
sparse,4,moderate,True,60,learned,2,2,0,0,0.0,3,1,1,1,1,1
sparse,4,moderate,False,61,poisson,2,0,0,0,0.0,3,0,1,0,1,0
sparse,4,moderate,False,61,fixed,2,2,0,0,0.0,3,1,1,1,1,1
sparse,4,moderate,False,61,learned,2,2,0,0,0.0,3,1,1,1,1,1
sparse,4,moderate,True,61,poisson,2,0,0,0,0.0,3,0,1,0,1,0
sparse,4,moderate,True,61,fixed,2,2,0,0,0.0,3,1,1,1,1,1
sparse,4,moderate,True,61,learned,2,2,0,0,0.0,3,1,1,1,1,1
sparse,4,moderate,False,62,poisson,2,0,0,0,0.0,3,0,1,0,1,0
sparse,4,moderate,False,62,fixed,2,0,0,0,0.0,3,0,1,0,1,0
sparse,4,moderate,False,62,learned,2,2,0,0,0.0,3,1,1,1,1,1
sparse,4,moderate,True,62,poisson,2,0,0,0,0.0,3,0,1,0,1,0
sparse,4,moderate,True,62,fixed,2,0,0,0,0.0,3,0,1,0,1,0
sparse,4,moderate,True,62,learned,2,0,0,0,0.0,3,0,1,0,1,0
sparse,4,moderate,False,63,poisson,0,0,0,0,0.0,3,0,0,0,0,0
sparse,4,moderate,False,63,fixed,0,0,0,0,0.0,3,0,0,0,0,0
sparse,4,moderate,False,63,learned,0,0,0,0,0.0,3,0,0,0,0,0
sparse,4,moderate,True,63,poisson,0,0,0,0,0.0,3,0,0,0,0,0
sparse,4,moderate,True,63,fixed,0,0,0,0,0.0,3,0,0,0,0,0
sparse,4,moderate,True,63,learned,0,0,0,0,0.0,3,0,0,0,0,0
sparse,4,moderate,False,64,poisson,4,0,0,0,0.0,3,0,2,0,2,0
sparse,4,moderate,False,64,fixed,4,2,0,0,0.0,3,1,2,1,2,1
sparse,4,moderate,False,64,learned,4,4,0,0,0.0,3,2,2,2,2,2
sparse,4,moderate,True,64,poisson,4,0,0,0,0.0,3,0,2,0,2,0
sparse,4,moderate,True,64,fixed,4,2,0,0,0.0,3,1,2,1,2,1
sparse,4,moderate,True,64,learned,4,4,0,0,0.0,3,2,2,2,2,2
sparse,4,moderate,False,65,poisson,2,0,0,0,0.0,3,0,1,0,1,0
sparse,4,moderate,False,65,fixed,2,2,0,0,0.0,3,1,1,1,1,1
sparse,4,moderate,False,65,learned,2,2,0,0,0.0,3,1,1,1,1,1
sparse,4,moderate,True,65,poisson,2,0,0,0,0.0,3,0,1,0,1,0
sparse,4,moderate,True,65,fixed,2,2,0,0,0.0,3,1,1,1,1,1
sparse,4,moderate,True,65,learned,2,2,0,0,0.0,3,1,1,1,1,1
sparse,4,moderate,False,66,poisson,0,0,0,0,0.0,3,0,1,0,1,0
sparse,4,moderate,False,66,fixed,0,0,0,0,0.0,3,0,1,0,1,0
sparse,4,moderate,False,66,learned,0,0,0,0,0.0,3,0,1,0,1,0
sparse,4,moderate,True,66,poisson,0,0,0,0,0.0,3,0,1,0,1,0
sparse,4,moderate,True,66,fixed,0,0,0,0,0.0,3,0,1,0,1,0
sparse,4,moderate,True,66,learned,0,0,0,0,0.0,3,0,1,0,1,0
sparse,4,moderate,False,67,poisson,2,0,0,0,0.0,3,0,1,0,1,0
sparse,4,moderate,False,67,fixed,2,0,0,0,0.0,3,0,1,0,1,0
sparse,4,moderate,False,67,learned,2,2,0,0,0.0,3,1,1,1,1,1
sparse,4,moderate,True,67,poisson,2,0,0,0,0.0,3,0,1,0,1,0
sparse,4,moderate,True,67,fixed,2,0,0,0,0.0,3,0,1,0,1,0
sparse,4,moderate,True,67,learned,2,2,0,0,0.0,3,1,1,1,1,1
sparse,4,moderate,False,68,poisson,4,0,0,0,0.0,3,0,2,0,2,0
sparse,4,moderate,False,68,fixed,4,0,0,0,0.0,3,0,2,0,2,0
sparse,4,moderate,False,68,learned,4,4,0,0,0.0,3,2,2,2,2,2
sparse,4,moderate,True,68,poisson,4,0,0,0,0.0,3,0,2,0,2,0
sparse,4,moderate,True,68,fixed,4,0,0,0,0.0,3,0,2,0,2,0
sparse,4,moderate,True,68,learned,4,4,0,0,0.0,3,2,2,2,2,2
sparse,4,moderate,False,69,poisson,0,0,0,0,0.0,3,0,0,0,0,0
sparse,4,moderate,False,69,fixed,0,0,0,0,0.0,3,0,0,0,0,0
sparse,4,moderate,False,69,learned,0,0,0,0,0.0,3,0,0,0,0,0
sparse,4,moderate,True,69,poisson,0,0,0,0,0.0,3,0,0,0,0,0
sparse,4,moderate,True,69,fixed,0,0,0,0,0.0,3,0,0,0,0,0
sparse,4,moderate,True,69,learned,0,0,0,0,0.0,3,0,0,0,0,0
sparse,4,moderate,False,70,poisson,0,0,0,0,0.0,3,0,0,0,0,0
sparse,4,moderate,False,70,fixed,0,0,0,0,0.0,3,0,0,0,0,0
sparse,4,moderate,False,70,learned,0,0,0,0,0.0,3,0,0,0,0,0
sparse,4,moderate,True,70,poisson,0,0,0,0,0.0,3,0,0,0,0,0
sparse,4,moderate,True,70,fixed,0,0,0,0,0.0,3,0,0,0,0,0
sparse,4,moderate,True,70,learned,0,0,0,0,0.0,3,0,0,0,0,0
sparse,4,moderate,False,71,poisson,0,0,0,0,0.0,3,0,0,0,0,0
sparse,4,moderate,False,71,fixed,0,0,0,0,0.0,3,0,0,0,0,0
sparse,4,moderate,False,71,learned,0,0,0,0,0.0,3,0,0,0,0,0
sparse,4,moderate,True,71,poisson,0,0,0,0,0.0,3,0,0,0,0,0
sparse,4,moderate,True,71,fixed,0,0,0,0,0.0,3,0,0,0,0,0
sparse,4,moderate,True,71,learned,0,0,0,0,0.0,3,0,0,0,0,0
sparse,4,moderate,False,72,poisson,0,0,0,0,0.0,3,0,0,0,0,0
sparse,4,moderate,False,72,fixed,0,0,0,0,0.0,3,0,0,0,0,0
sparse,4,moderate,False,72,learned,0,0,0,0,0.0,3,0,0,0,0,0
sparse,4,moderate,True,72,poisson,0,0,0,0,0.0,3,0,0,0,0,0
sparse,4,moderate,True,72,fixed,0,0,0,0,0.0,3,0,0,0,0,0
sparse,4,moderate,True,72,learned,0,0,0,0,0.0,3,0,0,0,0,0
sparse,4,moderate,False,73,poisson,2,0,0,0,0.0,3,0,1,0,1,0
sparse,4,moderate,False,73,fixed,2,0,0,0,0.0,3,0,1,0,1,0
sparse,4,moderate,False,73,learned,2,2,0,0,0.0,3,1,1,1,1,1
sparse,4,moderate,True,73,poisson,2,0,0,0,0.0,3,0,1,0,1,0
sparse,4,moderate,True,73,fixed,2,0,0,0,0.0,3,0,1,0,1,0
sparse,4,moderate,True,73,learned,2,2,0,0,0.0,3,1,1,1,1,1
sparse,4,moderate,False,74,poisson,4,0,0,0,0.0,3,0,2,0,2,0
sparse,4,moderate,False,74,fixed,4,2,0,0,0.0,3,1,2,1,2,1
sparse,4,moderate,False,74,learned,4,4,0,0,0.0,3,2,2,2,2,2
sparse,4,moderate,True,74,poisson,4,0,0,0,0.0,3,0,2,0,2,0
sparse,4,moderate,True,74,fixed,4,2,0,0,0.0,3,1,2,1,2,1
sparse,4,moderate,True,74,learned,4,4,0,0,0.0,3,2,2,2,2,2
sparse,4,moderate,False,75,poisson,2,0,0,0,0.0,3,0,1,0,1,0
sparse,4,moderate,False,75,fixed,2,0,0,0,0.0,3,0,1,0,1,0
sparse,4,moderate,False,75,learned,2,2,0,0,0.0,3,1,1,1,1,1
sparse,4,moderate,True,75,poisson,2,0,0,0,0.0,3,0,1,0,1,0
sparse,4,moderate,True,75,fixed,2,0,0,0,0.0,3,0,1,0,1,0
sparse,4,moderate,True,75,learned,2,0,0,0,0.0,3,0,1,0,1,0
sparse,4,moderate,False,76,poisson,2,0,0,0,0.0,3,0,0,0,0,0
sparse,4,moderate,False,76,fixed,2,0,0,0,0.0,3,0,0,0,0,0
sparse,4,moderate,False,76,learned,2,2,2,1,1.0,3,0,0,0,0,0
sparse,4,moderate,True,76,poisson,2,0,0,0,0.0,3,0,0,0,0,0
sparse,4,moderate,True,76,fixed,2,0,0,0,0.0,3,0,0,0,0,0
sparse,4,moderate,True,76,learned,2,0,0,0,0.0,3,0,0,0,0,0
sparse,4,moderate,False,77,poisson,2,2,0,0,0.0,3,1,1,1,1,1
sparse,4,moderate,False,77,fixed,2,2,0,0,0.0,3,1,1,1,1,1
sparse,4,moderate,False,77,learned,2,2,0,0,0.0,3,1,1,1,1,1
sparse,4,moderate,True,77,poisson,2,2,0,0,0.0,3,1,1,1,1,1
sparse,4,moderate,True,77,fixed,2,2,0,0,0.0,3,1,1,1,1,1
sparse,4,moderate,True,77,learned,2,2,0,0,0.0,3,1,1,1,1,1
sparse,4,moderate,False,78,poisson,2,0,0,0,0.0,3,0,2,0,2,0
sparse,4,moderate,False,78,fixed,2,0,0,0,0.0,3,0,2,0,2,0
sparse,4,moderate,False,78,learned,2,2,0,0,0.0,3,1,2,1,2,1
sparse,4,moderate,True,78,poisson,2,0,0,0,0.0,3,0,2,0,2,0
sparse,4,moderate,True,78,fixed,2,0,0,0,0.0,3,0,2,0,2,0
sparse,4,moderate,True,78,learned,2,2,0,0,0.0,3,1,2,1,2,1
sparse,4,moderate,False,79,poisson,2,0,0,0,0.0,3,0,1,0,1,0
sparse,4,moderate,False,79,fixed,2,2,0,0,0.0,3,1,1,1,1,1
sparse,4,moderate,False,79,learned,2,2,0,0,0.0,3,1,1,1,1,1
sparse,4,moderate,True,79,poisson,2,0,0,0,0.0,3,0,1,0,1,0
sparse,4,moderate,True,79,fixed,2,2,0,0,0.0,3,1,1,1,1,1
sparse,4,moderate,True,79,learned,2,2,0,0,0.0,3,1,1,1,1,1
sparse,4,moderate,False,80,poisson,2,0,0,0,0.0,3,0,2,0,2,0
sparse,4,moderate,False,80,fixed,2,0,0,0,0.0,3,0,2,0,2,0
sparse,4,moderate,False,80,learned,2,2,0,0,0.0,3,1,2,1,2,1
sparse,4,moderate,True,80,poisson,2,0,0,0,0.0,3,0,2,0,2,0
sparse,4,moderate,True,80,fixed,2,0,0,0,0.0,3,0,2,0,2,0
sparse,4,moderate,True,80,learned,2,0,0,0,0.0,3,0,2,0,2,0
sparse,4,moderate,False,81,poisson,2,0,0,0,0.0,3,0,1,0,1,0
sparse,4,moderate,False,81,fixed,2,0,0,0,0.0,3,0,1,0,1,0
sparse,4,moderate,False,81,learned,2,2,0,0,0.0,3,1,1,1,1,1
sparse,4,moderate,True,81,poisson,2,0,0,0,0.0,3,0,1,0,1,0
sparse,4,moderate,True,81,fixed,2,0,0,0,0.0,3,0,1,0,1,0
sparse,4,moderate,True,81,learned,2,2,0,0,0.0,3,1,1,1,1,1
sparse,4,moderate,False,82,poisson,0,0,0,0,0.0,3,0,0,0,0,0
sparse,4,moderate,False,82,fixed,0,0,0,0,0.0,3,0,0,0,0,0
sparse,4,moderate,False,82,learned,0,0,0,0,0.0,3,0,0,0,0,0
sparse,4,moderate,True,82,poisson,0,0,0,0,0.0,3,0,0,0,0,0
sparse,4,moderate,True,82,fixed,0,0,0,0,0.0,3,0,0,0,0,0
sparse,4,moderate,True,82,learned,0,0,0,0,0.0,3,0,0,0,0,0
sparse,4,moderate,False,83,poisson,2,0,0,0,0.0,3,0,1,0,1,0
sparse,4,moderate,False,83,fixed,2,0,0,0,0.0,3,0,1,0,1,0
sparse,4,moderate,False,83,learned,2,2,0,0,0.0,3,1,1,1,1,1
sparse,4,moderate,True,83,poisson,2,0,0,0,0.0,3,0,1,0,1,0
sparse,4,moderate,True,83,fixed,2,0,0,0,0.0,3,0,1,0,1,0
sparse,4,moderate,True,83,learned,2,2,0,0,0.0,3,1,1,1,1,1
sparse,4,moderate,False,84,poisson,0,0,0,0,0.0,3,0,0,0,0,0
sparse,4,moderate,False,84,fixed,0,0,0,0,0.0,3,0,0,0,0,0
sparse,4,moderate,False,84,learned,0,0,0,0,0.0,3,0,0,0,0,0
sparse,4,moderate,True,84,poisson,0,0,0,0,0.0,3,0,0,0,0,0
sparse,4,moderate,True,84,fixed,0,0,0,0,0.0,3,0,0,0,0,0
sparse,4,moderate,True,84,learned,0,0,0,0,0.0,3,0,0,0,0,0
sparse,4,moderate,False,85,poisson,0,0,0,0,0.0,3,0,0,0,0,0
sparse,4,moderate,False,85,fixed,0,0,0,0,0.0,3,0,0,0,0,0
sparse,4,moderate,False,85,learned,0,0,0,0,0.0,3,0,0,0,0,0
sparse,4,moderate,True,85,poisson,0,0,0,0,0.0,3,0,0,0,0,0
sparse,4,moderate,True,85,fixed,0,0,0,0,0.0,3,0,0,0,0,0
sparse,4,moderate,True,85,learned,0,0,0,0,0.0,3,0,0,0,0,0
sparse,4,moderate,False,86,poisson,2,0,0,0,0.0,3,0,1,0,1,0
sparse,4,moderate,False,86,fixed,2,2,0,0,0.0,3,1,1,1,1,1
sparse,4,moderate,False,86,learned,2,2,0,0,0.0,3,1,1,1,1,1
sparse,4,moderate,True,86,poisson,2,0,0,0,0.0,3,0,1,0,1,0
sparse,4,moderate,True,86,fixed,2,0,0,0,0.0,3,0,1,0,1,0
sparse,4,moderate,True,86,learned,2,0,0,0,0.0,3,0,1,0,1,0
sparse,4,moderate,False,87,poisson,0,0,0,0,0.0,3,0,0,0,0,0
sparse,4,moderate,False,87,fixed,0,0,0,0,0.0,3,0,0,0,0,0
sparse,4,moderate,False,87,learned,0,0,0,0,0.0,3,0,0,0,0,0
sparse,4,moderate,True,87,poisson,0,0,0,0,0.0,3,0,0,0,0,0
sparse,4,moderate,True,87,fixed,0,0,0,0,0.0,3,0,0,0,0,0
sparse,4,moderate,True,87,learned,0,0,0,0,0.0,3,0,0,0,0,0
sparse,4,moderate,False,88,poisson,6,0,0,0,0.0,3,0,2,0,2,0
sparse,4,moderate,False,88,fixed,6,4,0,0,0.0,3,2,2,2,2,2
sparse,4,moderate,False,88,learned,6,6,2,1,0.3333333333333333,3,2,2,2,2,2
sparse,4,moderate,True,88,poisson,6,0,0,0,0.0,3,0,2,0,2,0
sparse,4,moderate,True,88,fixed,6,4,0,0,0.0,3,2,2,2,2,2
sparse,4,moderate,True,88,learned,6,4,0,0,0.0,3,2,2,2,2,2
sparse,4,moderate,False,89,poisson,2,2,0,0,0.0,3,1,1,1,1,1
sparse,4,moderate,False,89,fixed,2,2,0,0,0.0,3,1,1,1,1,1
sparse,4,moderate,False,89,learned,2,2,0,0,0.0,3,1,1,1,1,1
sparse,4,moderate,True,89,poisson,2,2,0,0,0.0,3,1,1,1,1,1
sparse,4,moderate,True,89,fixed,2,2,0,0,0.0,3,1,1,1,1,1
sparse,4,moderate,True,89,learned,2,2,0,0,0.0,3,1,1,1,1,1
sparse,4,moderate,False,90,poisson,4,0,0,0,0.0,3,0,1,0,1,0
sparse,4,moderate,False,90,fixed,4,2,0,0,0.0,3,1,1,1,1,1
sparse,4,moderate,False,90,learned,4,4,2,1,0.5,3,1,1,1,1,1
sparse,4,moderate,True,90,poisson,4,0,0,0,0.0,3,0,1,0,1,0
sparse,4,moderate,True,90,fixed,4,2,0,0,0.0,3,1,1,1,1,1
sparse,4,moderate,True,90,learned,4,2,0,0,0.0,3,1,1,1,1,1
sparse,4,moderate,False,91,poisson,2,0,0,0,0.0,3,0,1,0,1,0
sparse,4,moderate,False,91,fixed,2,0,0,0,0.0,3,0,1,0,1,0
sparse,4,moderate,False,91,learned,2,2,0,0,0.0,3,1,1,1,1,1
sparse,4,moderate,True,91,poisson,2,0,0,0,0.0,3,0,1,0,1,0
sparse,4,moderate,True,91,fixed,2,0,0,0,0.0,3,0,1,0,1,0
sparse,4,moderate,True,91,learned,2,2,0,0,0.0,3,1,1,1,1,1
sparse,4,moderate,False,92,poisson,0,0,0,0,0.0,3,0,0,0,0,0
sparse,4,moderate,False,92,fixed,0,0,0,0,0.0,3,0,0,0,0,0
sparse,4,moderate,False,92,learned,0,0,0,0,0.0,3,0,0,0,0,0
sparse,4,moderate,True,92,poisson,0,0,0,0,0.0,3,0,0,0,0,0
sparse,4,moderate,True,92,fixed,0,0,0,0,0.0,3,0,0,0,0,0
sparse,4,moderate,True,92,learned,0,0,0,0,0.0,3,0,0,0,0,0
sparse,4,moderate,False,93,poisson,2,0,0,0,0.0,3,0,1,0,1,0
sparse,4,moderate,False,93,fixed,2,2,0,0,0.0,3,1,1,1,1,1
sparse,4,moderate,False,93,learned,2,2,0,0,0.0,3,1,1,1,1,1
sparse,4,moderate,True,93,poisson,2,0,0,0,0.0,3,0,1,0,1,0
sparse,4,moderate,True,93,fixed,2,0,0,0,0.0,3,0,1,0,1,0
sparse,4,moderate,True,93,learned,2,0,0,0,0.0,3,0,1,0,1,0
sparse,4,moderate,False,94,poisson,0,0,0,0,0.0,3,0,0,0,0,0
sparse,4,moderate,False,94,fixed,0,0,0,0,0.0,3,0,0,0,0,0
sparse,4,moderate,False,94,learned,0,0,0,0,0.0,3,0,0,0,0,0
sparse,4,moderate,True,94,poisson,0,0,0,0,0.0,3,0,0,0,0,0
sparse,4,moderate,True,94,fixed,0,0,0,0,0.0,3,0,0,0,0,0
sparse,4,moderate,True,94,learned,0,0,0,0,0.0,3,0,0,0,0,0
sparse,4,moderate,False,95,poisson,2,0,0,0,0.0,3,0,1,0,1,0
sparse,4,moderate,False,95,fixed,2,2,0,0,0.0,3,1,1,1,1,1
sparse,4,moderate,False,95,learned,2,2,0,0,0.0,3,1,1,1,1,1
sparse,4,moderate,True,95,poisson,2,0,0,0,0.0,3,0,1,0,1,0
sparse,4,moderate,True,95,fixed,2,2,0,0,0.0,3,1,1,1,1,1
sparse,4,moderate,True,95,learned,2,2,0,0,0.0,3,1,1,1,1,1
sparse,4,moderate,False,96,poisson,0,0,0,0,0.0,3,0,0,0,0,0
sparse,4,moderate,False,96,fixed,0,0,0,0,0.0,3,0,0,0,0,0
sparse,4,moderate,False,96,learned,0,0,0,0,0.0,3,0,0,0,0,0
sparse,4,moderate,True,96,poisson,0,0,0,0,0.0,3,0,0,0,0,0
sparse,4,moderate,True,96,fixed,0,0,0,0,0.0,3,0,0,0,0,0
sparse,4,moderate,True,96,learned,0,0,0,0,0.0,3,0,0,0,0,0
sparse,4,moderate,False,97,poisson,2,0,0,0,0.0,3,0,1,0,1,0
sparse,4,moderate,False,97,fixed,2,0,0,0,0.0,3,0,1,0,1,0
sparse,4,moderate,False,97,learned,2,2,0,0,0.0,3,1,1,1,1,1
sparse,4,moderate,True,97,poisson,2,0,0,0,0.0,3,0,1,0,1,0
sparse,4,moderate,True,97,fixed,2,0,0,0,0.0,3,0,1,0,1,0
sparse,4,moderate,True,97,learned,2,2,0,0,0.0,3,1,1,1,1,1
sparse,4,moderate,False,98,poisson,0,0,0,0,0.0,3,0,0,0,0,0
sparse,4,moderate,False,98,fixed,0,0,0,0,0.0,3,0,0,0,0,0
sparse,4,moderate,False,98,learned,0,0,0,0,0.0,3,0,0,0,0,0
sparse,4,moderate,True,98,poisson,0,0,0,0,0.0,3,0,0,0,0,0
sparse,4,moderate,True,98,fixed,0,0,0,0,0.0,3,0,0,0,0,0
sparse,4,moderate,True,98,learned,0,0,0,0,0.0,3,0,0,0,0,0
sparse,4,moderate,False,99,poisson,0,0,0,0,0.0,3,0,0,0,0,0
sparse,4,moderate,False,99,fixed,0,0,0,0,0.0,3,0,0,0,0,0
sparse,4,moderate,False,99,learned,0,0,0,0,0.0,3,0,0,0,0,0
sparse,4,moderate,True,99,poisson,0,0,0,0,0.0,3,0,0,0,0,0
sparse,4,moderate,True,99,fixed,0,0,0,0,0.0,3,0,0,0,0,0
sparse,4,moderate,True,99,learned,0,0,0,0,0.0,3,0,0,0,0,0
sparse,4,heterogeneous,False,0,poisson,0,0,0,0,0.0,3,0,1,0,1,0
sparse,4,heterogeneous,False,0,fixed,0,0,0,0,0.0,3,0,1,0,1,0
sparse,4,heterogeneous,False,0,learned,0,0,0,0,0.0,3,0,1,0,1,0
sparse,4,heterogeneous,True,0,poisson,0,0,0,0,0.0,3,0,1,0,1,0
sparse,4,heterogeneous,True,0,fixed,0,0,0,0,0.0,3,0,1,0,1,0
sparse,4,heterogeneous,True,0,learned,0,0,0,0,0.0,3,0,1,0,1,0
sparse,4,heterogeneous,False,1,poisson,2,0,0,0,0.0,3,0,1,0,1,0
sparse,4,heterogeneous,False,1,fixed,2,0,0,0,0.0,3,0,1,0,1,0
sparse,4,heterogeneous,False,1,learned,2,2,0,0,0.0,3,1,1,1,1,1
sparse,4,heterogeneous,True,1,poisson,2,0,0,0,0.0,3,0,1,0,1,0
sparse,4,heterogeneous,True,1,fixed,2,0,0,0,0.0,3,0,1,0,1,0
sparse,4,heterogeneous,True,1,learned,2,2,0,0,0.0,3,1,1,1,1,1
sparse,4,heterogeneous,False,2,poisson,2,0,0,0,0.0,3,0,0,0,0,0
sparse,4,heterogeneous,False,2,fixed,2,0,0,0,0.0,3,0,0,0,0,0
sparse,4,heterogeneous,False,2,learned,2,2,0,0,0.0,3,0,0,0,0,0
sparse,4,heterogeneous,True,2,poisson,2,0,0,0,0.0,3,0,0,0,0,0
sparse,4,heterogeneous,True,2,fixed,2,0,0,0,0.0,3,0,0,0,0,0
sparse,4,heterogeneous,True,2,learned,2,0,0,0,0.0,3,0,0,0,0,0
sparse,4,heterogeneous,False,3,poisson,4,0,0,0,0.0,3,0,2,0,2,0
sparse,4,heterogeneous,False,3,fixed,4,0,0,0,0.0,3,0,2,0,2,0
sparse,4,heterogeneous,False,3,learned,4,4,0,0,0.0,3,2,2,2,2,2
sparse,4,heterogeneous,True,3,poisson,4,0,0,0,0.0,3,0,2,0,2,0
sparse,4,heterogeneous,True,3,fixed,4,0,0,0,0.0,3,0,2,0,2,0
sparse,4,heterogeneous,True,3,learned,4,0,0,0,0.0,3,0,2,0,2,0
sparse,4,heterogeneous,False,4,poisson,2,0,0,0,0.0,3,0,0,0,0,0
sparse,4,heterogeneous,False,4,fixed,2,0,0,0,0.0,3,0,0,0,0,0
sparse,4,heterogeneous,False,4,learned,2,2,2,1,1.0,3,0,0,0,0,0
sparse,4,heterogeneous,True,4,poisson,2,0,0,0,0.0,3,0,0,0,0,0
sparse,4,heterogeneous,True,4,fixed,2,0,0,0,0.0,3,0,0,0,0,0
sparse,4,heterogeneous,True,4,learned,2,0,0,0,0.0,3,0,0,0,0,0
sparse,4,heterogeneous,False,5,poisson,0,0,0,0,0.0,3,0,0,0,0,0
sparse,4,heterogeneous,False,5,fixed,0,0,0,0,0.0,3,0,0,0,0,0
sparse,4,heterogeneous,False,5,learned,0,0,0,0,0.0,3,0,0,0,0,0
sparse,4,heterogeneous,True,5,poisson,0,0,0,0,0.0,3,0,0,0,0,0
sparse,4,heterogeneous,True,5,fixed,0,0,0,0,0.0,3,0,0,0,0,0
sparse,4,heterogeneous,True,5,learned,0,0,0,0,0.0,3,0,0,0,0,0
sparse,4,heterogeneous,False,6,poisson,0,0,0,0,0.0,3,0,1,0,1,0
sparse,4,heterogeneous,False,6,fixed,0,0,0,0,0.0,3,0,1,0,1,0
sparse,4,heterogeneous,False,6,learned,0,0,0,0,0.0,3,0,1,0,1,0
sparse,4,heterogeneous,True,6,poisson,0,0,0,0,0.0,3,0,1,0,1,0
sparse,4,heterogeneous,True,6,fixed,0,0,0,0,0.0,3,0,1,0,1,0
sparse,4,heterogeneous,True,6,learned,0,0,0,0,0.0,3,0,1,0,1,0
sparse,4,heterogeneous,False,7,poisson,2,0,0,0,0.0,3,0,1,0,2,0
sparse,4,heterogeneous,False,7,fixed,2,0,0,0,0.0,3,0,1,0,2,0
sparse,4,heterogeneous,False,7,learned,2,2,0,0,0.0,3,1,1,1,2,1
sparse,4,heterogeneous,True,7,poisson,2,0,0,0,0.0,3,0,1,0,2,0
sparse,4,heterogeneous,True,7,fixed,2,0,0,0,0.0,3,0,1,0,2,0
sparse,4,heterogeneous,True,7,learned,2,2,0,0,0.0,3,1,1,1,2,1
sparse,4,heterogeneous,False,8,poisson,0,0,0,0,0.0,3,0,0,0,0,0
sparse,4,heterogeneous,False,8,fixed,0,0,0,0,0.0,3,0,0,0,0,0
sparse,4,heterogeneous,False,8,learned,0,0,0,0,0.0,3,0,0,0,0,0
sparse,4,heterogeneous,True,8,poisson,0,0,0,0,0.0,3,0,0,0,0,0
sparse,4,heterogeneous,True,8,fixed,0,0,0,0,0.0,3,0,0,0,0,0
sparse,4,heterogeneous,True,8,learned,0,0,0,0,0.0,3,0,0,0,0,0
sparse,4,heterogeneous,False,9,poisson,2,0,0,0,0.0,3,0,1,0,1,0
sparse,4,heterogeneous,False,9,fixed,2,0,0,0,0.0,3,0,1,0,1,0
sparse,4,heterogeneous,False,9,learned,2,2,0,0,0.0,3,1,1,1,1,1
sparse,4,heterogeneous,True,9,poisson,2,0,0,0,0.0,3,0,1,0,1,0
sparse,4,heterogeneous,True,9,fixed,2,0,0,0,0.0,3,0,1,0,1,0
sparse,4,heterogeneous,True,9,learned,2,0,0,0,0.0,3,0,1,0,1,0
sparse,4,heterogeneous,False,10,poisson,4,0,0,0,0.0,3,0,1,0,1,0
sparse,4,heterogeneous,False,10,fixed,4,0,0,0,0.0,3,0,1,0,1,0
sparse,4,heterogeneous,False,10,learned,4,4,2,1,0.5,3,1,1,1,1,1
sparse,4,heterogeneous,True,10,poisson,4,0,0,0,0.0,3,0,1,0,1,0
sparse,4,heterogeneous,True,10,fixed,4,0,0,0,0.0,3,0,1,0,1,0
sparse,4,heterogeneous,True,10,learned,4,0,0,0,0.0,3,0,1,0,1,0
sparse,4,heterogeneous,False,11,poisson,4,0,0,0,0.0,3,0,2,0,2,0
sparse,4,heterogeneous,False,11,fixed,4,0,0,0,0.0,3,0,2,0,2,0
sparse,4,heterogeneous,False,11,learned,4,4,0,0,0.0,3,2,2,2,2,2
sparse,4,heterogeneous,True,11,poisson,4,0,0,0,0.0,3,0,2,0,2,0
sparse,4,heterogeneous,True,11,fixed,4,0,0,0,0.0,3,0,2,0,2,0
sparse,4,heterogeneous,True,11,learned,4,0,0,0,0.0,3,0,2,0,2,0
sparse,4,heterogeneous,False,12,poisson,2,0,0,0,0.0,3,0,2,0,2,0
sparse,4,heterogeneous,False,12,fixed,2,0,0,0,0.0,3,0,2,0,2,0
sparse,4,heterogeneous,False,12,learned,2,2,0,0,0.0,3,1,2,1,2,1
sparse,4,heterogeneous,True,12,poisson,2,0,0,0,0.0,3,0,2,0,2,0
sparse,4,heterogeneous,True,12,fixed,2,0,0,0,0.0,3,0,2,0,2,0
sparse,4,heterogeneous,True,12,learned,2,0,0,0,0.0,3,0,2,0,2,0
sparse,4,heterogeneous,False,13,poisson,0,0,0,0,0.0,3,0,0,0,0,0
sparse,4,heterogeneous,False,13,fixed,0,0,0,0,0.0,3,0,0,0,0,0
sparse,4,heterogeneous,False,13,learned,0,0,0,0,0.0,3,0,0,0,0,0
sparse,4,heterogeneous,True,13,poisson,0,0,0,0,0.0,3,0,0,0,0,0
sparse,4,heterogeneous,True,13,fixed,0,0,0,0,0.0,3,0,0,0,0,0
sparse,4,heterogeneous,True,13,learned,0,0,0,0,0.0,3,0,0,0,0,0
sparse,4,heterogeneous,False,14,poisson,2,0,0,0,0.0,3,0,1,0,1,0
sparse,4,heterogeneous,False,14,fixed,2,0,0,0,0.0,3,0,1,0,1,0
sparse,4,heterogeneous,False,14,learned,2,2,0,0,0.0,3,1,1,1,1,1
sparse,4,heterogeneous,True,14,poisson,2,0,0,0,0.0,3,0,1,0,1,0
sparse,4,heterogeneous,True,14,fixed,2,0,0,0,0.0,3,0,1,0,1,0
sparse,4,heterogeneous,True,14,learned,2,2,0,0,0.0,3,1,1,1,1,1
sparse,4,heterogeneous,False,15,poisson,2,0,0,0,0.0,3,0,1,0,2,0
sparse,4,heterogeneous,False,15,fixed,2,0,0,0,0.0,3,0,1,0,2,0
sparse,4,heterogeneous,False,15,learned,2,2,0,0,0.0,3,1,1,1,2,1
sparse,4,heterogeneous,True,15,poisson,2,0,0,0,0.0,3,0,1,0,2,0
sparse,4,heterogeneous,True,15,fixed,2,0,0,0,0.0,3,0,1,0,2,0
sparse,4,heterogeneous,True,15,learned,2,2,0,0,0.0,3,1,1,1,2,1
sparse,4,heterogeneous,False,16,poisson,2,0,0,0,0.0,3,0,1,0,1,0
sparse,4,heterogeneous,False,16,fixed,2,2,0,0,0.0,3,1,1,1,1,1
sparse,4,heterogeneous,False,16,learned,2,2,0,0,0.0,3,1,1,1,1,1
sparse,4,heterogeneous,True,16,poisson,2,0,0,0,0.0,3,0,1,0,1,0
sparse,4,heterogeneous,True,16,fixed,2,0,0,0,0.0,3,0,1,0,1,0
sparse,4,heterogeneous,True,16,learned,2,0,0,0,0.0,3,0,1,0,1,0
sparse,4,heterogeneous,False,17,poisson,2,2,0,0,0.0,3,1,2,1,2,1
sparse,4,heterogeneous,False,17,fixed,2,0,0,0,0.0,3,0,2,0,2,0
sparse,4,heterogeneous,False,17,learned,2,2,0,0,0.0,3,1,2,1,2,1
sparse,4,heterogeneous,True,17,poisson,2,2,0,0,0.0,3,1,2,1,2,1
sparse,4,heterogeneous,True,17,fixed,2,0,0,0,0.0,3,0,2,0,2,0
sparse,4,heterogeneous,True,17,learned,2,0,0,0,0.0,3,0,2,0,2,0
sparse,4,heterogeneous,False,18,poisson,4,0,0,0,0.0,3,0,2,0,2,0
sparse,4,heterogeneous,False,18,fixed,4,0,0,0,0.0,3,0,2,0,2,0
sparse,4,heterogeneous,False,18,learned,4,4,0,0,0.0,3,2,2,2,2,2
sparse,4,heterogeneous,True,18,poisson,4,0,0,0,0.0,3,0,2,0,2,0
sparse,4,heterogeneous,True,18,fixed,4,0,0,0,0.0,3,0,2,0,2,0
sparse,4,heterogeneous,True,18,learned,4,0,0,0,0.0,3,0,2,0,2,0
sparse,4,heterogeneous,False,19,poisson,6,0,0,0,0.0,3,0,2,0,2,0
sparse,4,heterogeneous,False,19,fixed,6,2,0,0,0.0,3,1,2,1,2,1
sparse,4,heterogeneous,False,19,learned,6,6,2,1,0.3333333333333333,3,2,2,2,2,2
sparse,4,heterogeneous,True,19,poisson,6,0,0,0,0.0,3,0,2,0,2,0
sparse,4,heterogeneous,True,19,fixed,6,2,0,0,0.0,3,1,2,1,2,1
sparse,4,heterogeneous,True,19,learned,6,4,0,0,0.0,3,2,2,2,2,2
sparse,4,heterogeneous,False,20,poisson,2,2,0,0,0.0,3,1,2,1,2,1
sparse,4,heterogeneous,False,20,fixed,2,0,0,0,0.0,3,0,2,0,2,0
sparse,4,heterogeneous,False,20,learned,2,2,0,0,0.0,3,1,2,1,2,1
sparse,4,heterogeneous,True,20,poisson,2,2,0,0,0.0,3,1,2,1,2,1
sparse,4,heterogeneous,True,20,fixed,2,0,0,0,0.0,3,0,2,0,2,0
sparse,4,heterogeneous,True,20,learned,2,2,0,0,0.0,3,1,2,1,2,1
sparse,4,heterogeneous,False,21,poisson,4,0,0,0,0.0,3,0,2,0,2,0
sparse,4,heterogeneous,False,21,fixed,4,2,0,0,0.0,3,1,2,1,2,1
sparse,4,heterogeneous,False,21,learned,4,4,0,0,0.0,3,2,2,2,2,2
sparse,4,heterogeneous,True,21,poisson,4,0,0,0,0.0,3,0,2,0,2,0
sparse,4,heterogeneous,True,21,fixed,4,2,0,0,0.0,3,1,2,1,2,1
sparse,4,heterogeneous,True,21,learned,4,4,0,0,0.0,3,2,2,2,2,2
sparse,4,heterogeneous,False,22,poisson,2,2,0,0,0.0,3,1,1,1,1,1
sparse,4,heterogeneous,False,22,fixed,2,0,0,0,0.0,3,0,1,0,1,0
sparse,4,heterogeneous,False,22,learned,2,2,0,0,0.0,3,1,1,1,1,1
sparse,4,heterogeneous,True,22,poisson,2,2,0,0,0.0,3,1,1,0,1,0
sparse,4,heterogeneous,True,22,fixed,2,0,0,0,0.0,3,0,1,0,1,0
sparse,4,heterogeneous,True,22,learned,2,0,0,0,0.0,3,0,1,0,1,0
sparse,4,heterogeneous,False,23,poisson,2,0,0,0,0.0,3,0,1,0,1,0
sparse,4,heterogeneous,False,23,fixed,2,0,0,0,0.0,3,0,1,0,1,0
sparse,4,heterogeneous,False,23,learned,2,2,0,0,0.0,3,1,1,1,1,1
sparse,4,heterogeneous,True,23,poisson,2,0,0,0,0.0,3,0,1,0,1,0
sparse,4,heterogeneous,True,23,fixed,2,0,0,0,0.0,3,0,1,0,1,0
sparse,4,heterogeneous,True,23,learned,2,2,0,0,0.0,3,1,1,1,1,1
sparse,4,heterogeneous,False,24,poisson,4,0,0,0,0.0,3,0,2,0,2,0
sparse,4,heterogeneous,False,24,fixed,4,0,0,0,0.0,3,0,2,0,2,0
sparse,4,heterogeneous,False,24,learned,4,4,0,0,0.0,3,2,2,2,2,2
sparse,4,heterogeneous,True,24,poisson,4,0,0,0,0.0,3,0,2,0,2,0
sparse,4,heterogeneous,True,24,fixed,4,0,0,0,0.0,3,0,2,0,2,0
sparse,4,heterogeneous,True,24,learned,4,4,0,0,0.0,3,2,2,2,2,2
sparse,4,heterogeneous,False,25,poisson,0,0,0,0,0.0,3,0,0,0,0,0
sparse,4,heterogeneous,False,25,fixed,0,0,0,0,0.0,3,0,0,0,0,0
sparse,4,heterogeneous,False,25,learned,0,0,0,0,0.0,3,0,0,0,0,0
sparse,4,heterogeneous,True,25,poisson,0,0,0,0,0.0,3,0,0,0,0,0
sparse,4,heterogeneous,True,25,fixed,0,0,0,0,0.0,3,0,0,0,0,0
sparse,4,heterogeneous,True,25,learned,0,0,0,0,0.0,3,0,0,0,0,0
sparse,4,heterogeneous,False,26,poisson,2,0,0,0,0.0,3,0,3,0,3,0
sparse,4,heterogeneous,False,26,fixed,2,0,0,0,0.0,3,0,3,0,3,0
sparse,4,heterogeneous,False,26,learned,2,2,0,0,0.0,3,1,3,1,3,1
sparse,4,heterogeneous,True,26,poisson,2,0,0,0,0.0,3,0,3,0,3,0
sparse,4,heterogeneous,True,26,fixed,2,0,0,0,0.0,3,0,3,0,3,0
sparse,4,heterogeneous,True,26,learned,2,2,0,0,0.0,3,1,3,1,3,1
sparse,4,heterogeneous,False,27,poisson,2,0,0,0,0.0,3,0,1,0,1,0
sparse,4,heterogeneous,False,27,fixed,2,0,0,0,0.0,3,0,1,0,1,0
sparse,4,heterogeneous,False,27,learned,2,2,0,0,0.0,3,1,1,1,1,1
sparse,4,heterogeneous,True,27,poisson,2,0,0,0,0.0,3,0,1,0,1,0
sparse,4,heterogeneous,True,27,fixed,2,0,0,0,0.0,3,0,1,0,1,0
sparse,4,heterogeneous,True,27,learned,2,2,0,0,0.0,3,1,1,1,1,1
sparse,4,heterogeneous,False,28,poisson,0,0,0,0,0.0,3,0,0,0,0,0
sparse,4,heterogeneous,False,28,fixed,0,0,0,0,0.0,3,0,0,0,0,0
sparse,4,heterogeneous,False,28,learned,0,0,0,0,0.0,3,0,0,0,0,0
sparse,4,heterogeneous,True,28,poisson,0,0,0,0,0.0,3,0,0,0,0,0
sparse,4,heterogeneous,True,28,fixed,0,0,0,0,0.0,3,0,0,0,0,0
sparse,4,heterogeneous,True,28,learned,0,0,0,0,0.0,3,0,0,0,0,0
sparse,4,heterogeneous,False,29,poisson,4,0,0,0,0.0,3,0,0,0,0,0
sparse,4,heterogeneous,False,29,fixed,4,0,0,0,0.0,3,0,0,0,0,0
sparse,4,heterogeneous,False,29,learned,4,4,4,1,1.0,3,0,0,0,0,0
sparse,4,heterogeneous,True,29,poisson,4,0,0,0,0.0,3,0,0,0,0,0
sparse,4,heterogeneous,True,29,fixed,4,0,0,0,0.0,3,0,0,0,0,0
sparse,4,heterogeneous,True,29,learned,4,0,0,0,0.0,3,0,0,0,0,0
sparse,4,heterogeneous,False,30,poisson,2,0,0,0,0.0,3,0,0,0,0,0
sparse,4,heterogeneous,False,30,fixed,2,2,0,0,0.0,3,0,0,0,0,0
sparse,4,heterogeneous,False,30,learned,2,2,0,0,0.0,3,0,0,0,0,0
sparse,4,heterogeneous,True,30,poisson,2,0,0,0,0.0,3,0,0,0,0,0
sparse,4,heterogeneous,True,30,fixed,2,2,0,0,0.0,3,0,0,0,0,0
sparse,4,heterogeneous,True,30,learned,2,2,0,0,0.0,3,0,0,0,0,0
sparse,4,heterogeneous,False,31,poisson,0,0,0,0,0.0,3,0,0,0,0,0
sparse,4,heterogeneous,False,31,fixed,0,0,0,0,0.0,3,0,0,0,0,0
sparse,4,heterogeneous,False,31,learned,0,0,0,0,0.0,3,0,0,0,0,0
sparse,4,heterogeneous,True,31,poisson,0,0,0,0,0.0,3,0,0,0,0,0
sparse,4,heterogeneous,True,31,fixed,0,0,0,0,0.0,3,0,0,0,0,0
sparse,4,heterogeneous,True,31,learned,0,0,0,0,0.0,3,0,0,0,0,0
sparse,4,heterogeneous,False,32,poisson,4,0,0,0,0.0,3,0,2,0,2,0
sparse,4,heterogeneous,False,32,fixed,4,0,0,0,0.0,3,0,2,0,2,0
sparse,4,heterogeneous,False,32,learned,4,4,0,0,0.0,3,2,2,2,2,2
sparse,4,heterogeneous,True,32,poisson,4,0,0,0,0.0,3,0,2,0,2,0
sparse,4,heterogeneous,True,32,fixed,4,0,0,0,0.0,3,0,2,0,2,0
sparse,4,heterogeneous,True,32,learned,4,4,0,0,0.0,3,2,2,2,2,2
sparse,4,heterogeneous,False,33,poisson,2,0,0,0,0.0,3,0,0,0,1,0
sparse,4,heterogeneous,False,33,fixed,2,0,0,0,0.0,3,0,0,0,1,0
sparse,4,heterogeneous,False,33,learned,2,2,2,1,1.0,3,0,0,0,1,0
sparse,4,heterogeneous,True,33,poisson,2,0,0,0,0.0,3,0,0,0,1,0
sparse,4,heterogeneous,True,33,fixed,2,0,0,0,0.0,3,0,0,0,1,0
sparse,4,heterogeneous,True,33,learned,2,0,0,0,0.0,3,0,0,0,1,0
sparse,4,heterogeneous,False,34,poisson,2,0,0,0,0.0,3,0,1,0,1,0
sparse,4,heterogeneous,False,34,fixed,2,0,0,0,0.0,3,0,1,0,1,0
sparse,4,heterogeneous,False,34,learned,2,2,0,0,0.0,3,1,1,1,1,1
sparse,4,heterogeneous,True,34,poisson,2,0,0,0,0.0,3,0,1,0,1,0
sparse,4,heterogeneous,True,34,fixed,2,0,0,0,0.0,3,0,1,0,1,0
sparse,4,heterogeneous,True,34,learned,2,0,0,0,0.0,3,0,1,0,1,0
sparse,4,heterogeneous,False,35,poisson,0,0,0,0,0.0,3,0,0,0,0,0
sparse,4,heterogeneous,False,35,fixed,0,0,0,0,0.0,3,0,0,0,0,0
sparse,4,heterogeneous,False,35,learned,0,0,0,0,0.0,3,0,0,0,0,0
sparse,4,heterogeneous,True,35,poisson,0,0,0,0,0.0,3,0,0,0,0,0
sparse,4,heterogeneous,True,35,fixed,0,0,0,0,0.0,3,0,0,0,0,0
sparse,4,heterogeneous,True,35,learned,0,0,0,0,0.0,3,0,0,0,0,0
sparse,4,heterogeneous,False,36,poisson,0,0,0,0,0.0,3,0,0,0,0,0
sparse,4,heterogeneous,False,36,fixed,0,0,0,0,0.0,3,0,0,0,0,0
sparse,4,heterogeneous,False,36,learned,0,0,0,0,0.0,3,0,0,0,0,0
sparse,4,heterogeneous,True,36,poisson,0,0,0,0,0.0,3,0,0,0,0,0
sparse,4,heterogeneous,True,36,fixed,0,0,0,0,0.0,3,0,0,0,0,0
sparse,4,heterogeneous,True,36,learned,0,0,0,0,0.0,3,0,0,0,0,0
sparse,4,heterogeneous,False,37,poisson,2,0,0,0,0.0,3,0,0,0,0,0
sparse,4,heterogeneous,False,37,fixed,2,0,0,0,0.0,3,0,0,0,0,0
sparse,4,heterogeneous,False,37,learned,2,0,0,0,0.0,3,0,0,0,0,0
sparse,4,heterogeneous,True,37,poisson,2,0,0,0,0.0,3,0,0,0,0,0
sparse,4,heterogeneous,True,37,fixed,2,0,0,0,0.0,3,0,0,0,0,0
sparse,4,heterogeneous,True,37,learned,2,0,0,0,0.0,3,0,0,0,0,0
sparse,4,heterogeneous,False,38,poisson,2,0,0,0,0.0,3,0,1,0,1,0
sparse,4,heterogeneous,False,38,fixed,2,0,0,0,0.0,3,0,1,0,1,0
sparse,4,heterogeneous,False,38,learned,2,2,0,0,0.0,3,1,1,1,1,1
sparse,4,heterogeneous,True,38,poisson,2,0,0,0,0.0,3,0,1,0,1,0
sparse,4,heterogeneous,True,38,fixed,2,0,0,0,0.0,3,0,1,0,1,0
sparse,4,heterogeneous,True,38,learned,2,0,0,0,0.0,3,0,1,0,1,0
sparse,4,heterogeneous,False,39,poisson,4,0,0,0,0.0,3,0,2,0,2,0
sparse,4,heterogeneous,False,39,fixed,4,0,0,0,0.0,3,0,2,0,2,0
sparse,4,heterogeneous,False,39,learned,4,4,0,0,0.0,3,2,2,2,2,2
sparse,4,heterogeneous,True,39,poisson,4,0,0,0,0.0,3,0,2,0,2,0
sparse,4,heterogeneous,True,39,fixed,4,0,0,0,0.0,3,0,2,0,2,0
sparse,4,heterogeneous,True,39,learned,4,4,0,0,0.0,3,2,2,2,2,2
sparse,4,heterogeneous,False,40,poisson,2,0,0,0,0.0,3,0,2,0,2,0
sparse,4,heterogeneous,False,40,fixed,2,0,0,0,0.0,3,0,2,0,2,0
sparse,4,heterogeneous,False,40,learned,2,2,0,0,0.0,3,1,2,1,2,1
sparse,4,heterogeneous,True,40,poisson,2,0,0,0,0.0,3,0,2,0,2,0
sparse,4,heterogeneous,True,40,fixed,2,0,0,0,0.0,3,0,2,0,2,0
sparse,4,heterogeneous,True,40,learned,2,2,0,0,0.0,3,1,2,1,2,1
sparse,4,heterogeneous,False,41,poisson,2,0,0,0,0.0,3,0,1,0,1,0
sparse,4,heterogeneous,False,41,fixed,2,0,0,0,0.0,3,0,1,0,1,0
sparse,4,heterogeneous,False,41,learned,2,2,0,0,0.0,3,1,1,1,1,1
sparse,4,heterogeneous,True,41,poisson,2,0,0,0,0.0,3,0,1,0,1,0
sparse,4,heterogeneous,True,41,fixed,2,0,0,0,0.0,3,0,1,0,1,0
sparse,4,heterogeneous,True,41,learned,2,2,0,0,0.0,3,1,1,1,1,1
sparse,4,heterogeneous,False,42,poisson,4,0,0,0,0.0,3,0,2,0,2,0
sparse,4,heterogeneous,False,42,fixed,4,0,0,0,0.0,3,0,2,0,2,0
sparse,4,heterogeneous,False,42,learned,4,4,0,0,0.0,3,2,2,2,2,2
sparse,4,heterogeneous,True,42,poisson,4,0,0,0,0.0,3,0,2,0,2,0
sparse,4,heterogeneous,True,42,fixed,4,0,0,0,0.0,3,0,2,0,2,0
sparse,4,heterogeneous,True,42,learned,4,0,0,0,0.0,3,0,2,0,2,0
sparse,4,heterogeneous,False,43,poisson,2,0,0,0,0.0,3,0,1,0,1,0
sparse,4,heterogeneous,False,43,fixed,2,0,0,0,0.0,3,0,1,0,1,0
sparse,4,heterogeneous,False,43,learned,2,2,0,0,0.0,3,1,1,1,1,1
sparse,4,heterogeneous,True,43,poisson,2,0,0,0,0.0,3,0,1,0,1,0
sparse,4,heterogeneous,True,43,fixed,2,0,0,0,0.0,3,0,1,0,1,0
sparse,4,heterogeneous,True,43,learned,2,0,0,0,0.0,3,0,1,0,1,0
sparse,4,heterogeneous,False,44,poisson,2,0,0,0,0.0,3,0,1,0,1,0
sparse,4,heterogeneous,False,44,fixed,2,2,0,0,0.0,3,1,1,1,1,1
sparse,4,heterogeneous,False,44,learned,2,2,0,0,0.0,3,1,1,1,1,1
sparse,4,heterogeneous,True,44,poisson,2,0,0,0,0.0,3,0,1,0,1,0
sparse,4,heterogeneous,True,44,fixed,2,2,0,0,0.0,3,1,1,1,1,1
sparse,4,heterogeneous,True,44,learned,2,2,0,0,0.0,3,1,1,1,1,1
sparse,4,heterogeneous,False,45,poisson,2,0,0,0,0.0,3,0,0,0,0,0
sparse,4,heterogeneous,False,45,fixed,2,0,0,0,0.0,3,0,0,0,0,0
sparse,4,heterogeneous,False,45,learned,2,2,2,1,1.0,3,0,0,0,0,0
sparse,4,heterogeneous,True,45,poisson,2,0,0,0,0.0,3,0,0,0,0,0
sparse,4,heterogeneous,True,45,fixed,2,0,0,0,0.0,3,0,0,0,0,0
sparse,4,heterogeneous,True,45,learned,2,0,0,0,0.0,3,0,0,0,0,0
sparse,4,heterogeneous,False,46,poisson,0,0,0,0,0.0,3,0,0,0,0,0
sparse,4,heterogeneous,False,46,fixed,0,0,0,0,0.0,3,0,0,0,0,0
sparse,4,heterogeneous,False,46,learned,0,0,0,0,0.0,3,0,0,0,0,0
sparse,4,heterogeneous,True,46,poisson,0,0,0,0,0.0,3,0,0,0,0,0
sparse,4,heterogeneous,True,46,fixed,0,0,0,0,0.0,3,0,0,0,0,0
sparse,4,heterogeneous,True,46,learned,0,0,0,0,0.0,3,0,0,0,0,0
sparse,4,heterogeneous,False,47,poisson,2,0,0,0,0.0,3,0,1,0,1,0
sparse,4,heterogeneous,False,47,fixed,2,0,0,0,0.0,3,0,1,0,1,0
sparse,4,heterogeneous,False,47,learned,2,2,0,0,0.0,3,1,1,1,1,1
sparse,4,heterogeneous,True,47,poisson,2,0,0,0,0.0,3,0,1,0,1,0
sparse,4,heterogeneous,True,47,fixed,2,0,0,0,0.0,3,0,1,0,1,0
sparse,4,heterogeneous,True,47,learned,2,0,0,0,0.0,3,0,1,0,1,0
sparse,4,heterogeneous,False,48,poisson,4,0,0,0,0.0,3,0,2,0,2,0
sparse,4,heterogeneous,False,48,fixed,4,0,0,0,0.0,3,0,2,0,2,0
sparse,4,heterogeneous,False,48,learned,4,4,0,0,0.0,3,2,2,2,2,2
sparse,4,heterogeneous,True,48,poisson,4,0,0,0,0.0,3,0,2,0,2,0
sparse,4,heterogeneous,True,48,fixed,4,0,0,0,0.0,3,0,2,0,2,0
sparse,4,heterogeneous,True,48,learned,4,4,0,0,0.0,3,2,2,2,2,2
sparse,4,heterogeneous,False,49,poisson,2,0,0,0,0.0,3,0,1,0,1,0
sparse,4,heterogeneous,False,49,fixed,2,0,0,0,0.0,3,0,1,0,1,0
sparse,4,heterogeneous,False,49,learned,2,2,0,0,0.0,3,1,1,1,1,1
sparse,4,heterogeneous,True,49,poisson,2,0,0,0,0.0,3,0,1,0,1,0
sparse,4,heterogeneous,True,49,fixed,2,0,0,0,0.0,3,0,1,0,1,0
sparse,4,heterogeneous,True,49,learned,2,0,0,0,0.0,3,0,1,0,1,0
sparse,4,heterogeneous,False,50,poisson,4,0,0,0,0.0,3,0,2,0,2,0
sparse,4,heterogeneous,False,50,fixed,4,0,0,0,0.0,3,0,2,0,2,0
sparse,4,heterogeneous,False,50,learned,4,4,0,0,0.0,3,2,2,2,2,2
sparse,4,heterogeneous,True,50,poisson,4,0,0,0,0.0,3,0,2,0,2,0
sparse,4,heterogeneous,True,50,fixed,4,0,0,0,0.0,3,0,2,0,2,0
sparse,4,heterogeneous,True,50,learned,4,4,0,0,0.0,3,2,2,2,2,2
sparse,4,heterogeneous,False,51,poisson,0,0,0,0,0.0,3,0,0,0,0,0
sparse,4,heterogeneous,False,51,fixed,0,0,0,0,0.0,3,0,0,0,0,0
sparse,4,heterogeneous,False,51,learned,0,0,0,0,0.0,3,0,0,0,0,0
sparse,4,heterogeneous,True,51,poisson,0,0,0,0,0.0,3,0,0,0,0,0
sparse,4,heterogeneous,True,51,fixed,0,0,0,0,0.0,3,0,0,0,0,0
sparse,4,heterogeneous,True,51,learned,0,0,0,0,0.0,3,0,0,0,0,0
sparse,4,heterogeneous,False,52,poisson,2,0,0,0,0.0,3,0,2,0,2,0
sparse,4,heterogeneous,False,52,fixed,2,2,0,0,0.0,3,1,2,1,2,1
sparse,4,heterogeneous,False,52,learned,2,2,0,0,0.0,3,1,2,1,2,1
sparse,4,heterogeneous,True,52,poisson,2,0,0,0,0.0,3,0,2,0,2,0
sparse,4,heterogeneous,True,52,fixed,2,0,0,0,0.0,3,0,2,0,2,0
sparse,4,heterogeneous,True,52,learned,2,0,0,0,0.0,3,0,2,0,2,0
sparse,4,heterogeneous,False,53,poisson,2,0,0,0,0.0,3,0,1,0,1,0
sparse,4,heterogeneous,False,53,fixed,2,0,0,0,0.0,3,0,1,0,1,0
sparse,4,heterogeneous,False,53,learned,2,2,0,0,0.0,3,1,1,1,1,1
sparse,4,heterogeneous,True,53,poisson,2,0,0,0,0.0,3,0,1,0,1,0
sparse,4,heterogeneous,True,53,fixed,2,0,0,0,0.0,3,0,1,0,1,0
sparse,4,heterogeneous,True,53,learned,2,2,0,0,0.0,3,1,1,1,1,1
sparse,4,heterogeneous,False,54,poisson,2,0,0,0,0.0,3,0,1,0,1,0
sparse,4,heterogeneous,False,54,fixed,2,2,0,0,0.0,3,1,1,1,1,1
sparse,4,heterogeneous,False,54,learned,2,2,0,0,0.0,3,1,1,1,1,1
sparse,4,heterogeneous,True,54,poisson,2,0,0,0,0.0,3,0,1,0,1,0
sparse,4,heterogeneous,True,54,fixed,2,2,0,0,0.0,3,1,1,1,1,1
sparse,4,heterogeneous,True,54,learned,2,2,0,0,0.0,3,1,1,1,1,1
sparse,4,heterogeneous,False,55,poisson,2,2,0,0,0.0,3,1,1,1,1,1
sparse,4,heterogeneous,False,55,fixed,2,0,0,0,0.0,3,0,1,0,1,0
sparse,4,heterogeneous,False,55,learned,2,2,0,0,0.0,3,1,1,1,1,1
sparse,4,heterogeneous,True,55,poisson,2,2,0,0,0.0,3,1,1,0,1,0
sparse,4,heterogeneous,True,55,fixed,2,0,0,0,0.0,3,0,1,0,1,0
sparse,4,heterogeneous,True,55,learned,2,0,0,0,0.0,3,0,1,0,1,0
sparse,4,heterogeneous,False,56,poisson,2,2,0,0,0.0,3,1,1,1,1,1
sparse,4,heterogeneous,False,56,fixed,2,0,0,0,0.0,3,0,1,0,1,0
sparse,4,heterogeneous,False,56,learned,2,2,0,0,0.0,3,1,1,1,1,1
sparse,4,heterogeneous,True,56,poisson,2,2,0,0,0.0,3,1,1,0,1,0
sparse,4,heterogeneous,True,56,fixed,2,0,0,0,0.0,3,0,1,0,1,0
sparse,4,heterogeneous,True,56,learned,2,0,0,0,0.0,3,0,1,0,1,0
sparse,4,heterogeneous,False,57,poisson,4,0,0,0,0.0,3,0,1,0,1,0
sparse,4,heterogeneous,False,57,fixed,4,0,0,0,0.0,3,0,1,0,1,0
sparse,4,heterogeneous,False,57,learned,4,4,2,1,0.5,3,1,1,1,1,1
sparse,4,heterogeneous,True,57,poisson,4,0,0,0,0.0,3,0,1,0,1,0
sparse,4,heterogeneous,True,57,fixed,4,0,0,0,0.0,3,0,1,0,1,0
sparse,4,heterogeneous,True,57,learned,4,0,0,0,0.0,3,0,1,0,1,0
sparse,4,heterogeneous,False,58,poisson,2,0,0,0,0.0,3,0,1,0,1,0
sparse,4,heterogeneous,False,58,fixed,2,0,0,0,0.0,3,0,1,0,1,0
sparse,4,heterogeneous,False,58,learned,2,2,0,0,0.0,3,1,1,1,1,1
sparse,4,heterogeneous,True,58,poisson,2,0,0,0,0.0,3,0,1,0,1,0
sparse,4,heterogeneous,True,58,fixed,2,0,0,0,0.0,3,0,1,0,1,0
sparse,4,heterogeneous,True,58,learned,2,0,0,0,0.0,3,0,1,0,1,0
sparse,4,heterogeneous,False,59,poisson,4,0,0,0,0.0,3,0,2,0,2,0
sparse,4,heterogeneous,False,59,fixed,4,2,0,0,0.0,3,1,2,1,2,1
sparse,4,heterogeneous,False,59,learned,4,4,0,0,0.0,3,2,2,2,2,2
sparse,4,heterogeneous,True,59,poisson,4,0,0,0,0.0,3,0,2,0,2,0
sparse,4,heterogeneous,True,59,fixed,4,0,0,0,0.0,3,0,2,0,2,0
sparse,4,heterogeneous,True,59,learned,4,0,0,0,0.0,3,0,2,0,2,0
sparse,4,heterogeneous,False,60,poisson,0,0,0,0,0.0,3,0,0,0,0,0
sparse,4,heterogeneous,False,60,fixed,0,0,0,0,0.0,3,0,0,0,0,0
sparse,4,heterogeneous,False,60,learned,0,0,0,0,0.0,3,0,0,0,0,0
sparse,4,heterogeneous,True,60,poisson,0,0,0,0,0.0,3,0,0,0,0,0
sparse,4,heterogeneous,True,60,fixed,0,0,0,0,0.0,3,0,0,0,0,0
sparse,4,heterogeneous,True,60,learned,0,0,0,0,0.0,3,0,0,0,0,0
sparse,4,heterogeneous,False,61,poisson,4,0,0,0,0.0,3,0,2,0,2,0
sparse,4,heterogeneous,False,61,fixed,4,2,0,0,0.0,3,1,2,1,2,1
sparse,4,heterogeneous,False,61,learned,4,4,0,0,0.0,3,2,2,2,2,2
sparse,4,heterogeneous,True,61,poisson,4,0,0,0,0.0,3,0,2,0,2,0
sparse,4,heterogeneous,True,61,fixed,4,2,0,0,0.0,3,1,2,1,2,1
sparse,4,heterogeneous,True,61,learned,4,4,0,0,0.0,3,2,2,2,2,2
sparse,4,heterogeneous,False,62,poisson,2,0,0,0,0.0,3,0,1,0,1,0
sparse,4,heterogeneous,False,62,fixed,2,0,0,0,0.0,3,0,1,0,1,0
sparse,4,heterogeneous,False,62,learned,2,2,0,0,0.0,3,1,1,1,1,1
sparse,4,heterogeneous,True,62,poisson,2,0,0,0,0.0,3,0,1,0,1,0
sparse,4,heterogeneous,True,62,fixed,2,0,0,0,0.0,3,0,1,0,1,0
sparse,4,heterogeneous,True,62,learned,2,0,0,0,0.0,3,0,1,0,1,0
sparse,4,heterogeneous,False,63,poisson,4,0,0,0,0.0,3,0,1,0,1,0
sparse,4,heterogeneous,False,63,fixed,4,0,0,0,0.0,3,0,1,0,1,0
sparse,4,heterogeneous,False,63,learned,4,4,2,1,0.5,3,1,1,1,1,1
sparse,4,heterogeneous,True,63,poisson,4,0,0,0,0.0,3,0,1,0,1,0
sparse,4,heterogeneous,True,63,fixed,4,0,0,0,0.0,3,0,1,0,1,0
sparse,4,heterogeneous,True,63,learned,4,0,0,0,0.0,3,0,1,0,1,0
sparse,4,heterogeneous,False,64,poisson,2,0,0,0,0.0,3,0,1,0,1,0
sparse,4,heterogeneous,False,64,fixed,2,0,0,0,0.0,3,0,1,0,1,0
sparse,4,heterogeneous,False,64,learned,2,2,0,0,0.0,3,1,1,1,1,1
sparse,4,heterogeneous,True,64,poisson,2,0,0,0,0.0,3,0,1,0,1,0
sparse,4,heterogeneous,True,64,fixed,2,0,0,0,0.0,3,0,1,0,1,0
sparse,4,heterogeneous,True,64,learned,2,0,0,0,0.0,3,0,1,0,1,0
sparse,4,heterogeneous,False,65,poisson,4,0,0,0,0.0,3,0,2,0,2,0
sparse,4,heterogeneous,False,65,fixed,4,0,0,0,0.0,3,0,2,0,2,0
sparse,4,heterogeneous,False,65,learned,4,4,0,0,0.0,3,2,2,2,2,2
sparse,4,heterogeneous,True,65,poisson,4,0,0,0,0.0,3,0,2,0,2,0
sparse,4,heterogeneous,True,65,fixed,4,0,0,0,0.0,3,0,2,0,2,0
sparse,4,heterogeneous,True,65,learned,4,0,0,0,0.0,3,0,2,0,2,0
sparse,4,heterogeneous,False,66,poisson,6,0,0,0,0.0,3,0,3,0,3,0
sparse,4,heterogeneous,False,66,fixed,6,2,0,0,0.0,3,1,3,1,3,1
sparse,4,heterogeneous,False,66,learned,6,6,0,0,0.0,3,3,3,3,3,3
sparse,4,heterogeneous,True,66,poisson,6,0,0,0,0.0,3,0,3,0,3,0
sparse,4,heterogeneous,True,66,fixed,6,2,0,0,0.0,3,1,3,1,3,1
sparse,4,heterogeneous,True,66,learned,6,6,0,0,0.0,3,3,3,3,3,3
sparse,4,heterogeneous,False,67,poisson,4,0,0,0,0.0,3,0,2,0,2,0
sparse,4,heterogeneous,False,67,fixed,4,0,0,0,0.0,3,0,2,0,2,0
sparse,4,heterogeneous,False,67,learned,4,4,0,0,0.0,3,2,2,2,2,2
sparse,4,heterogeneous,True,67,poisson,4,0,0,0,0.0,3,0,2,0,2,0
sparse,4,heterogeneous,True,67,fixed,4,0,0,0,0.0,3,0,2,0,2,0
sparse,4,heterogeneous,True,67,learned,4,4,0,0,0.0,3,2,2,2,2,2
sparse,4,heterogeneous,False,68,poisson,0,0,0,0,0.0,3,0,0,0,1,0
sparse,4,heterogeneous,False,68,fixed,0,0,0,0,0.0,3,0,0,0,1,0
sparse,4,heterogeneous,False,68,learned,0,0,0,0,0.0,3,0,0,0,1,0
sparse,4,heterogeneous,True,68,poisson,0,0,0,0,0.0,3,0,0,0,1,0
sparse,4,heterogeneous,True,68,fixed,0,0,0,0,0.0,3,0,0,0,1,0
sparse,4,heterogeneous,True,68,learned,0,0,0,0,0.0,3,0,0,0,1,0
sparse,4,heterogeneous,False,69,poisson,2,0,0,0,0.0,3,0,1,0,1,0
sparse,4,heterogeneous,False,69,fixed,2,0,0,0,0.0,3,0,1,0,1,0
sparse,4,heterogeneous,False,69,learned,2,2,0,0,0.0,3,1,1,1,1,1
sparse,4,heterogeneous,True,69,poisson,2,0,0,0,0.0,3,0,1,0,1,0
sparse,4,heterogeneous,True,69,fixed,2,0,0,0,0.0,3,0,1,0,1,0
sparse,4,heterogeneous,True,69,learned,2,2,0,0,0.0,3,1,1,1,1,1
sparse,4,heterogeneous,False,70,poisson,2,0,0,0,0.0,3,0,0,0,0,0
sparse,4,heterogeneous,False,70,fixed,2,2,2,1,1.0,3,0,0,0,0,0
sparse,4,heterogeneous,False,70,learned,2,2,2,1,1.0,3,0,0,0,0,0
sparse,4,heterogeneous,True,70,poisson,2,0,0,0,0.0,3,0,0,0,0,0
sparse,4,heterogeneous,True,70,fixed,2,0,0,0,0.0,3,0,0,0,0,0
sparse,4,heterogeneous,True,70,learned,2,0,0,0,0.0,3,0,0,0,0,0
sparse,4,heterogeneous,False,71,poisson,2,0,0,0,0.0,3,0,1,0,1,0
sparse,4,heterogeneous,False,71,fixed,2,0,0,0,0.0,3,0,1,0,1,0
sparse,4,heterogeneous,False,71,learned,2,2,0,0,0.0,3,1,1,1,1,1
sparse,4,heterogeneous,True,71,poisson,2,0,0,0,0.0,3,0,1,0,1,0
sparse,4,heterogeneous,True,71,fixed,2,0,0,0,0.0,3,0,1,0,1,0
sparse,4,heterogeneous,True,71,learned,2,2,0,0,0.0,3,1,1,1,1,1
sparse,4,heterogeneous,False,72,poisson,4,0,0,0,0.0,3,0,2,0,2,0
sparse,4,heterogeneous,False,72,fixed,4,0,0,0,0.0,3,0,2,0,2,0
sparse,4,heterogeneous,False,72,learned,4,4,0,0,0.0,3,2,2,2,2,2
sparse,4,heterogeneous,True,72,poisson,4,0,0,0,0.0,3,0,2,0,2,0
sparse,4,heterogeneous,True,72,fixed,4,0,0,0,0.0,3,0,2,0,2,0
sparse,4,heterogeneous,True,72,learned,4,0,0,0,0.0,3,0,2,0,2,0
sparse,4,heterogeneous,False,73,poisson,0,0,0,0,0.0,3,0,0,0,0,0
sparse,4,heterogeneous,False,73,fixed,0,0,0,0,0.0,3,0,0,0,0,0
sparse,4,heterogeneous,False,73,learned,0,0,0,0,0.0,3,0,0,0,0,0
sparse,4,heterogeneous,True,73,poisson,0,0,0,0,0.0,3,0,0,0,0,0
sparse,4,heterogeneous,True,73,fixed,0,0,0,0,0.0,3,0,0,0,0,0
sparse,4,heterogeneous,True,73,learned,0,0,0,0,0.0,3,0,0,0,0,0
sparse,4,heterogeneous,False,74,poisson,0,0,0,0,0.0,3,0,0,0,0,0
sparse,4,heterogeneous,False,74,fixed,0,0,0,0,0.0,3,0,0,0,0,0
sparse,4,heterogeneous,False,74,learned,0,0,0,0,0.0,3,0,0,0,0,0
sparse,4,heterogeneous,True,74,poisson,0,0,0,0,0.0,3,0,0,0,0,0
sparse,4,heterogeneous,True,74,fixed,0,0,0,0,0.0,3,0,0,0,0,0
sparse,4,heterogeneous,True,74,learned,0,0,0,0,0.0,3,0,0,0,0,0
sparse,4,heterogeneous,False,75,poisson,2,0,0,0,0.0,3,0,1,0,1,0
sparse,4,heterogeneous,False,75,fixed,2,2,0,0,0.0,3,1,1,1,1,1
sparse,4,heterogeneous,False,75,learned,2,2,0,0,0.0,3,1,1,1,1,1
sparse,4,heterogeneous,True,75,poisson,2,0,0,0,0.0,3,0,1,0,1,0
sparse,4,heterogeneous,True,75,fixed,2,0,0,0,0.0,3,0,1,0,1,0
sparse,4,heterogeneous,True,75,learned,2,0,0,0,0.0,3,0,1,0,1,0
sparse,4,heterogeneous,False,76,poisson,2,0,0,0,0.0,3,0,1,0,1,0
sparse,4,heterogeneous,False,76,fixed,2,2,0,0,0.0,3,1,1,1,1,1
sparse,4,heterogeneous,False,76,learned,2,2,0,0,0.0,3,1,1,1,1,1
sparse,4,heterogeneous,True,76,poisson,2,0,0,0,0.0,3,0,1,0,1,0
sparse,4,heterogeneous,True,76,fixed,2,2,0,0,0.0,3,1,1,1,1,1
sparse,4,heterogeneous,True,76,learned,2,2,0,0,0.0,3,1,1,1,1,1
sparse,4,heterogeneous,False,77,poisson,0,0,0,0,0.0,3,0,0,0,0,0
sparse,4,heterogeneous,False,77,fixed,0,0,0,0,0.0,3,0,0,0,0,0
sparse,4,heterogeneous,False,77,learned,0,0,0,0,0.0,3,0,0,0,0,0
sparse,4,heterogeneous,True,77,poisson,0,0,0,0,0.0,3,0,0,0,0,0
sparse,4,heterogeneous,True,77,fixed,0,0,0,0,0.0,3,0,0,0,0,0
sparse,4,heterogeneous,True,77,learned,0,0,0,0,0.0,3,0,0,0,0,0
sparse,4,heterogeneous,False,78,poisson,0,0,0,0,0.0,3,0,1,0,1,0
sparse,4,heterogeneous,False,78,fixed,0,0,0,0,0.0,3,0,1,0,1,0
sparse,4,heterogeneous,False,78,learned,0,0,0,0,0.0,3,0,1,0,1,0
sparse,4,heterogeneous,True,78,poisson,0,0,0,0,0.0,3,0,1,0,1,0
sparse,4,heterogeneous,True,78,fixed,0,0,0,0,0.0,3,0,1,0,1,0
sparse,4,heterogeneous,True,78,learned,0,0,0,0,0.0,3,0,1,0,1,0
sparse,4,heterogeneous,False,79,poisson,0,0,0,0,0.0,3,0,0,0,0,0
sparse,4,heterogeneous,False,79,fixed,0,0,0,0,0.0,3,0,0,0,0,0
sparse,4,heterogeneous,False,79,learned,0,0,0,0,0.0,3,0,0,0,0,0
sparse,4,heterogeneous,True,79,poisson,0,0,0,0,0.0,3,0,0,0,0,0
sparse,4,heterogeneous,True,79,fixed,0,0,0,0,0.0,3,0,0,0,0,0
sparse,4,heterogeneous,True,79,learned,0,0,0,0,0.0,3,0,0,0,0,0
sparse,4,heterogeneous,False,80,poisson,2,0,0,0,0.0,3,0,2,0,2,0
sparse,4,heterogeneous,False,80,fixed,2,0,0,0,0.0,3,0,2,0,2,0
sparse,4,heterogeneous,False,80,learned,2,2,0,0,0.0,3,1,2,1,2,1
sparse,4,heterogeneous,True,80,poisson,2,0,0,0,0.0,3,0,2,0,2,0
sparse,4,heterogeneous,True,80,fixed,2,0,0,0,0.0,3,0,2,0,2,0
sparse,4,heterogeneous,True,80,learned,2,2,0,0,0.0,3,1,2,1,2,1
sparse,4,heterogeneous,False,81,poisson,4,0,0,0,0.0,3,0,2,0,2,0
sparse,4,heterogeneous,False,81,fixed,4,2,0,0,0.0,3,1,2,1,2,1
sparse,4,heterogeneous,False,81,learned,4,4,0,0,0.0,3,2,2,2,2,2
sparse,4,heterogeneous,True,81,poisson,4,0,0,0,0.0,3,0,2,0,2,0
sparse,4,heterogeneous,True,81,fixed,4,2,0,0,0.0,3,1,2,1,2,1
sparse,4,heterogeneous,True,81,learned,4,4,0,0,0.0,3,2,2,2,2,2
sparse,4,heterogeneous,False,82,poisson,0,0,0,0,0.0,3,0,0,0,0,0
sparse,4,heterogeneous,False,82,fixed,0,0,0,0,0.0,3,0,0,0,0,0
sparse,4,heterogeneous,False,82,learned,0,0,0,0,0.0,3,0,0,0,0,0
sparse,4,heterogeneous,True,82,poisson,0,0,0,0,0.0,3,0,0,0,0,0
sparse,4,heterogeneous,True,82,fixed,0,0,0,0,0.0,3,0,0,0,0,0
sparse,4,heterogeneous,True,82,learned,0,0,0,0,0.0,3,0,0,0,0,0
sparse,4,heterogeneous,False,83,poisson,2,2,0,0,0.0,3,1,1,1,1,1
sparse,4,heterogeneous,False,83,fixed,2,0,0,0,0.0,3,0,1,0,1,0
sparse,4,heterogeneous,False,83,learned,2,2,0,0,0.0,3,1,1,1,1,1
sparse,4,heterogeneous,True,83,poisson,2,2,0,0,0.0,3,1,1,1,1,1
sparse,4,heterogeneous,True,83,fixed,2,0,0,0,0.0,3,0,1,0,1,0
sparse,4,heterogeneous,True,83,learned,2,2,0,0,0.0,3,1,1,1,1,1
sparse,4,heterogeneous,False,84,poisson,0,0,0,0,0.0,3,0,0,0,0,0
sparse,4,heterogeneous,False,84,fixed,0,0,0,0,0.0,3,0,0,0,0,0
sparse,4,heterogeneous,False,84,learned,0,0,0,0,0.0,3,0,0,0,0,0
sparse,4,heterogeneous,True,84,poisson,0,0,0,0,0.0,3,0,0,0,0,0
sparse,4,heterogeneous,True,84,fixed,0,0,0,0,0.0,3,0,0,0,0,0
sparse,4,heterogeneous,True,84,learned,0,0,0,0,0.0,3,0,0,0,0,0
sparse,4,heterogeneous,False,85,poisson,2,0,0,0,0.0,3,0,1,0,1,0
sparse,4,heterogeneous,False,85,fixed,2,0,0,0,0.0,3,0,1,0,1,0
sparse,4,heterogeneous,False,85,learned,2,2,0,0,0.0,3,1,1,1,1,1
sparse,4,heterogeneous,True,85,poisson,2,0,0,0,0.0,3,0,1,0,1,0
sparse,4,heterogeneous,True,85,fixed,2,0,0,0,0.0,3,0,1,0,1,0
sparse,4,heterogeneous,True,85,learned,2,0,0,0,0.0,3,0,1,0,1,0
sparse,4,heterogeneous,False,86,poisson,6,0,0,0,0.0,3,0,2,0,2,0
sparse,4,heterogeneous,False,86,fixed,6,0,0,0,0.0,3,0,2,0,2,0
sparse,4,heterogeneous,False,86,learned,6,6,0,0,0.0,3,2,2,2,2,2
sparse,4,heterogeneous,True,86,poisson,6,0,0,0,0.0,3,0,2,0,2,0
sparse,4,heterogeneous,True,86,fixed,6,0,0,0,0.0,3,0,2,0,2,0
sparse,4,heterogeneous,True,86,learned,6,6,0,0,0.0,3,2,2,2,2,2
sparse,4,heterogeneous,False,87,poisson,2,0,0,0,0.0,3,0,1,0,1,0
sparse,4,heterogeneous,False,87,fixed,2,0,0,0,0.0,3,0,1,0,1,0
sparse,4,heterogeneous,False,87,learned,2,2,0,0,0.0,3,1,1,1,1,1
sparse,4,heterogeneous,True,87,poisson,2,0,0,0,0.0,3,0,1,0,1,0
sparse,4,heterogeneous,True,87,fixed,2,0,0,0,0.0,3,0,1,0,1,0
sparse,4,heterogeneous,True,87,learned,2,2,0,0,0.0,3,1,1,1,1,1
sparse,4,heterogeneous,False,88,poisson,0,0,0,0,0.0,3,0,0,0,0,0
sparse,4,heterogeneous,False,88,fixed,0,0,0,0,0.0,3,0,0,0,0,0
sparse,4,heterogeneous,False,88,learned,0,0,0,0,0.0,3,0,0,0,0,0
sparse,4,heterogeneous,True,88,poisson,0,0,0,0,0.0,3,0,0,0,0,0
sparse,4,heterogeneous,True,88,fixed,0,0,0,0,0.0,3,0,0,0,0,0
sparse,4,heterogeneous,True,88,learned,0,0,0,0,0.0,3,0,0,0,0,0
sparse,4,heterogeneous,False,89,poisson,4,0,0,0,0.0,3,0,2,0,2,0
sparse,4,heterogeneous,False,89,fixed,4,0,0,0,0.0,3,0,2,0,2,0
sparse,4,heterogeneous,False,89,learned,4,4,0,0,0.0,3,2,2,2,2,2
sparse,4,heterogeneous,True,89,poisson,4,0,0,0,0.0,3,0,2,0,2,0
sparse,4,heterogeneous,True,89,fixed,4,0,0,0,0.0,3,0,2,0,2,0
sparse,4,heterogeneous,True,89,learned,4,0,0,0,0.0,3,0,2,0,2,0
sparse,4,heterogeneous,False,90,poisson,2,2,0,0,0.0,3,1,1,1,1,1
sparse,4,heterogeneous,False,90,fixed,2,0,0,0,0.0,3,0,1,0,1,0
sparse,4,heterogeneous,False,90,learned,2,2,0,0,0.0,3,1,1,1,1,1
sparse,4,heterogeneous,True,90,poisson,2,2,0,0,0.0,3,1,1,1,1,1
sparse,4,heterogeneous,True,90,fixed,2,0,0,0,0.0,3,0,1,0,1,0
sparse,4,heterogeneous,True,90,learned,2,2,0,0,0.0,3,1,1,1,1,1
sparse,4,heterogeneous,False,91,poisson,0,0,0,0,0.0,3,0,0,0,0,0
sparse,4,heterogeneous,False,91,fixed,0,0,0,0,0.0,3,0,0,0,0,0
sparse,4,heterogeneous,False,91,learned,0,0,0,0,0.0,3,0,0,0,0,0
sparse,4,heterogeneous,True,91,poisson,0,0,0,0,0.0,3,0,0,0,0,0
sparse,4,heterogeneous,True,91,fixed,0,0,0,0,0.0,3,0,0,0,0,0
sparse,4,heterogeneous,True,91,learned,0,0,0,0,0.0,3,0,0,0,0,0
sparse,4,heterogeneous,False,92,poisson,4,0,0,0,0.0,3,0,2,0,2,0
sparse,4,heterogeneous,False,92,fixed,4,2,0,0,0.0,3,1,2,1,2,1
sparse,4,heterogeneous,False,92,learned,4,4,0,0,0.0,3,2,2,2,2,2
sparse,4,heterogeneous,True,92,poisson,4,0,0,0,0.0,3,0,2,0,2,0
sparse,4,heterogeneous,True,92,fixed,4,2,0,0,0.0,3,1,2,1,2,1
sparse,4,heterogeneous,True,92,learned,4,4,0,0,0.0,3,2,2,2,2,2
sparse,4,heterogeneous,False,93,poisson,0,0,0,0,0.0,3,0,0,0,0,0
sparse,4,heterogeneous,False,93,fixed,0,0,0,0,0.0,3,0,0,0,0,0
sparse,4,heterogeneous,False,93,learned,0,0,0,0,0.0,3,0,0,0,0,0
sparse,4,heterogeneous,True,93,poisson,0,0,0,0,0.0,3,0,0,0,0,0
sparse,4,heterogeneous,True,93,fixed,0,0,0,0,0.0,3,0,0,0,0,0
sparse,4,heterogeneous,True,93,learned,0,0,0,0,0.0,3,0,0,0,0,0
sparse,4,heterogeneous,False,94,poisson,0,0,0,0,0.0,3,0,0,0,0,0
sparse,4,heterogeneous,False,94,fixed,0,0,0,0,0.0,3,0,0,0,0,0
sparse,4,heterogeneous,False,94,learned,0,0,0,0,0.0,3,0,0,0,0,0
sparse,4,heterogeneous,True,94,poisson,0,0,0,0,0.0,3,0,0,0,0,0
sparse,4,heterogeneous,True,94,fixed,0,0,0,0,0.0,3,0,0,0,0,0
sparse,4,heterogeneous,True,94,learned,0,0,0,0,0.0,3,0,0,0,0,0
sparse,4,heterogeneous,False,95,poisson,0,0,0,0,0.0,3,0,0,0,0,0
sparse,4,heterogeneous,False,95,fixed,0,0,0,0,0.0,3,0,0,0,0,0
sparse,4,heterogeneous,False,95,learned,0,0,0,0,0.0,3,0,0,0,0,0
sparse,4,heterogeneous,True,95,poisson,0,0,0,0,0.0,3,0,0,0,0,0
sparse,4,heterogeneous,True,95,fixed,0,0,0,0,0.0,3,0,0,0,0,0
sparse,4,heterogeneous,True,95,learned,0,0,0,0,0.0,3,0,0,0,0,0
sparse,4,heterogeneous,False,96,poisson,4,0,0,0,0.0,3,0,2,0,2,0
sparse,4,heterogeneous,False,96,fixed,4,0,0,0,0.0,3,0,2,0,2,0
sparse,4,heterogeneous,False,96,learned,4,4,0,0,0.0,3,2,2,2,2,2
sparse,4,heterogeneous,True,96,poisson,4,0,0,0,0.0,3,0,2,0,2,0
sparse,4,heterogeneous,True,96,fixed,4,0,0,0,0.0,3,0,2,0,2,0
sparse,4,heterogeneous,True,96,learned,4,4,0,0,0.0,3,2,2,2,2,2
sparse,4,heterogeneous,False,97,poisson,4,0,0,0,0.0,3,0,2,0,2,0
sparse,4,heterogeneous,False,97,fixed,4,0,0,0,0.0,3,0,2,0,2,0
sparse,4,heterogeneous,False,97,learned,4,4,0,0,0.0,3,2,2,2,2,2
sparse,4,heterogeneous,True,97,poisson,4,0,0,0,0.0,3,0,2,0,2,0
sparse,4,heterogeneous,True,97,fixed,4,0,0,0,0.0,3,0,2,0,2,0
sparse,4,heterogeneous,True,97,learned,4,0,0,0,0.0,3,0,2,0,2,0
sparse,4,heterogeneous,False,98,poisson,0,0,0,0,0.0,3,0,0,0,0,0
sparse,4,heterogeneous,False,98,fixed,0,0,0,0,0.0,3,0,0,0,0,0
sparse,4,heterogeneous,False,98,learned,0,0,0,0,0.0,3,0,0,0,0,0
sparse,4,heterogeneous,True,98,poisson,0,0,0,0,0.0,3,0,0,0,0,0
sparse,4,heterogeneous,True,98,fixed,0,0,0,0,0.0,3,0,0,0,0,0
sparse,4,heterogeneous,True,98,learned,0,0,0,0,0.0,3,0,0,0,0,0
sparse,4,heterogeneous,False,99,poisson,2,2,0,0,0.0,3,1,1,1,1,1
sparse,4,heterogeneous,False,99,fixed,2,0,0,0,0.0,3,0,1,0,1,0
sparse,4,heterogeneous,False,99,learned,2,2,0,0,0.0,3,1,1,1,1,1
sparse,4,heterogeneous,True,99,poisson,2,2,0,0,0.0,3,1,1,0,1,0
sparse,4,heterogeneous,True,99,fixed,2,0,0,0,0.0,3,0,1,0,1,0
sparse,4,heterogeneous,True,99,learned,2,0,0,0,0.0,3,0,1,0,1,0
unequal,2,null,False,0,poisson,0,0,0,0,0.0,0,0,0,0,0,0
unequal,2,null,False,0,fixed,0,0,0,0,0.0,0,0,0,0,0,0
unequal,2,null,False,0,learned,0,0,0,0,0.0,0,0,0,0,0,0
unequal,2,null,True,0,poisson,0,0,0,0,0.0,0,0,0,0,0,0
unequal,2,null,True,0,fixed,0,0,0,0,0.0,0,0,0,0,0,0
unequal,2,null,True,0,learned,0,0,0,0,0.0,0,0,0,0,0,0
unequal,2,null,False,1,poisson,0,0,0,0,0.0,0,0,0,0,0,0
unequal,2,null,False,1,fixed,0,0,0,0,0.0,0,0,0,0,0,0
unequal,2,null,False,1,learned,0,0,0,0,0.0,0,0,0,0,0,0
unequal,2,null,True,1,poisson,0,0,0,0,0.0,0,0,0,0,0,0
unequal,2,null,True,1,fixed,0,0,0,0,0.0,0,0,0,0,0,0
unequal,2,null,True,1,learned,0,0,0,0,0.0,0,0,0,0,0,0
unequal,2,null,False,2,poisson,0,0,0,0,0.0,0,0,0,0,0,0
unequal,2,null,False,2,fixed,0,0,0,0,0.0,0,0,0,0,0,0
unequal,2,null,False,2,learned,0,0,0,0,0.0,0,0,0,0,0,0
unequal,2,null,True,2,poisson,0,0,0,0,0.0,0,0,0,0,0,0
unequal,2,null,True,2,fixed,0,0,0,0,0.0,0,0,0,0,0,0
unequal,2,null,True,2,learned,0,0,0,0,0.0,0,0,0,0,0,0
unequal,2,null,False,3,poisson,0,0,0,0,0.0,0,0,0,0,0,0
unequal,2,null,False,3,fixed,0,0,0,0,0.0,0,0,0,0,0,0
unequal,2,null,False,3,learned,0,0,0,0,0.0,0,0,0,0,0,0
unequal,2,null,True,3,poisson,0,0,0,0,0.0,0,0,0,0,0,0
unequal,2,null,True,3,fixed,0,0,0,0,0.0,0,0,0,0,0,0
unequal,2,null,True,3,learned,0,0,0,0,0.0,0,0,0,0,0,0
unequal,2,null,False,4,poisson,0,0,0,0,0.0,0,0,0,0,0,0
unequal,2,null,False,4,fixed,0,0,0,0,0.0,0,0,0,0,0,0
unequal,2,null,False,4,learned,0,0,0,0,0.0,0,0,0,0,0,0
unequal,2,null,True,4,poisson,0,0,0,0,0.0,0,0,0,0,0,0
unequal,2,null,True,4,fixed,0,0,0,0,0.0,0,0,0,0,0,0
unequal,2,null,True,4,learned,0,0,0,0,0.0,0,0,0,0,0,0
unequal,2,null,False,5,poisson,0,0,0,0,0.0,0,0,0,0,0,0
unequal,2,null,False,5,fixed,0,0,0,0,0.0,0,0,0,0,0,0
unequal,2,null,False,5,learned,0,0,0,0,0.0,0,0,0,0,0,0
unequal,2,null,True,5,poisson,0,0,0,0,0.0,0,0,0,0,0,0
unequal,2,null,True,5,fixed,0,0,0,0,0.0,0,0,0,0,0,0
unequal,2,null,True,5,learned,0,0,0,0,0.0,0,0,0,0,0,0
unequal,2,null,False,6,poisson,0,0,0,0,0.0,0,0,0,0,0,0
unequal,2,null,False,6,fixed,0,0,0,0,0.0,0,0,0,0,0,0
unequal,2,null,False,6,learned,0,0,0,0,0.0,0,0,0,0,0,0
unequal,2,null,True,6,poisson,0,0,0,0,0.0,0,0,0,0,0,0
unequal,2,null,True,6,fixed,0,0,0,0,0.0,0,0,0,0,0,0
unequal,2,null,True,6,learned,0,0,0,0,0.0,0,0,0,0,0,0
unequal,2,null,False,7,poisson,0,0,0,0,0.0,0,0,0,0,0,0
unequal,2,null,False,7,fixed,0,0,0,0,0.0,0,0,0,0,0,0
unequal,2,null,False,7,learned,0,0,0,0,0.0,0,0,0,0,0,0
unequal,2,null,True,7,poisson,0,0,0,0,0.0,0,0,0,0,0,0
unequal,2,null,True,7,fixed,0,0,0,0,0.0,0,0,0,0,0,0
unequal,2,null,True,7,learned,0,0,0,0,0.0,0,0,0,0,0,0
unequal,2,null,False,8,poisson,0,0,0,0,0.0,0,0,0,0,0,0
unequal,2,null,False,8,fixed,0,0,0,0,0.0,0,0,0,0,0,0
unequal,2,null,False,8,learned,0,0,0,0,0.0,0,0,0,0,0,0
unequal,2,null,True,8,poisson,0,0,0,0,0.0,0,0,0,0,0,0
unequal,2,null,True,8,fixed,0,0,0,0,0.0,0,0,0,0,0,0
unequal,2,null,True,8,learned,0,0,0,0,0.0,0,0,0,0,0,0
unequal,2,null,False,9,poisson,0,0,0,0,0.0,0,0,0,0,0,0
unequal,2,null,False,9,fixed,0,0,0,0,0.0,0,0,0,0,0,0
unequal,2,null,False,9,learned,0,0,0,0,0.0,0,0,0,0,0,0
unequal,2,null,True,9,poisson,0,0,0,0,0.0,0,0,0,0,0,0
unequal,2,null,True,9,fixed,0,0,0,0,0.0,0,0,0,0,0,0
unequal,2,null,True,9,learned,0,0,0,0,0.0,0,0,0,0,0,0
unequal,2,null,False,10,poisson,0,0,0,0,0.0,0,0,0,0,0,0
unequal,2,null,False,10,fixed,0,0,0,0,0.0,0,0,0,0,0,0
unequal,2,null,False,10,learned,0,0,0,0,0.0,0,0,0,0,0,0
unequal,2,null,True,10,poisson,0,0,0,0,0.0,0,0,0,0,0,0
unequal,2,null,True,10,fixed,0,0,0,0,0.0,0,0,0,0,0,0
unequal,2,null,True,10,learned,0,0,0,0,0.0,0,0,0,0,0,0
unequal,2,null,False,11,poisson,0,0,0,0,0.0,0,0,0,0,0,0
unequal,2,null,False,11,fixed,0,0,0,0,0.0,0,0,0,0,0,0
unequal,2,null,False,11,learned,0,0,0,0,0.0,0,0,0,0,0,0
unequal,2,null,True,11,poisson,0,0,0,0,0.0,0,0,0,0,0,0
unequal,2,null,True,11,fixed,0,0,0,0,0.0,0,0,0,0,0,0
unequal,2,null,True,11,learned,0,0,0,0,0.0,0,0,0,0,0,0
unequal,2,null,False,12,poisson,0,0,0,0,0.0,0,0,0,0,0,0
unequal,2,null,False,12,fixed,0,0,0,0,0.0,0,0,0,0,0,0
unequal,2,null,False,12,learned,0,0,0,0,0.0,0,0,0,0,0,0
unequal,2,null,True,12,poisson,0,0,0,0,0.0,0,0,0,0,0,0
unequal,2,null,True,12,fixed,0,0,0,0,0.0,0,0,0,0,0,0
unequal,2,null,True,12,learned,0,0,0,0,0.0,0,0,0,0,0,0
unequal,2,null,False,13,poisson,0,0,0,0,0.0,0,0,0,0,0,0
unequal,2,null,False,13,fixed,0,0,0,0,0.0,0,0,0,0,0,0
unequal,2,null,False,13,learned,0,0,0,0,0.0,0,0,0,0,0,0
unequal,2,null,True,13,poisson,0,0,0,0,0.0,0,0,0,0,0,0
unequal,2,null,True,13,fixed,0,0,0,0,0.0,0,0,0,0,0,0
unequal,2,null,True,13,learned,0,0,0,0,0.0,0,0,0,0,0,0
unequal,2,null,False,14,poisson,0,0,0,0,0.0,0,0,0,0,0,0
unequal,2,null,False,14,fixed,0,0,0,0,0.0,0,0,0,0,0,0
unequal,2,null,False,14,learned,0,0,0,0,0.0,0,0,0,0,0,0
unequal,2,null,True,14,poisson,0,0,0,0,0.0,0,0,0,0,0,0
unequal,2,null,True,14,fixed,0,0,0,0,0.0,0,0,0,0,0,0
unequal,2,null,True,14,learned,0,0,0,0,0.0,0,0,0,0,0,0
unequal,2,null,False,15,poisson,0,0,0,0,0.0,0,0,0,0,0,0
unequal,2,null,False,15,fixed,0,0,0,0,0.0,0,0,0,0,0,0
unequal,2,null,False,15,learned,0,0,0,0,0.0,0,0,0,0,0,0
unequal,2,null,True,15,poisson,0,0,0,0,0.0,0,0,0,0,0,0
unequal,2,null,True,15,fixed,0,0,0,0,0.0,0,0,0,0,0,0
unequal,2,null,True,15,learned,0,0,0,0,0.0,0,0,0,0,0,0
unequal,2,null,False,16,poisson,0,0,0,0,0.0,0,0,0,0,0,0
unequal,2,null,False,16,fixed,0,0,0,0,0.0,0,0,0,0,0,0
unequal,2,null,False,16,learned,0,0,0,0,0.0,0,0,0,0,0,0
unequal,2,null,True,16,poisson,0,0,0,0,0.0,0,0,0,0,0,0
unequal,2,null,True,16,fixed,0,0,0,0,0.0,0,0,0,0,0,0
unequal,2,null,True,16,learned,0,0,0,0,0.0,0,0,0,0,0,0
unequal,2,null,False,17,poisson,0,0,0,0,0.0,0,0,0,0,0,0
unequal,2,null,False,17,fixed,0,0,0,0,0.0,0,0,0,0,0,0
unequal,2,null,False,17,learned,0,0,0,0,0.0,0,0,0,0,0,0
unequal,2,null,True,17,poisson,0,0,0,0,0.0,0,0,0,0,0,0
unequal,2,null,True,17,fixed,0,0,0,0,0.0,0,0,0,0,0,0
unequal,2,null,True,17,learned,0,0,0,0,0.0,0,0,0,0,0,0
unequal,2,null,False,18,poisson,0,0,0,0,0.0,0,0,0,0,0,0
unequal,2,null,False,18,fixed,0,0,0,0,0.0,0,0,0,0,0,0
unequal,2,null,False,18,learned,0,0,0,0,0.0,0,0,0,0,0,0
unequal,2,null,True,18,poisson,0,0,0,0,0.0,0,0,0,0,0,0
unequal,2,null,True,18,fixed,0,0,0,0,0.0,0,0,0,0,0,0
unequal,2,null,True,18,learned,0,0,0,0,0.0,0,0,0,0,0,0
unequal,2,null,False,19,poisson,0,0,0,0,0.0,0,0,0,0,0,0
unequal,2,null,False,19,fixed,0,0,0,0,0.0,0,0,0,0,0,0
unequal,2,null,False,19,learned,0,0,0,0,0.0,0,0,0,0,0,0
unequal,2,null,True,19,poisson,0,0,0,0,0.0,0,0,0,0,0,0
unequal,2,null,True,19,fixed,0,0,0,0,0.0,0,0,0,0,0,0
unequal,2,null,True,19,learned,0,0,0,0,0.0,0,0,0,0,0,0
unequal,2,null,False,20,poisson,0,0,0,0,0.0,0,0,0,0,0,0
unequal,2,null,False,20,fixed,0,0,0,0,0.0,0,0,0,0,0,0
unequal,2,null,False,20,learned,0,0,0,0,0.0,0,0,0,0,0,0
unequal,2,null,True,20,poisson,0,0,0,0,0.0,0,0,0,0,0,0
unequal,2,null,True,20,fixed,0,0,0,0,0.0,0,0,0,0,0,0
unequal,2,null,True,20,learned,0,0,0,0,0.0,0,0,0,0,0,0
unequal,2,null,False,21,poisson,0,0,0,0,0.0,0,0,0,0,0,0
unequal,2,null,False,21,fixed,0,0,0,0,0.0,0,0,0,0,0,0
unequal,2,null,False,21,learned,0,0,0,0,0.0,0,0,0,0,0,0
unequal,2,null,True,21,poisson,0,0,0,0,0.0,0,0,0,0,0,0
unequal,2,null,True,21,fixed,0,0,0,0,0.0,0,0,0,0,0,0
unequal,2,null,True,21,learned,0,0,0,0,0.0,0,0,0,0,0,0
unequal,2,null,False,22,poisson,0,0,0,0,0.0,0,0,0,0,0,0
unequal,2,null,False,22,fixed,0,0,0,0,0.0,0,0,0,0,0,0
unequal,2,null,False,22,learned,0,0,0,0,0.0,0,0,0,0,0,0
unequal,2,null,True,22,poisson,0,0,0,0,0.0,0,0,0,0,0,0
unequal,2,null,True,22,fixed,0,0,0,0,0.0,0,0,0,0,0,0
unequal,2,null,True,22,learned,0,0,0,0,0.0,0,0,0,0,0,0
unequal,2,null,False,23,poisson,0,0,0,0,0.0,0,0,0,0,0,0
unequal,2,null,False,23,fixed,0,0,0,0,0.0,0,0,0,0,0,0
unequal,2,null,False,23,learned,0,0,0,0,0.0,0,0,0,0,0,0
unequal,2,null,True,23,poisson,0,0,0,0,0.0,0,0,0,0,0,0
unequal,2,null,True,23,fixed,0,0,0,0,0.0,0,0,0,0,0,0
unequal,2,null,True,23,learned,0,0,0,0,0.0,0,0,0,0,0,0
unequal,2,null,False,24,poisson,0,0,0,0,0.0,0,0,0,0,0,0
unequal,2,null,False,24,fixed,0,0,0,0,0.0,0,0,0,0,0,0
unequal,2,null,False,24,learned,0,0,0,0,0.0,0,0,0,0,0,0
unequal,2,null,True,24,poisson,0,0,0,0,0.0,0,0,0,0,0,0
unequal,2,null,True,24,fixed,0,0,0,0,0.0,0,0,0,0,0,0
unequal,2,null,True,24,learned,0,0,0,0,0.0,0,0,0,0,0,0
unequal,2,null,False,25,poisson,0,0,0,0,0.0,0,0,0,0,0,0
unequal,2,null,False,25,fixed,0,0,0,0,0.0,0,0,0,0,0,0
unequal,2,null,False,25,learned,0,0,0,0,0.0,0,0,0,0,0,0
unequal,2,null,True,25,poisson,0,0,0,0,0.0,0,0,0,0,0,0
unequal,2,null,True,25,fixed,0,0,0,0,0.0,0,0,0,0,0,0
unequal,2,null,True,25,learned,0,0,0,0,0.0,0,0,0,0,0,0
unequal,2,null,False,26,poisson,0,0,0,0,0.0,0,0,0,0,0,0
unequal,2,null,False,26,fixed,0,0,0,0,0.0,0,0,0,0,0,0
unequal,2,null,False,26,learned,0,0,0,0,0.0,0,0,0,0,0,0
unequal,2,null,True,26,poisson,0,0,0,0,0.0,0,0,0,0,0,0
unequal,2,null,True,26,fixed,0,0,0,0,0.0,0,0,0,0,0,0
unequal,2,null,True,26,learned,0,0,0,0,0.0,0,0,0,0,0,0
unequal,2,null,False,27,poisson,0,0,0,0,0.0,0,0,0,0,0,0
unequal,2,null,False,27,fixed,0,0,0,0,0.0,0,0,0,0,0,0
unequal,2,null,False,27,learned,0,0,0,0,0.0,0,0,0,0,0,0
unequal,2,null,True,27,poisson,0,0,0,0,0.0,0,0,0,0,0,0
unequal,2,null,True,27,fixed,0,0,0,0,0.0,0,0,0,0,0,0
unequal,2,null,True,27,learned,0,0,0,0,0.0,0,0,0,0,0,0
unequal,2,null,False,28,poisson,0,0,0,0,0.0,0,0,0,0,0,0
unequal,2,null,False,28,fixed,0,0,0,0,0.0,0,0,0,0,0,0
unequal,2,null,False,28,learned,0,0,0,0,0.0,0,0,0,0,0,0
unequal,2,null,True,28,poisson,0,0,0,0,0.0,0,0,0,0,0,0
unequal,2,null,True,28,fixed,0,0,0,0,0.0,0,0,0,0,0,0
unequal,2,null,True,28,learned,0,0,0,0,0.0,0,0,0,0,0,0
unequal,2,null,False,29,poisson,0,0,0,0,0.0,0,0,0,0,0,0
unequal,2,null,False,29,fixed,0,0,0,0,0.0,0,0,0,0,0,0
unequal,2,null,False,29,learned,0,0,0,0,0.0,0,0,0,0,0,0
unequal,2,null,True,29,poisson,0,0,0,0,0.0,0,0,0,0,0,0
unequal,2,null,True,29,fixed,0,0,0,0,0.0,0,0,0,0,0,0
unequal,2,null,True,29,learned,0,0,0,0,0.0,0,0,0,0,0,0
unequal,2,null,False,30,poisson,0,0,0,0,0.0,0,0,0,0,0,0
unequal,2,null,False,30,fixed,0,0,0,0,0.0,0,0,0,0,0,0
unequal,2,null,False,30,learned,0,0,0,0,0.0,0,0,0,0,0,0
unequal,2,null,True,30,poisson,0,0,0,0,0.0,0,0,0,0,0,0
unequal,2,null,True,30,fixed,0,0,0,0,0.0,0,0,0,0,0,0
unequal,2,null,True,30,learned,0,0,0,0,0.0,0,0,0,0,0,0
unequal,2,null,False,31,poisson,0,0,0,0,0.0,0,0,0,0,0,0
unequal,2,null,False,31,fixed,0,0,0,0,0.0,0,0,0,0,0,0
unequal,2,null,False,31,learned,0,0,0,0,0.0,0,0,0,0,0,0
unequal,2,null,True,31,poisson,0,0,0,0,0.0,0,0,0,0,0,0
unequal,2,null,True,31,fixed,0,0,0,0,0.0,0,0,0,0,0,0
unequal,2,null,True,31,learned,0,0,0,0,0.0,0,0,0,0,0,0
unequal,2,null,False,32,poisson,0,0,0,0,0.0,0,0,0,0,0,0
unequal,2,null,False,32,fixed,0,0,0,0,0.0,0,0,0,0,0,0
unequal,2,null,False,32,learned,0,0,0,0,0.0,0,0,0,0,0,0
unequal,2,null,True,32,poisson,0,0,0,0,0.0,0,0,0,0,0,0
unequal,2,null,True,32,fixed,0,0,0,0,0.0,0,0,0,0,0,0
unequal,2,null,True,32,learned,0,0,0,0,0.0,0,0,0,0,0,0
unequal,2,null,False,33,poisson,0,0,0,0,0.0,0,0,0,0,0,0
unequal,2,null,False,33,fixed,0,0,0,0,0.0,0,0,0,0,0,0
unequal,2,null,False,33,learned,0,0,0,0,0.0,0,0,0,0,0,0
unequal,2,null,True,33,poisson,0,0,0,0,0.0,0,0,0,0,0,0
unequal,2,null,True,33,fixed,0,0,0,0,0.0,0,0,0,0,0,0
unequal,2,null,True,33,learned,0,0,0,0,0.0,0,0,0,0,0,0
unequal,2,null,False,34,poisson,0,0,0,0,0.0,0,0,0,0,0,0
unequal,2,null,False,34,fixed,0,0,0,0,0.0,0,0,0,0,0,0
unequal,2,null,False,34,learned,0,0,0,0,0.0,0,0,0,0,0,0
unequal,2,null,True,34,poisson,0,0,0,0,0.0,0,0,0,0,0,0
unequal,2,null,True,34,fixed,0,0,0,0,0.0,0,0,0,0,0,0
unequal,2,null,True,34,learned,0,0,0,0,0.0,0,0,0,0,0,0
unequal,2,null,False,35,poisson,0,0,0,0,0.0,0,0,0,0,0,0
unequal,2,null,False,35,fixed,0,0,0,0,0.0,0,0,0,0,0,0
unequal,2,null,False,35,learned,0,0,0,0,0.0,0,0,0,0,0,0
unequal,2,null,True,35,poisson,0,0,0,0,0.0,0,0,0,0,0,0
unequal,2,null,True,35,fixed,0,0,0,0,0.0,0,0,0,0,0,0
unequal,2,null,True,35,learned,0,0,0,0,0.0,0,0,0,0,0,0
unequal,2,null,False,36,poisson,0,0,0,0,0.0,0,0,0,0,0,0
unequal,2,null,False,36,fixed,0,0,0,0,0.0,0,0,0,0,0,0
unequal,2,null,False,36,learned,0,0,0,0,0.0,0,0,0,0,0,0
unequal,2,null,True,36,poisson,0,0,0,0,0.0,0,0,0,0,0,0
unequal,2,null,True,36,fixed,0,0,0,0,0.0,0,0,0,0,0,0
unequal,2,null,True,36,learned,0,0,0,0,0.0,0,0,0,0,0,0
unequal,2,null,False,37,poisson,0,0,0,0,0.0,0,0,0,0,0,0
unequal,2,null,False,37,fixed,0,0,0,0,0.0,0,0,0,0,0,0
unequal,2,null,False,37,learned,0,0,0,0,0.0,0,0,0,0,0,0
unequal,2,null,True,37,poisson,0,0,0,0,0.0,0,0,0,0,0,0
unequal,2,null,True,37,fixed,0,0,0,0,0.0,0,0,0,0,0,0
unequal,2,null,True,37,learned,0,0,0,0,0.0,0,0,0,0,0,0
unequal,2,null,False,38,poisson,0,0,0,0,0.0,0,0,0,0,0,0
unequal,2,null,False,38,fixed,0,0,0,0,0.0,0,0,0,0,0,0
unequal,2,null,False,38,learned,0,0,0,0,0.0,0,0,0,0,0,0
unequal,2,null,True,38,poisson,0,0,0,0,0.0,0,0,0,0,0,0
unequal,2,null,True,38,fixed,0,0,0,0,0.0,0,0,0,0,0,0
unequal,2,null,True,38,learned,0,0,0,0,0.0,0,0,0,0,0,0
unequal,2,null,False,39,poisson,0,0,0,0,0.0,0,0,0,0,0,0
unequal,2,null,False,39,fixed,0,0,0,0,0.0,0,0,0,0,0,0
unequal,2,null,False,39,learned,0,0,0,0,0.0,0,0,0,0,0,0
unequal,2,null,True,39,poisson,0,0,0,0,0.0,0,0,0,0,0,0
unequal,2,null,True,39,fixed,0,0,0,0,0.0,0,0,0,0,0,0
unequal,2,null,True,39,learned,0,0,0,0,0.0,0,0,0,0,0,0
unequal,2,null,False,40,poisson,0,0,0,0,0.0,0,0,0,0,0,0
unequal,2,null,False,40,fixed,0,0,0,0,0.0,0,0,0,0,0,0
unequal,2,null,False,40,learned,0,0,0,0,0.0,0,0,0,0,0,0
unequal,2,null,True,40,poisson,0,0,0,0,0.0,0,0,0,0,0,0
unequal,2,null,True,40,fixed,0,0,0,0,0.0,0,0,0,0,0,0
unequal,2,null,True,40,learned,0,0,0,0,0.0,0,0,0,0,0,0
unequal,2,null,False,41,poisson,0,0,0,0,0.0,0,0,0,0,0,0
unequal,2,null,False,41,fixed,0,0,0,0,0.0,0,0,0,0,0,0
unequal,2,null,False,41,learned,0,0,0,0,0.0,0,0,0,0,0,0
unequal,2,null,True,41,poisson,0,0,0,0,0.0,0,0,0,0,0,0
unequal,2,null,True,41,fixed,0,0,0,0,0.0,0,0,0,0,0,0
unequal,2,null,True,41,learned,0,0,0,0,0.0,0,0,0,0,0,0
unequal,2,null,False,42,poisson,0,0,0,0,0.0,0,0,0,0,0,0
unequal,2,null,False,42,fixed,0,0,0,0,0.0,0,0,0,0,0,0
unequal,2,null,False,42,learned,0,0,0,0,0.0,0,0,0,0,0,0
unequal,2,null,True,42,poisson,0,0,0,0,0.0,0,0,0,0,0,0
unequal,2,null,True,42,fixed,0,0,0,0,0.0,0,0,0,0,0,0
unequal,2,null,True,42,learned,0,0,0,0,0.0,0,0,0,0,0,0
unequal,2,null,False,43,poisson,0,0,0,0,0.0,0,0,0,0,0,0
unequal,2,null,False,43,fixed,0,0,0,0,0.0,0,0,0,0,0,0
unequal,2,null,False,43,learned,0,0,0,0,0.0,0,0,0,0,0,0
unequal,2,null,True,43,poisson,0,0,0,0,0.0,0,0,0,0,0,0
unequal,2,null,True,43,fixed,0,0,0,0,0.0,0,0,0,0,0,0
unequal,2,null,True,43,learned,0,0,0,0,0.0,0,0,0,0,0,0
unequal,2,null,False,44,poisson,0,0,0,0,0.0,0,0,0,0,0,0
unequal,2,null,False,44,fixed,0,0,0,0,0.0,0,0,0,0,0,0
unequal,2,null,False,44,learned,0,0,0,0,0.0,0,0,0,0,0,0
unequal,2,null,True,44,poisson,0,0,0,0,0.0,0,0,0,0,0,0
unequal,2,null,True,44,fixed,0,0,0,0,0.0,0,0,0,0,0,0
unequal,2,null,True,44,learned,0,0,0,0,0.0,0,0,0,0,0,0
unequal,2,null,False,45,poisson,0,0,0,0,0.0,0,0,0,0,0,0
unequal,2,null,False,45,fixed,0,0,0,0,0.0,0,0,0,0,0,0
unequal,2,null,False,45,learned,0,0,0,0,0.0,0,0,0,0,0,0
unequal,2,null,True,45,poisson,0,0,0,0,0.0,0,0,0,0,0,0
unequal,2,null,True,45,fixed,0,0,0,0,0.0,0,0,0,0,0,0
unequal,2,null,True,45,learned,0,0,0,0,0.0,0,0,0,0,0,0
unequal,2,null,False,46,poisson,0,0,0,0,0.0,0,0,0,0,0,0
unequal,2,null,False,46,fixed,0,0,0,0,0.0,0,0,0,0,0,0
unequal,2,null,False,46,learned,0,0,0,0,0.0,0,0,0,0,0,0
unequal,2,null,True,46,poisson,0,0,0,0,0.0,0,0,0,0,0,0
unequal,2,null,True,46,fixed,0,0,0,0,0.0,0,0,0,0,0,0
unequal,2,null,True,46,learned,0,0,0,0,0.0,0,0,0,0,0,0
unequal,2,null,False,47,poisson,0,0,0,0,0.0,0,0,0,0,0,0
unequal,2,null,False,47,fixed,0,0,0,0,0.0,0,0,0,0,0,0
unequal,2,null,False,47,learned,0,0,0,0,0.0,0,0,0,0,0,0
unequal,2,null,True,47,poisson,0,0,0,0,0.0,0,0,0,0,0,0
unequal,2,null,True,47,fixed,0,0,0,0,0.0,0,0,0,0,0,0
unequal,2,null,True,47,learned,0,0,0,0,0.0,0,0,0,0,0,0
unequal,2,null,False,48,poisson,0,0,0,0,0.0,0,0,0,0,0,0
unequal,2,null,False,48,fixed,0,0,0,0,0.0,0,0,0,0,0,0
unequal,2,null,False,48,learned,0,0,0,0,0.0,0,0,0,0,0,0
unequal,2,null,True,48,poisson,0,0,0,0,0.0,0,0,0,0,0,0
unequal,2,null,True,48,fixed,0,0,0,0,0.0,0,0,0,0,0,0
unequal,2,null,True,48,learned,0,0,0,0,0.0,0,0,0,0,0,0
unequal,2,null,False,49,poisson,0,0,0,0,0.0,0,0,0,0,0,0
unequal,2,null,False,49,fixed,0,0,0,0,0.0,0,0,0,0,0,0
unequal,2,null,False,49,learned,0,0,0,0,0.0,0,0,0,0,0,0
unequal,2,null,True,49,poisson,0,0,0,0,0.0,0,0,0,0,0,0
unequal,2,null,True,49,fixed,0,0,0,0,0.0,0,0,0,0,0,0
unequal,2,null,True,49,learned,0,0,0,0,0.0,0,0,0,0,0,0
unequal,2,null,False,50,poisson,0,0,0,0,0.0,0,0,0,0,0,0
unequal,2,null,False,50,fixed,0,0,0,0,0.0,0,0,0,0,0,0
unequal,2,null,False,50,learned,0,0,0,0,0.0,0,0,0,0,0,0
unequal,2,null,True,50,poisson,0,0,0,0,0.0,0,0,0,0,0,0
unequal,2,null,True,50,fixed,0,0,0,0,0.0,0,0,0,0,0,0
unequal,2,null,True,50,learned,0,0,0,0,0.0,0,0,0,0,0,0
unequal,2,null,False,51,poisson,0,0,0,0,0.0,0,0,0,0,0,0
unequal,2,null,False,51,fixed,0,0,0,0,0.0,0,0,0,0,0,0
unequal,2,null,False,51,learned,0,0,0,0,0.0,0,0,0,0,0,0
unequal,2,null,True,51,poisson,0,0,0,0,0.0,0,0,0,0,0,0
unequal,2,null,True,51,fixed,0,0,0,0,0.0,0,0,0,0,0,0
unequal,2,null,True,51,learned,0,0,0,0,0.0,0,0,0,0,0,0
unequal,2,null,False,52,poisson,0,0,0,0,0.0,0,0,0,0,0,0
unequal,2,null,False,52,fixed,0,0,0,0,0.0,0,0,0,0,0,0
unequal,2,null,False,52,learned,0,0,0,0,0.0,0,0,0,0,0,0
unequal,2,null,True,52,poisson,0,0,0,0,0.0,0,0,0,0,0,0
unequal,2,null,True,52,fixed,0,0,0,0,0.0,0,0,0,0,0,0
unequal,2,null,True,52,learned,0,0,0,0,0.0,0,0,0,0,0,0
unequal,2,null,False,53,poisson,0,0,0,0,0.0,0,0,0,0,0,0
unequal,2,null,False,53,fixed,0,0,0,0,0.0,0,0,0,0,0,0
unequal,2,null,False,53,learned,0,0,0,0,0.0,0,0,0,0,0,0
unequal,2,null,True,53,poisson,0,0,0,0,0.0,0,0,0,0,0,0
unequal,2,null,True,53,fixed,0,0,0,0,0.0,0,0,0,0,0,0
unequal,2,null,True,53,learned,0,0,0,0,0.0,0,0,0,0,0,0
unequal,2,null,False,54,poisson,0,0,0,0,0.0,0,0,0,0,0,0
unequal,2,null,False,54,fixed,0,0,0,0,0.0,0,0,0,0,0,0
unequal,2,null,False,54,learned,0,0,0,0,0.0,0,0,0,0,0,0
unequal,2,null,True,54,poisson,0,0,0,0,0.0,0,0,0,0,0,0
unequal,2,null,True,54,fixed,0,0,0,0,0.0,0,0,0,0,0,0
unequal,2,null,True,54,learned,0,0,0,0,0.0,0,0,0,0,0,0
unequal,2,null,False,55,poisson,0,0,0,0,0.0,0,0,0,0,0,0
unequal,2,null,False,55,fixed,0,0,0,0,0.0,0,0,0,0,0,0
unequal,2,null,False,55,learned,0,0,0,0,0.0,0,0,0,0,0,0
unequal,2,null,True,55,poisson,0,0,0,0,0.0,0,0,0,0,0,0
unequal,2,null,True,55,fixed,0,0,0,0,0.0,0,0,0,0,0,0
unequal,2,null,True,55,learned,0,0,0,0,0.0,0,0,0,0,0,0
unequal,2,null,False,56,poisson,0,0,0,0,0.0,0,0,0,0,0,0
unequal,2,null,False,56,fixed,0,0,0,0,0.0,0,0,0,0,0,0
unequal,2,null,False,56,learned,0,0,0,0,0.0,0,0,0,0,0,0
unequal,2,null,True,56,poisson,0,0,0,0,0.0,0,0,0,0,0,0
unequal,2,null,True,56,fixed,0,0,0,0,0.0,0,0,0,0,0,0
unequal,2,null,True,56,learned,0,0,0,0,0.0,0,0,0,0,0,0
unequal,2,null,False,57,poisson,0,0,0,0,0.0,0,0,0,0,0,0
unequal,2,null,False,57,fixed,0,0,0,0,0.0,0,0,0,0,0,0
unequal,2,null,False,57,learned,0,0,0,0,0.0,0,0,0,0,0,0
unequal,2,null,True,57,poisson,0,0,0,0,0.0,0,0,0,0,0,0
unequal,2,null,True,57,fixed,0,0,0,0,0.0,0,0,0,0,0,0
unequal,2,null,True,57,learned,0,0,0,0,0.0,0,0,0,0,0,0
unequal,2,null,False,58,poisson,0,0,0,0,0.0,0,0,0,0,0,0
unequal,2,null,False,58,fixed,0,0,0,0,0.0,0,0,0,0,0,0
unequal,2,null,False,58,learned,0,0,0,0,0.0,0,0,0,0,0,0
unequal,2,null,True,58,poisson,0,0,0,0,0.0,0,0,0,0,0,0
unequal,2,null,True,58,fixed,0,0,0,0,0.0,0,0,0,0,0,0
unequal,2,null,True,58,learned,0,0,0,0,0.0,0,0,0,0,0,0
unequal,2,null,False,59,poisson,0,0,0,0,0.0,0,0,0,0,0,0
unequal,2,null,False,59,fixed,0,0,0,0,0.0,0,0,0,0,0,0
unequal,2,null,False,59,learned,0,0,0,0,0.0,0,0,0,0,0,0
unequal,2,null,True,59,poisson,0,0,0,0,0.0,0,0,0,0,0,0
unequal,2,null,True,59,fixed,0,0,0,0,0.0,0,0,0,0,0,0
unequal,2,null,True,59,learned,0,0,0,0,0.0,0,0,0,0,0,0
unequal,2,null,False,60,poisson,0,0,0,0,0.0,0,0,0,0,0,0
unequal,2,null,False,60,fixed,0,0,0,0,0.0,0,0,0,0,0,0
unequal,2,null,False,60,learned,0,0,0,0,0.0,0,0,0,0,0,0
unequal,2,null,True,60,poisson,0,0,0,0,0.0,0,0,0,0,0,0
unequal,2,null,True,60,fixed,0,0,0,0,0.0,0,0,0,0,0,0
unequal,2,null,True,60,learned,0,0,0,0,0.0,0,0,0,0,0,0
unequal,2,null,False,61,poisson,0,0,0,0,0.0,0,0,0,0,0,0
unequal,2,null,False,61,fixed,0,0,0,0,0.0,0,0,0,0,0,0
unequal,2,null,False,61,learned,0,0,0,0,0.0,0,0,0,0,0,0
unequal,2,null,True,61,poisson,0,0,0,0,0.0,0,0,0,0,0,0
unequal,2,null,True,61,fixed,0,0,0,0,0.0,0,0,0,0,0,0
unequal,2,null,True,61,learned,0,0,0,0,0.0,0,0,0,0,0,0
unequal,2,null,False,62,poisson,2,0,0,0,0.0,0,0,0,0,0,0
unequal,2,null,False,62,fixed,2,0,0,0,0.0,0,0,0,0,0,0
unequal,2,null,False,62,learned,2,0,0,0,0.0,0,0,0,0,0,0
unequal,2,null,True,62,poisson,2,0,0,0,0.0,0,0,0,0,0,0
unequal,2,null,True,62,fixed,2,0,0,0,0.0,0,0,0,0,0,0
unequal,2,null,True,62,learned,2,0,0,0,0.0,0,0,0,0,0,0
unequal,2,null,False,63,poisson,0,0,0,0,0.0,0,0,0,0,0,0
unequal,2,null,False,63,fixed,0,0,0,0,0.0,0,0,0,0,0,0
unequal,2,null,False,63,learned,0,0,0,0,0.0,0,0,0,0,0,0
unequal,2,null,True,63,poisson,0,0,0,0,0.0,0,0,0,0,0,0
unequal,2,null,True,63,fixed,0,0,0,0,0.0,0,0,0,0,0,0
unequal,2,null,True,63,learned,0,0,0,0,0.0,0,0,0,0,0,0
unequal,2,null,False,64,poisson,0,0,0,0,0.0,0,0,0,0,0,0
unequal,2,null,False,64,fixed,0,0,0,0,0.0,0,0,0,0,0,0
unequal,2,null,False,64,learned,0,0,0,0,0.0,0,0,0,0,0,0
unequal,2,null,True,64,poisson,0,0,0,0,0.0,0,0,0,0,0,0
unequal,2,null,True,64,fixed,0,0,0,0,0.0,0,0,0,0,0,0
unequal,2,null,True,64,learned,0,0,0,0,0.0,0,0,0,0,0,0
unequal,2,null,False,65,poisson,0,0,0,0,0.0,0,0,0,0,0,0
unequal,2,null,False,65,fixed,0,0,0,0,0.0,0,0,0,0,0,0
unequal,2,null,False,65,learned,0,0,0,0,0.0,0,0,0,0,0,0
unequal,2,null,True,65,poisson,0,0,0,0,0.0,0,0,0,0,0,0
unequal,2,null,True,65,fixed,0,0,0,0,0.0,0,0,0,0,0,0
unequal,2,null,True,65,learned,0,0,0,0,0.0,0,0,0,0,0,0
unequal,2,null,False,66,poisson,0,0,0,0,0.0,0,0,0,0,0,0
unequal,2,null,False,66,fixed,0,0,0,0,0.0,0,0,0,0,0,0
unequal,2,null,False,66,learned,0,0,0,0,0.0,0,0,0,0,0,0
unequal,2,null,True,66,poisson,0,0,0,0,0.0,0,0,0,0,0,0
unequal,2,null,True,66,fixed,0,0,0,0,0.0,0,0,0,0,0,0
unequal,2,null,True,66,learned,0,0,0,0,0.0,0,0,0,0,0,0
unequal,2,null,False,67,poisson,0,0,0,0,0.0,0,0,0,0,0,0
unequal,2,null,False,67,fixed,0,0,0,0,0.0,0,0,0,0,0,0
unequal,2,null,False,67,learned,0,0,0,0,0.0,0,0,0,0,0,0
unequal,2,null,True,67,poisson,0,0,0,0,0.0,0,0,0,0,0,0
unequal,2,null,True,67,fixed,0,0,0,0,0.0,0,0,0,0,0,0
unequal,2,null,True,67,learned,0,0,0,0,0.0,0,0,0,0,0,0
unequal,2,null,False,68,poisson,0,0,0,0,0.0,0,0,0,0,0,0
unequal,2,null,False,68,fixed,0,0,0,0,0.0,0,0,0,0,0,0
unequal,2,null,False,68,learned,0,0,0,0,0.0,0,0,0,0,0,0
unequal,2,null,True,68,poisson,0,0,0,0,0.0,0,0,0,0,0,0
unequal,2,null,True,68,fixed,0,0,0,0,0.0,0,0,0,0,0,0
unequal,2,null,True,68,learned,0,0,0,0,0.0,0,0,0,0,0,0
unequal,2,null,False,69,poisson,0,0,0,0,0.0,0,0,0,0,0,0
unequal,2,null,False,69,fixed,0,0,0,0,0.0,0,0,0,0,0,0
unequal,2,null,False,69,learned,0,0,0,0,0.0,0,0,0,0,0,0
unequal,2,null,True,69,poisson,0,0,0,0,0.0,0,0,0,0,0,0
unequal,2,null,True,69,fixed,0,0,0,0,0.0,0,0,0,0,0,0
unequal,2,null,True,69,learned,0,0,0,0,0.0,0,0,0,0,0,0
unequal,2,null,False,70,poisson,0,0,0,0,0.0,0,0,0,0,0,0
unequal,2,null,False,70,fixed,0,0,0,0,0.0,0,0,0,0,0,0
unequal,2,null,False,70,learned,0,0,0,0,0.0,0,0,0,0,0,0
unequal,2,null,True,70,poisson,0,0,0,0,0.0,0,0,0,0,0,0
unequal,2,null,True,70,fixed,0,0,0,0,0.0,0,0,0,0,0,0
unequal,2,null,True,70,learned,0,0,0,0,0.0,0,0,0,0,0,0
unequal,2,null,False,71,poisson,0,0,0,0,0.0,0,0,0,0,0,0
unequal,2,null,False,71,fixed,0,0,0,0,0.0,0,0,0,0,0,0
unequal,2,null,False,71,learned,0,0,0,0,0.0,0,0,0,0,0,0
unequal,2,null,True,71,poisson,0,0,0,0,0.0,0,0,0,0,0,0
unequal,2,null,True,71,fixed,0,0,0,0,0.0,0,0,0,0,0,0
unequal,2,null,True,71,learned,0,0,0,0,0.0,0,0,0,0,0,0
unequal,2,null,False,72,poisson,0,0,0,0,0.0,0,0,0,0,0,0
unequal,2,null,False,72,fixed,0,0,0,0,0.0,0,0,0,0,0,0
unequal,2,null,False,72,learned,0,0,0,0,0.0,0,0,0,0,0,0
unequal,2,null,True,72,poisson,0,0,0,0,0.0,0,0,0,0,0,0
unequal,2,null,True,72,fixed,0,0,0,0,0.0,0,0,0,0,0,0
unequal,2,null,True,72,learned,0,0,0,0,0.0,0,0,0,0,0,0
unequal,2,null,False,73,poisson,0,0,0,0,0.0,0,0,0,0,0,0
unequal,2,null,False,73,fixed,0,0,0,0,0.0,0,0,0,0,0,0
unequal,2,null,False,73,learned,0,0,0,0,0.0,0,0,0,0,0,0
unequal,2,null,True,73,poisson,0,0,0,0,0.0,0,0,0,0,0,0
unequal,2,null,True,73,fixed,0,0,0,0,0.0,0,0,0,0,0,0
unequal,2,null,True,73,learned,0,0,0,0,0.0,0,0,0,0,0,0
unequal,2,null,False,74,poisson,2,0,0,0,0.0,0,0,0,0,0,0
unequal,2,null,False,74,fixed,2,0,0,0,0.0,0,0,0,0,0,0
unequal,2,null,False,74,learned,2,0,0,0,0.0,0,0,0,0,0,0
unequal,2,null,True,74,poisson,2,0,0,0,0.0,0,0,0,0,0,0
unequal,2,null,True,74,fixed,2,0,0,0,0.0,0,0,0,0,0,0
unequal,2,null,True,74,learned,2,0,0,0,0.0,0,0,0,0,0,0
unequal,2,null,False,75,poisson,0,0,0,0,0.0,0,0,0,0,0,0
unequal,2,null,False,75,fixed,0,0,0,0,0.0,0,0,0,0,0,0
unequal,2,null,False,75,learned,0,0,0,0,0.0,0,0,0,0,0,0
unequal,2,null,True,75,poisson,0,0,0,0,0.0,0,0,0,0,0,0
unequal,2,null,True,75,fixed,0,0,0,0,0.0,0,0,0,0,0,0
unequal,2,null,True,75,learned,0,0,0,0,0.0,0,0,0,0,0,0
unequal,2,null,False,76,poisson,0,0,0,0,0.0,0,0,0,0,0,0
unequal,2,null,False,76,fixed,0,0,0,0,0.0,0,0,0,0,0,0
unequal,2,null,False,76,learned,0,0,0,0,0.0,0,0,0,0,0,0
unequal,2,null,True,76,poisson,0,0,0,0,0.0,0,0,0,0,0,0
unequal,2,null,True,76,fixed,0,0,0,0,0.0,0,0,0,0,0,0
unequal,2,null,True,76,learned,0,0,0,0,0.0,0,0,0,0,0,0
unequal,2,null,False,77,poisson,0,0,0,0,0.0,0,0,0,0,0,0
unequal,2,null,False,77,fixed,0,0,0,0,0.0,0,0,0,0,0,0
unequal,2,null,False,77,learned,0,0,0,0,0.0,0,0,0,0,0,0
unequal,2,null,True,77,poisson,0,0,0,0,0.0,0,0,0,0,0,0
unequal,2,null,True,77,fixed,0,0,0,0,0.0,0,0,0,0,0,0
unequal,2,null,True,77,learned,0,0,0,0,0.0,0,0,0,0,0,0
unequal,2,null,False,78,poisson,0,0,0,0,0.0,0,0,0,0,0,0
unequal,2,null,False,78,fixed,0,0,0,0,0.0,0,0,0,0,0,0
unequal,2,null,False,78,learned,0,0,0,0,0.0,0,0,0,0,0,0
unequal,2,null,True,78,poisson,0,0,0,0,0.0,0,0,0,0,0,0
unequal,2,null,True,78,fixed,0,0,0,0,0.0,0,0,0,0,0,0
unequal,2,null,True,78,learned,0,0,0,0,0.0,0,0,0,0,0,0
unequal,2,null,False,79,poisson,0,0,0,0,0.0,0,0,0,0,0,0
unequal,2,null,False,79,fixed,0,0,0,0,0.0,0,0,0,0,0,0
unequal,2,null,False,79,learned,0,0,0,0,0.0,0,0,0,0,0,0
unequal,2,null,True,79,poisson,0,0,0,0,0.0,0,0,0,0,0,0
unequal,2,null,True,79,fixed,0,0,0,0,0.0,0,0,0,0,0,0
unequal,2,null,True,79,learned,0,0,0,0,0.0,0,0,0,0,0,0
unequal,2,null,False,80,poisson,0,0,0,0,0.0,0,0,0,0,0,0
unequal,2,null,False,80,fixed,0,0,0,0,0.0,0,0,0,0,0,0
unequal,2,null,False,80,learned,0,0,0,0,0.0,0,0,0,0,0,0
unequal,2,null,True,80,poisson,0,0,0,0,0.0,0,0,0,0,0,0
unequal,2,null,True,80,fixed,0,0,0,0,0.0,0,0,0,0,0,0
unequal,2,null,True,80,learned,0,0,0,0,0.0,0,0,0,0,0,0
unequal,2,null,False,81,poisson,0,0,0,0,0.0,0,0,0,0,0,0
unequal,2,null,False,81,fixed,0,0,0,0,0.0,0,0,0,0,0,0
unequal,2,null,False,81,learned,0,0,0,0,0.0,0,0,0,0,0,0
unequal,2,null,True,81,poisson,0,0,0,0,0.0,0,0,0,0,0,0
unequal,2,null,True,81,fixed,0,0,0,0,0.0,0,0,0,0,0,0
unequal,2,null,True,81,learned,0,0,0,0,0.0,0,0,0,0,0,0
unequal,2,null,False,82,poisson,0,0,0,0,0.0,0,0,0,0,0,0
unequal,2,null,False,82,fixed,0,0,0,0,0.0,0,0,0,0,0,0
unequal,2,null,False,82,learned,0,0,0,0,0.0,0,0,0,0,0,0
unequal,2,null,True,82,poisson,0,0,0,0,0.0,0,0,0,0,0,0
unequal,2,null,True,82,fixed,0,0,0,0,0.0,0,0,0,0,0,0
unequal,2,null,True,82,learned,0,0,0,0,0.0,0,0,0,0,0,0
unequal,2,null,False,83,poisson,0,0,0,0,0.0,0,0,0,0,0,0
unequal,2,null,False,83,fixed,0,0,0,0,0.0,0,0,0,0,0,0
unequal,2,null,False,83,learned,0,0,0,0,0.0,0,0,0,0,0,0
unequal,2,null,True,83,poisson,0,0,0,0,0.0,0,0,0,0,0,0
unequal,2,null,True,83,fixed,0,0,0,0,0.0,0,0,0,0,0,0
unequal,2,null,True,83,learned,0,0,0,0,0.0,0,0,0,0,0,0
unequal,2,null,False,84,poisson,0,0,0,0,0.0,0,0,0,0,0,0
unequal,2,null,False,84,fixed,0,0,0,0,0.0,0,0,0,0,0,0
unequal,2,null,False,84,learned,0,0,0,0,0.0,0,0,0,0,0,0
unequal,2,null,True,84,poisson,0,0,0,0,0.0,0,0,0,0,0,0
unequal,2,null,True,84,fixed,0,0,0,0,0.0,0,0,0,0,0,0
unequal,2,null,True,84,learned,0,0,0,0,0.0,0,0,0,0,0,0
unequal,2,null,False,85,poisson,0,0,0,0,0.0,0,0,0,0,0,0
unequal,2,null,False,85,fixed,0,0,0,0,0.0,0,0,0,0,0,0
unequal,2,null,False,85,learned,0,0,0,0,0.0,0,0,0,0,0,0
unequal,2,null,True,85,poisson,0,0,0,0,0.0,0,0,0,0,0,0
unequal,2,null,True,85,fixed,0,0,0,0,0.0,0,0,0,0,0,0
unequal,2,null,True,85,learned,0,0,0,0,0.0,0,0,0,0,0,0
unequal,2,null,False,86,poisson,0,0,0,0,0.0,0,0,0,0,0,0
unequal,2,null,False,86,fixed,0,0,0,0,0.0,0,0,0,0,0,0
unequal,2,null,False,86,learned,0,0,0,0,0.0,0,0,0,0,0,0
unequal,2,null,True,86,poisson,0,0,0,0,0.0,0,0,0,0,0,0
unequal,2,null,True,86,fixed,0,0,0,0,0.0,0,0,0,0,0,0
unequal,2,null,True,86,learned,0,0,0,0,0.0,0,0,0,0,0,0
unequal,2,null,False,87,poisson,0,0,0,0,0.0,0,0,0,0,0,0
unequal,2,null,False,87,fixed,0,0,0,0,0.0,0,0,0,0,0,0
unequal,2,null,False,87,learned,0,0,0,0,0.0,0,0,0,0,0,0
unequal,2,null,True,87,poisson,0,0,0,0,0.0,0,0,0,0,0,0
unequal,2,null,True,87,fixed,0,0,0,0,0.0,0,0,0,0,0,0
unequal,2,null,True,87,learned,0,0,0,0,0.0,0,0,0,0,0,0
unequal,2,null,False,88,poisson,0,0,0,0,0.0,0,0,0,0,0,0
unequal,2,null,False,88,fixed,0,0,0,0,0.0,0,0,0,0,0,0
unequal,2,null,False,88,learned,0,0,0,0,0.0,0,0,0,0,0,0
unequal,2,null,True,88,poisson,0,0,0,0,0.0,0,0,0,0,0,0
unequal,2,null,True,88,fixed,0,0,0,0,0.0,0,0,0,0,0,0
unequal,2,null,True,88,learned,0,0,0,0,0.0,0,0,0,0,0,0
unequal,2,null,False,89,poisson,0,0,0,0,0.0,0,0,0,0,0,0
unequal,2,null,False,89,fixed,0,0,0,0,0.0,0,0,0,0,0,0
unequal,2,null,False,89,learned,0,0,0,0,0.0,0,0,0,0,0,0
unequal,2,null,True,89,poisson,0,0,0,0,0.0,0,0,0,0,0,0
unequal,2,null,True,89,fixed,0,0,0,0,0.0,0,0,0,0,0,0
unequal,2,null,True,89,learned,0,0,0,0,0.0,0,0,0,0,0,0
unequal,2,null,False,90,poisson,0,0,0,0,0.0,0,0,0,0,0,0
unequal,2,null,False,90,fixed,0,0,0,0,0.0,0,0,0,0,0,0
unequal,2,null,False,90,learned,0,0,0,0,0.0,0,0,0,0,0,0
unequal,2,null,True,90,poisson,0,0,0,0,0.0,0,0,0,0,0,0
unequal,2,null,True,90,fixed,0,0,0,0,0.0,0,0,0,0,0,0
unequal,2,null,True,90,learned,0,0,0,0,0.0,0,0,0,0,0,0
unequal,2,null,False,91,poisson,0,0,0,0,0.0,0,0,0,0,0,0
unequal,2,null,False,91,fixed,0,0,0,0,0.0,0,0,0,0,0,0
unequal,2,null,False,91,learned,0,0,0,0,0.0,0,0,0,0,0,0
unequal,2,null,True,91,poisson,0,0,0,0,0.0,0,0,0,0,0,0
unequal,2,null,True,91,fixed,0,0,0,0,0.0,0,0,0,0,0,0
unequal,2,null,True,91,learned,0,0,0,0,0.0,0,0,0,0,0,0
unequal,2,null,False,92,poisson,0,0,0,0,0.0,0,0,0,0,0,0
unequal,2,null,False,92,fixed,0,0,0,0,0.0,0,0,0,0,0,0
unequal,2,null,False,92,learned,0,0,0,0,0.0,0,0,0,0,0,0
unequal,2,null,True,92,poisson,0,0,0,0,0.0,0,0,0,0,0,0
unequal,2,null,True,92,fixed,0,0,0,0,0.0,0,0,0,0,0,0
unequal,2,null,True,92,learned,0,0,0,0,0.0,0,0,0,0,0,0
unequal,2,null,False,93,poisson,0,0,0,0,0.0,0,0,0,0,0,0
unequal,2,null,False,93,fixed,0,0,0,0,0.0,0,0,0,0,0,0
unequal,2,null,False,93,learned,0,0,0,0,0.0,0,0,0,0,0,0
unequal,2,null,True,93,poisson,0,0,0,0,0.0,0,0,0,0,0,0
unequal,2,null,True,93,fixed,0,0,0,0,0.0,0,0,0,0,0,0
unequal,2,null,True,93,learned,0,0,0,0,0.0,0,0,0,0,0,0
unequal,2,null,False,94,poisson,0,0,0,0,0.0,0,0,0,0,0,0
unequal,2,null,False,94,fixed,0,0,0,0,0.0,0,0,0,0,0,0
unequal,2,null,False,94,learned,0,0,0,0,0.0,0,0,0,0,0,0
unequal,2,null,True,94,poisson,0,0,0,0,0.0,0,0,0,0,0,0
unequal,2,null,True,94,fixed,0,0,0,0,0.0,0,0,0,0,0,0
unequal,2,null,True,94,learned,0,0,0,0,0.0,0,0,0,0,0,0
unequal,2,null,False,95,poisson,0,0,0,0,0.0,0,0,0,0,0,0
unequal,2,null,False,95,fixed,0,0,0,0,0.0,0,0,0,0,0,0
unequal,2,null,False,95,learned,0,0,0,0,0.0,0,0,0,0,0,0
unequal,2,null,True,95,poisson,0,0,0,0,0.0,0,0,0,0,0,0
unequal,2,null,True,95,fixed,0,0,0,0,0.0,0,0,0,0,0,0
unequal,2,null,True,95,learned,0,0,0,0,0.0,0,0,0,0,0,0
unequal,2,null,False,96,poisson,0,0,0,0,0.0,0,0,0,0,0,0
unequal,2,null,False,96,fixed,0,0,0,0,0.0,0,0,0,0,0,0
unequal,2,null,False,96,learned,0,0,0,0,0.0,0,0,0,0,0,0
unequal,2,null,True,96,poisson,0,0,0,0,0.0,0,0,0,0,0,0
unequal,2,null,True,96,fixed,0,0,0,0,0.0,0,0,0,0,0,0
unequal,2,null,True,96,learned,0,0,0,0,0.0,0,0,0,0,0,0
unequal,2,null,False,97,poisson,0,0,0,0,0.0,0,0,0,0,0,0
unequal,2,null,False,97,fixed,0,0,0,0,0.0,0,0,0,0,0,0
unequal,2,null,False,97,learned,0,0,0,0,0.0,0,0,0,0,0,0
unequal,2,null,True,97,poisson,0,0,0,0,0.0,0,0,0,0,0,0
unequal,2,null,True,97,fixed,0,0,0,0,0.0,0,0,0,0,0,0
unequal,2,null,True,97,learned,0,0,0,0,0.0,0,0,0,0,0,0
unequal,2,null,False,98,poisson,0,0,0,0,0.0,0,0,0,0,0,0
unequal,2,null,False,98,fixed,0,0,0,0,0.0,0,0,0,0,0,0
unequal,2,null,False,98,learned,0,0,0,0,0.0,0,0,0,0,0,0
unequal,2,null,True,98,poisson,0,0,0,0,0.0,0,0,0,0,0,0
unequal,2,null,True,98,fixed,0,0,0,0,0.0,0,0,0,0,0,0
unequal,2,null,True,98,learned,0,0,0,0,0.0,0,0,0,0,0,0
unequal,2,null,False,99,poisson,0,0,0,0,0.0,0,0,0,0,0,0
unequal,2,null,False,99,fixed,0,0,0,0,0.0,0,0,0,0,0,0
unequal,2,null,False,99,learned,0,0,0,0,0.0,0,0,0,0,0,0
unequal,2,null,True,99,poisson,0,0,0,0,0.0,0,0,0,0,0,0
unequal,2,null,True,99,fixed,0,0,0,0,0.0,0,0,0,0,0,0
unequal,2,null,True,99,learned,0,0,0,0,0.0,0,0,0,0,0,0
unequal,2,moderate,False,0,poisson,0,0,0,0,0.0,3,0,0,0,0,0
unequal,2,moderate,False,0,fixed,0,0,0,0,0.0,3,0,0,0,0,0
unequal,2,moderate,False,0,learned,0,0,0,0,0.0,3,0,0,0,0,0
unequal,2,moderate,True,0,poisson,0,0,0,0,0.0,3,0,0,0,0,0
unequal,2,moderate,True,0,fixed,0,0,0,0,0.0,3,0,0,0,0,0
unequal,2,moderate,True,0,learned,0,0,0,0,0.0,3,0,0,0,0,0
unequal,2,moderate,False,1,poisson,0,0,0,0,0.0,3,0,0,0,1,0
unequal,2,moderate,False,1,fixed,0,0,0,0,0.0,3,0,0,0,1,0
unequal,2,moderate,False,1,learned,0,0,0,0,0.0,3,0,0,0,1,0
unequal,2,moderate,True,1,poisson,0,0,0,0,0.0,3,0,0,0,1,0
unequal,2,moderate,True,1,fixed,0,0,0,0,0.0,3,0,0,0,1,0
unequal,2,moderate,True,1,learned,0,0,0,0,0.0,3,0,0,0,1,0
unequal,2,moderate,False,2,poisson,0,0,0,0,0.0,3,0,2,0,2,0
unequal,2,moderate,False,2,fixed,0,0,0,0,0.0,3,0,2,0,2,0
unequal,2,moderate,False,2,learned,0,0,0,0,0.0,3,0,2,0,2,0
unequal,2,moderate,True,2,poisson,0,0,0,0,0.0,3,0,2,0,2,0
unequal,2,moderate,True,2,fixed,0,0,0,0,0.0,3,0,2,0,2,0
unequal,2,moderate,True,2,learned,0,0,0,0,0.0,3,0,2,0,2,0
unequal,2,moderate,False,3,poisson,2,0,0,0,0.0,3,0,2,0,2,0
unequal,2,moderate,False,3,fixed,2,0,0,0,0.0,3,0,2,0,2,0
unequal,2,moderate,False,3,learned,2,0,0,0,0.0,3,0,2,0,2,0
unequal,2,moderate,True,3,poisson,2,0,0,0,0.0,3,0,2,0,2,0
unequal,2,moderate,True,3,fixed,2,0,0,0,0.0,3,0,2,0,2,0
unequal,2,moderate,True,3,learned,2,0,0,0,0.0,3,0,2,0,2,0
unequal,2,moderate,False,4,poisson,0,0,0,0,0.0,3,0,1,0,1,0
unequal,2,moderate,False,4,fixed,0,0,0,0,0.0,3,0,1,0,1,0
unequal,2,moderate,False,4,learned,0,0,0,0,0.0,3,0,1,0,1,0
unequal,2,moderate,True,4,poisson,0,0,0,0,0.0,3,0,1,0,1,0
unequal,2,moderate,True,4,fixed,0,0,0,0,0.0,3,0,1,0,1,0
unequal,2,moderate,True,4,learned,0,0,0,0,0.0,3,0,1,0,1,0
unequal,2,moderate,False,5,poisson,0,0,0,0,0.0,3,0,1,0,1,0
unequal,2,moderate,False,5,fixed,0,0,0,0,0.0,3,0,1,0,1,0
unequal,2,moderate,False,5,learned,0,0,0,0,0.0,3,0,1,0,1,0
unequal,2,moderate,True,5,poisson,0,0,0,0,0.0,3,0,1,0,1,0
unequal,2,moderate,True,5,fixed,0,0,0,0,0.0,3,0,1,0,1,0
unequal,2,moderate,True,5,learned,0,0,0,0,0.0,3,0,1,0,1,0
unequal,2,moderate,False,6,poisson,0,0,0,0,0.0,3,0,0,0,0,0
unequal,2,moderate,False,6,fixed,0,0,0,0,0.0,3,0,0,0,0,0
unequal,2,moderate,False,6,learned,0,0,0,0,0.0,3,0,0,0,0,0
unequal,2,moderate,True,6,poisson,0,0,0,0,0.0,3,0,0,0,0,0
unequal,2,moderate,True,6,fixed,0,0,0,0,0.0,3,0,0,0,0,0
unequal,2,moderate,True,6,learned,0,0,0,0,0.0,3,0,0,0,0,0
unequal,2,moderate,False,7,poisson,0,0,0,0,0.0,3,0,0,0,0,0
unequal,2,moderate,False,7,fixed,0,0,0,0,0.0,3,0,0,0,0,0
unequal,2,moderate,False,7,learned,0,0,0,0,0.0,3,0,0,0,0,0
unequal,2,moderate,True,7,poisson,0,0,0,0,0.0,3,0,0,0,0,0
unequal,2,moderate,True,7,fixed,0,0,0,0,0.0,3,0,0,0,0,0
unequal,2,moderate,True,7,learned,0,0,0,0,0.0,3,0,0,0,0,0
unequal,2,moderate,False,8,poisson,0,0,0,0,0.0,3,0,1,0,1,0
unequal,2,moderate,False,8,fixed,0,0,0,0,0.0,3,0,1,0,1,0
unequal,2,moderate,False,8,learned,0,0,0,0,0.0,3,0,1,0,1,0
unequal,2,moderate,True,8,poisson,0,0,0,0,0.0,3,0,1,0,1,0
unequal,2,moderate,True,8,fixed,0,0,0,0,0.0,3,0,1,0,1,0
unequal,2,moderate,True,8,learned,0,0,0,0,0.0,3,0,1,0,1,0
unequal,2,moderate,False,9,poisson,0,0,0,0,0.0,3,0,0,0,0,0
unequal,2,moderate,False,9,fixed,0,0,0,0,0.0,3,0,0,0,0,0
unequal,2,moderate,False,9,learned,0,0,0,0,0.0,3,0,0,0,0,0
unequal,2,moderate,True,9,poisson,0,0,0,0,0.0,3,0,0,0,0,0
unequal,2,moderate,True,9,fixed,0,0,0,0,0.0,3,0,0,0,0,0
unequal,2,moderate,True,9,learned,0,0,0,0,0.0,3,0,0,0,0,0
unequal,2,moderate,False,10,poisson,0,0,0,0,0.0,3,0,0,0,1,0
unequal,2,moderate,False,10,fixed,0,0,0,0,0.0,3,0,0,0,1,0
unequal,2,moderate,False,10,learned,0,0,0,0,0.0,3,0,0,0,1,0
unequal,2,moderate,True,10,poisson,0,0,0,0,0.0,3,0,0,0,1,0
unequal,2,moderate,True,10,fixed,0,0,0,0,0.0,3,0,0,0,1,0
unequal,2,moderate,True,10,learned,0,0,0,0,0.0,3,0,0,0,1,0
unequal,2,moderate,False,11,poisson,0,0,0,0,0.0,3,0,1,0,1,0
unequal,2,moderate,False,11,fixed,0,0,0,0,0.0,3,0,1,0,1,0
unequal,2,moderate,False,11,learned,0,0,0,0,0.0,3,0,1,0,1,0
unequal,2,moderate,True,11,poisson,0,0,0,0,0.0,3,0,1,0,1,0
unequal,2,moderate,True,11,fixed,0,0,0,0,0.0,3,0,1,0,1,0
unequal,2,moderate,True,11,learned,0,0,0,0,0.0,3,0,1,0,1,0
unequal,2,moderate,False,12,poisson,0,0,0,0,0.0,3,0,1,0,1,0
unequal,2,moderate,False,12,fixed,0,0,0,0,0.0,3,0,1,0,1,0
unequal,2,moderate,False,12,learned,0,0,0,0,0.0,3,0,1,0,1,0
unequal,2,moderate,True,12,poisson,0,0,0,0,0.0,3,0,1,0,1,0
unequal,2,moderate,True,12,fixed,0,0,0,0,0.0,3,0,1,0,1,0
unequal,2,moderate,True,12,learned,0,0,0,0,0.0,3,0,1,0,1,0
unequal,2,moderate,False,13,poisson,0,0,0,0,0.0,3,0,2,0,2,0
unequal,2,moderate,False,13,fixed,0,0,0,0,0.0,3,0,2,0,2,0
unequal,2,moderate,False,13,learned,0,0,0,0,0.0,3,0,2,0,2,0
unequal,2,moderate,True,13,poisson,0,0,0,0,0.0,3,0,2,0,2,0
unequal,2,moderate,True,13,fixed,0,0,0,0,0.0,3,0,2,0,2,0
unequal,2,moderate,True,13,learned,0,0,0,0,0.0,3,0,2,0,2,0
unequal,2,moderate,False,14,poisson,2,2,2,1,1.0,3,0,0,0,1,0
unequal,2,moderate,False,14,fixed,2,0,0,0,0.0,3,0,0,0,1,0
unequal,2,moderate,False,14,learned,2,0,0,0,0.0,3,0,0,0,1,0
unequal,2,moderate,True,14,poisson,2,2,2,1,1.0,3,0,0,0,1,0
unequal,2,moderate,True,14,fixed,2,0,0,0,0.0,3,0,0,0,1,0
unequal,2,moderate,True,14,learned,2,0,0,0,0.0,3,0,0,0,1,0
unequal,2,moderate,False,15,poisson,0,0,0,0,0.0,3,0,1,0,1,0
unequal,2,moderate,False,15,fixed,0,0,0,0,0.0,3,0,1,0,1,0
unequal,2,moderate,False,15,learned,0,0,0,0,0.0,3,0,1,0,1,0
unequal,2,moderate,True,15,poisson,0,0,0,0,0.0,3,0,1,0,1,0
unequal,2,moderate,True,15,fixed,0,0,0,0,0.0,3,0,1,0,1,0
unequal,2,moderate,True,15,learned,0,0,0,0,0.0,3,0,1,0,1,0
unequal,2,moderate,False,16,poisson,0,0,0,0,0.0,3,0,0,0,0,0
unequal,2,moderate,False,16,fixed,0,0,0,0,0.0,3,0,0,0,0,0
unequal,2,moderate,False,16,learned,0,0,0,0,0.0,3,0,0,0,0,0
unequal,2,moderate,True,16,poisson,0,0,0,0,0.0,3,0,0,0,0,0
unequal,2,moderate,True,16,fixed,0,0,0,0,0.0,3,0,0,0,0,0
unequal,2,moderate,True,16,learned,0,0,0,0,0.0,3,0,0,0,0,0
unequal,2,moderate,False,17,poisson,0,0,0,0,0.0,3,0,0,0,1,0
unequal,2,moderate,False,17,fixed,0,0,0,0,0.0,3,0,0,0,1,0
unequal,2,moderate,False,17,learned,0,0,0,0,0.0,3,0,0,0,1,0
unequal,2,moderate,True,17,poisson,0,0,0,0,0.0,3,0,0,0,1,0
unequal,2,moderate,True,17,fixed,0,0,0,0,0.0,3,0,0,0,1,0
unequal,2,moderate,True,17,learned,0,0,0,0,0.0,3,0,0,0,1,0
unequal,2,moderate,False,18,poisson,0,0,0,0,0.0,3,0,1,0,1,0
unequal,2,moderate,False,18,fixed,0,0,0,0,0.0,3,0,1,0,1,0
unequal,2,moderate,False,18,learned,0,0,0,0,0.0,3,0,1,0,1,0
unequal,2,moderate,True,18,poisson,0,0,0,0,0.0,3,0,1,0,1,0
unequal,2,moderate,True,18,fixed,0,0,0,0,0.0,3,0,1,0,1,0
unequal,2,moderate,True,18,learned,0,0,0,0,0.0,3,0,1,0,1,0
unequal,2,moderate,False,19,poisson,0,0,0,0,0.0,3,0,0,0,0,0
unequal,2,moderate,False,19,fixed,0,0,0,0,0.0,3,0,0,0,0,0
unequal,2,moderate,False,19,learned,0,0,0,0,0.0,3,0,0,0,0,0
unequal,2,moderate,True,19,poisson,0,0,0,0,0.0,3,0,0,0,0,0
unequal,2,moderate,True,19,fixed,0,0,0,0,0.0,3,0,0,0,0,0
unequal,2,moderate,True,19,learned,0,0,0,0,0.0,3,0,0,0,0,0
unequal,2,moderate,False,20,poisson,0,0,0,0,0.0,3,0,1,0,2,0
unequal,2,moderate,False,20,fixed,0,0,0,0,0.0,3,0,1,0,2,0
unequal,2,moderate,False,20,learned,0,0,0,0,0.0,3,0,1,0,2,0
unequal,2,moderate,True,20,poisson,0,0,0,0,0.0,3,0,1,0,2,0
unequal,2,moderate,True,20,fixed,0,0,0,0,0.0,3,0,1,0,2,0
unequal,2,moderate,True,20,learned,0,0,0,0,0.0,3,0,1,0,2,0
unequal,2,moderate,False,21,poisson,4,0,0,0,0.0,3,0,2,0,2,0
unequal,2,moderate,False,21,fixed,4,0,0,0,0.0,3,0,2,0,2,0
unequal,2,moderate,False,21,learned,4,0,0,0,0.0,3,0,2,0,2,0
unequal,2,moderate,True,21,poisson,4,0,0,0,0.0,3,0,2,0,2,0
unequal,2,moderate,True,21,fixed,4,0,0,0,0.0,3,0,2,0,2,0
unequal,2,moderate,True,21,learned,4,0,0,0,0.0,3,0,2,0,2,0
unequal,2,moderate,False,22,poisson,0,0,0,0,0.0,3,0,1,0,2,0
unequal,2,moderate,False,22,fixed,0,0,0,0,0.0,3,0,1,0,2,0
unequal,2,moderate,False,22,learned,0,0,0,0,0.0,3,0,1,0,2,0
unequal,2,moderate,True,22,poisson,0,0,0,0,0.0,3,0,1,0,2,0
unequal,2,moderate,True,22,fixed,0,0,0,0,0.0,3,0,1,0,2,0
unequal,2,moderate,True,22,learned,0,0,0,0,0.0,3,0,1,0,2,0
unequal,2,moderate,False,23,poisson,0,0,0,0,0.0,3,0,0,0,0,0
unequal,2,moderate,False,23,fixed,0,0,0,0,0.0,3,0,0,0,0,0
unequal,2,moderate,False,23,learned,0,0,0,0,0.0,3,0,0,0,0,0
unequal,2,moderate,True,23,poisson,0,0,0,0,0.0,3,0,0,0,0,0
unequal,2,moderate,True,23,fixed,0,0,0,0,0.0,3,0,0,0,0,0
unequal,2,moderate,True,23,learned,0,0,0,0,0.0,3,0,0,0,0,0
unequal,2,moderate,False,24,poisson,0,0,0,0,0.0,3,0,2,0,2,0
unequal,2,moderate,False,24,fixed,0,0,0,0,0.0,3,0,2,0,2,0
unequal,2,moderate,False,24,learned,0,0,0,0,0.0,3,0,2,0,2,0
unequal,2,moderate,True,24,poisson,0,0,0,0,0.0,3,0,2,0,2,0
unequal,2,moderate,True,24,fixed,0,0,0,0,0.0,3,0,2,0,2,0
unequal,2,moderate,True,24,learned,0,0,0,0,0.0,3,0,2,0,2,0
unequal,2,moderate,False,25,poisson,0,0,0,0,0.0,3,0,0,0,1,0
unequal,2,moderate,False,25,fixed,0,0,0,0,0.0,3,0,0,0,1,0
unequal,2,moderate,False,25,learned,0,0,0,0,0.0,3,0,0,0,1,0
unequal,2,moderate,True,25,poisson,0,0,0,0,0.0,3,0,0,0,1,0
unequal,2,moderate,True,25,fixed,0,0,0,0,0.0,3,0,0,0,1,0
unequal,2,moderate,True,25,learned,0,0,0,0,0.0,3,0,0,0,1,0
unequal,2,moderate,False,26,poisson,2,0,0,0,0.0,3,0,1,0,1,0
unequal,2,moderate,False,26,fixed,2,0,0,0,0.0,3,0,1,0,1,0
unequal,2,moderate,False,26,learned,2,0,0,0,0.0,3,0,1,0,1,0
unequal,2,moderate,True,26,poisson,2,0,0,0,0.0,3,0,1,0,1,0
unequal,2,moderate,True,26,fixed,2,0,0,0,0.0,3,0,1,0,1,0
unequal,2,moderate,True,26,learned,2,0,0,0,0.0,3,0,1,0,1,0
unequal,2,moderate,False,27,poisson,0,0,0,0,0.0,3,0,1,0,1,0
unequal,2,moderate,False,27,fixed,0,0,0,0,0.0,3,0,1,0,1,0
unequal,2,moderate,False,27,learned,0,0,0,0,0.0,3,0,1,0,1,0
unequal,2,moderate,True,27,poisson,0,0,0,0,0.0,3,0,1,0,1,0
unequal,2,moderate,True,27,fixed,0,0,0,0,0.0,3,0,1,0,1,0
unequal,2,moderate,True,27,learned,0,0,0,0,0.0,3,0,1,0,1,0
unequal,2,moderate,False,28,poisson,0,0,0,0,0.0,3,0,0,0,0,0
unequal,2,moderate,False,28,fixed,0,0,0,0,0.0,3,0,0,0,0,0
unequal,2,moderate,False,28,learned,0,0,0,0,0.0,3,0,0,0,0,0
unequal,2,moderate,True,28,poisson,0,0,0,0,0.0,3,0,0,0,0,0
unequal,2,moderate,True,28,fixed,0,0,0,0,0.0,3,0,0,0,0,0
unequal,2,moderate,True,28,learned,0,0,0,0,0.0,3,0,0,0,0,0
unequal,2,moderate,False,29,poisson,2,2,2,1,1.0,3,0,0,0,0,0
unequal,2,moderate,False,29,fixed,2,0,0,0,0.0,3,0,0,0,0,0
unequal,2,moderate,False,29,learned,2,0,0,0,0.0,3,0,0,0,0,0
unequal,2,moderate,True,29,poisson,2,2,2,1,1.0,3,0,0,0,0,0
unequal,2,moderate,True,29,fixed,2,0,0,0,0.0,3,0,0,0,0,0
unequal,2,moderate,True,29,learned,2,0,0,0,0.0,3,0,0,0,0,0
unequal,2,moderate,False,30,poisson,0,0,0,0,0.0,3,0,0,0,0,0
unequal,2,moderate,False,30,fixed,0,0,0,0,0.0,3,0,0,0,0,0
unequal,2,moderate,False,30,learned,0,0,0,0,0.0,3,0,0,0,0,0
unequal,2,moderate,True,30,poisson,0,0,0,0,0.0,3,0,0,0,0,0
unequal,2,moderate,True,30,fixed,0,0,0,0,0.0,3,0,0,0,0,0
unequal,2,moderate,True,30,learned,0,0,0,0,0.0,3,0,0,0,0,0
unequal,2,moderate,False,31,poisson,2,0,0,0,0.0,3,0,1,0,1,0
unequal,2,moderate,False,31,fixed,2,0,0,0,0.0,3,0,1,0,1,0
unequal,2,moderate,False,31,learned,2,0,0,0,0.0,3,0,1,0,1,0
unequal,2,moderate,True,31,poisson,2,0,0,0,0.0,3,0,1,0,1,0
unequal,2,moderate,True,31,fixed,2,0,0,0,0.0,3,0,1,0,1,0
unequal,2,moderate,True,31,learned,2,0,0,0,0.0,3,0,1,0,1,0
unequal,2,moderate,False,32,poisson,2,0,0,0,0.0,3,0,1,0,2,0
unequal,2,moderate,False,32,fixed,2,0,0,0,0.0,3,0,1,0,2,0
unequal,2,moderate,False,32,learned,2,0,0,0,0.0,3,0,1,0,2,0
unequal,2,moderate,True,32,poisson,2,0,0,0,0.0,3,0,1,0,2,0
unequal,2,moderate,True,32,fixed,2,0,0,0,0.0,3,0,1,0,2,0
unequal,2,moderate,True,32,learned,2,0,0,0,0.0,3,0,1,0,2,0
unequal,2,moderate,False,33,poisson,0,0,0,0,0.0,3,0,0,0,1,0
unequal,2,moderate,False,33,fixed,0,0,0,0,0.0,3,0,0,0,1,0
unequal,2,moderate,False,33,learned,0,0,0,0,0.0,3,0,0,0,1,0
unequal,2,moderate,True,33,poisson,0,0,0,0,0.0,3,0,0,0,1,0
unequal,2,moderate,True,33,fixed,0,0,0,0,0.0,3,0,0,0,1,0
unequal,2,moderate,True,33,learned,0,0,0,0,0.0,3,0,0,0,1,0
unequal,2,moderate,False,34,poisson,0,0,0,0,0.0,3,0,1,0,1,0
unequal,2,moderate,False,34,fixed,0,0,0,0,0.0,3,0,1,0,1,0
unequal,2,moderate,False,34,learned,0,0,0,0,0.0,3,0,1,0,1,0
unequal,2,moderate,True,34,poisson,0,0,0,0,0.0,3,0,1,0,1,0
unequal,2,moderate,True,34,fixed,0,0,0,0,0.0,3,0,1,0,1,0
unequal,2,moderate,True,34,learned,0,0,0,0,0.0,3,0,1,0,1,0
unequal,2,moderate,False,35,poisson,0,0,0,0,0.0,3,0,1,0,1,0
unequal,2,moderate,False,35,fixed,0,0,0,0,0.0,3,0,1,0,1,0
unequal,2,moderate,False,35,learned,0,0,0,0,0.0,3,0,1,0,1,0
unequal,2,moderate,True,35,poisson,0,0,0,0,0.0,3,0,1,0,1,0
unequal,2,moderate,True,35,fixed,0,0,0,0,0.0,3,0,1,0,1,0
unequal,2,moderate,True,35,learned,0,0,0,0,0.0,3,0,1,0,1,0
unequal,2,moderate,False,36,poisson,2,0,0,0,0.0,3,0,2,0,2,0
unequal,2,moderate,False,36,fixed,2,0,0,0,0.0,3,0,2,0,2,0
unequal,2,moderate,False,36,learned,2,0,0,0,0.0,3,0,2,0,2,0
unequal,2,moderate,True,36,poisson,2,0,0,0,0.0,3,0,2,0,2,0
unequal,2,moderate,True,36,fixed,2,0,0,0,0.0,3,0,2,0,2,0
unequal,2,moderate,True,36,learned,2,0,0,0,0.0,3,0,2,0,2,0
unequal,2,moderate,False,37,poisson,0,0,0,0,0.0,3,0,0,0,0,0
unequal,2,moderate,False,37,fixed,0,0,0,0,0.0,3,0,0,0,0,0
unequal,2,moderate,False,37,learned,0,0,0,0,0.0,3,0,0,0,0,0
unequal,2,moderate,True,37,poisson,0,0,0,0,0.0,3,0,0,0,0,0
unequal,2,moderate,True,37,fixed,0,0,0,0,0.0,3,0,0,0,0,0
unequal,2,moderate,True,37,learned,0,0,0,0,0.0,3,0,0,0,0,0
unequal,2,moderate,False,38,poisson,0,0,0,0,0.0,3,0,0,0,0,0
unequal,2,moderate,False,38,fixed,0,0,0,0,0.0,3,0,0,0,0,0
unequal,2,moderate,False,38,learned,0,0,0,0,0.0,3,0,0,0,0,0
unequal,2,moderate,True,38,poisson,0,0,0,0,0.0,3,0,0,0,0,0
unequal,2,moderate,True,38,fixed,0,0,0,0,0.0,3,0,0,0,0,0
unequal,2,moderate,True,38,learned,0,0,0,0,0.0,3,0,0,0,0,0
unequal,2,moderate,False,39,poisson,0,0,0,0,0.0,3,0,0,0,0,0
unequal,2,moderate,False,39,fixed,0,0,0,0,0.0,3,0,0,0,0,0
unequal,2,moderate,False,39,learned,0,0,0,0,0.0,3,0,0,0,0,0
unequal,2,moderate,True,39,poisson,0,0,0,0,0.0,3,0,0,0,0,0
unequal,2,moderate,True,39,fixed,0,0,0,0,0.0,3,0,0,0,0,0
unequal,2,moderate,True,39,learned,0,0,0,0,0.0,3,0,0,0,0,0
unequal,2,moderate,False,40,poisson,0,0,0,0,0.0,3,0,1,0,1,0
unequal,2,moderate,False,40,fixed,0,0,0,0,0.0,3,0,1,0,1,0
unequal,2,moderate,False,40,learned,0,0,0,0,0.0,3,0,1,0,1,0
unequal,2,moderate,True,40,poisson,0,0,0,0,0.0,3,0,1,0,1,0
unequal,2,moderate,True,40,fixed,0,0,0,0,0.0,3,0,1,0,1,0
unequal,2,moderate,True,40,learned,0,0,0,0,0.0,3,0,1,0,1,0
unequal,2,moderate,False,41,poisson,0,0,0,0,0.0,3,0,0,0,2,0
unequal,2,moderate,False,41,fixed,0,0,0,0,0.0,3,0,0,0,2,0
unequal,2,moderate,False,41,learned,0,0,0,0,0.0,3,0,0,0,2,0
unequal,2,moderate,True,41,poisson,0,0,0,0,0.0,3,0,0,0,2,0
unequal,2,moderate,True,41,fixed,0,0,0,0,0.0,3,0,0,0,2,0
unequal,2,moderate,True,41,learned,0,0,0,0,0.0,3,0,0,0,2,0
unequal,2,moderate,False,42,poisson,0,0,0,0,0.0,3,0,0,0,0,0
unequal,2,moderate,False,42,fixed,0,0,0,0,0.0,3,0,0,0,0,0
unequal,2,moderate,False,42,learned,0,0,0,0,0.0,3,0,0,0,0,0
unequal,2,moderate,True,42,poisson,0,0,0,0,0.0,3,0,0,0,0,0
unequal,2,moderate,True,42,fixed,0,0,0,0,0.0,3,0,0,0,0,0
unequal,2,moderate,True,42,learned,0,0,0,0,0.0,3,0,0,0,0,0
unequal,2,moderate,False,43,poisson,2,2,0,0,0.0,3,1,2,1,2,1
unequal,2,moderate,False,43,fixed,2,0,0,0,0.0,3,0,2,0,2,0
unequal,2,moderate,False,43,learned,2,0,0,0,0.0,3,0,2,0,2,0
unequal,2,moderate,True,43,poisson,2,2,0,0,0.0,3,1,2,1,2,1
unequal,2,moderate,True,43,fixed,2,0,0,0,0.0,3,0,2,0,2,0
unequal,2,moderate,True,43,learned,2,0,0,0,0.0,3,0,2,0,2,0
unequal,2,moderate,False,44,poisson,0,0,0,0,0.0,3,0,1,0,1,0
unequal,2,moderate,False,44,fixed,0,0,0,0,0.0,3,0,1,0,1,0
unequal,2,moderate,False,44,learned,0,0,0,0,0.0,3,0,1,0,1,0
unequal,2,moderate,True,44,poisson,0,0,0,0,0.0,3,0,1,0,1,0
unequal,2,moderate,True,44,fixed,0,0,0,0,0.0,3,0,1,0,1,0
unequal,2,moderate,True,44,learned,0,0,0,0,0.0,3,0,1,0,1,0
unequal,2,moderate,False,45,poisson,0,0,0,0,0.0,3,0,0,0,0,0
unequal,2,moderate,False,45,fixed,0,0,0,0,0.0,3,0,0,0,0,0
unequal,2,moderate,False,45,learned,0,0,0,0,0.0,3,0,0,0,0,0
unequal,2,moderate,True,45,poisson,0,0,0,0,0.0,3,0,0,0,0,0
unequal,2,moderate,True,45,fixed,0,0,0,0,0.0,3,0,0,0,0,0
unequal,2,moderate,True,45,learned,0,0,0,0,0.0,3,0,0,0,0,0
unequal,2,moderate,False,46,poisson,0,0,0,0,0.0,3,0,1,0,1,0
unequal,2,moderate,False,46,fixed,0,0,0,0,0.0,3,0,1,0,1,0
unequal,2,moderate,False,46,learned,0,0,0,0,0.0,3,0,1,0,1,0
unequal,2,moderate,True,46,poisson,0,0,0,0,0.0,3,0,1,0,1,0
unequal,2,moderate,True,46,fixed,0,0,0,0,0.0,3,0,1,0,1,0
unequal,2,moderate,True,46,learned,0,0,0,0,0.0,3,0,1,0,1,0
unequal,2,moderate,False,47,poisson,0,0,0,0,0.0,3,0,1,0,1,0
unequal,2,moderate,False,47,fixed,0,0,0,0,0.0,3,0,1,0,1,0
unequal,2,moderate,False,47,learned,0,0,0,0,0.0,3,0,1,0,1,0
unequal,2,moderate,True,47,poisson,0,0,0,0,0.0,3,0,1,0,1,0
unequal,2,moderate,True,47,fixed,0,0,0,0,0.0,3,0,1,0,1,0
unequal,2,moderate,True,47,learned,0,0,0,0,0.0,3,0,1,0,1,0
unequal,2,moderate,False,48,poisson,0,0,0,0,0.0,3,0,0,0,0,0
unequal,2,moderate,False,48,fixed,0,0,0,0,0.0,3,0,0,0,0,0
unequal,2,moderate,False,48,learned,0,0,0,0,0.0,3,0,0,0,0,0
unequal,2,moderate,True,48,poisson,0,0,0,0,0.0,3,0,0,0,0,0
unequal,2,moderate,True,48,fixed,0,0,0,0,0.0,3,0,0,0,0,0
unequal,2,moderate,True,48,learned,0,0,0,0,0.0,3,0,0,0,0,0
unequal,2,moderate,False,49,poisson,2,0,0,0,0.0,3,0,1,0,1,0
unequal,2,moderate,False,49,fixed,2,0,0,0,0.0,3,0,1,0,1,0
unequal,2,moderate,False,49,learned,2,0,0,0,0.0,3,0,1,0,1,0
unequal,2,moderate,True,49,poisson,2,0,0,0,0.0,3,0,1,0,1,0
unequal,2,moderate,True,49,fixed,2,0,0,0,0.0,3,0,1,0,1,0
unequal,2,moderate,True,49,learned,2,0,0,0,0.0,3,0,1,0,1,0
unequal,2,moderate,False,50,poisson,0,0,0,0,0.0,3,0,1,0,1,0
unequal,2,moderate,False,50,fixed,0,0,0,0,0.0,3,0,1,0,1,0
unequal,2,moderate,False,50,learned,0,0,0,0,0.0,3,0,1,0,1,0
unequal,2,moderate,True,50,poisson,0,0,0,0,0.0,3,0,1,0,1,0
unequal,2,moderate,True,50,fixed,0,0,0,0,0.0,3,0,1,0,1,0
unequal,2,moderate,True,50,learned,0,0,0,0,0.0,3,0,1,0,1,0
unequal,2,moderate,False,51,poisson,2,2,0,0,0.0,3,1,2,1,3,1
unequal,2,moderate,False,51,fixed,2,0,0,0,0.0,3,0,2,0,3,0
unequal,2,moderate,False,51,learned,2,0,0,0,0.0,3,0,2,0,3,0
unequal,2,moderate,True,51,poisson,2,2,0,0,0.0,3,1,2,1,3,1
unequal,2,moderate,True,51,fixed,2,0,0,0,0.0,3,0,2,0,3,0
unequal,2,moderate,True,51,learned,2,0,0,0,0.0,3,0,2,0,3,0
unequal,2,moderate,False,52,poisson,0,0,0,0,0.0,3,0,1,0,1,0
unequal,2,moderate,False,52,fixed,0,0,0,0,0.0,3,0,1,0,1,0
unequal,2,moderate,False,52,learned,0,0,0,0,0.0,3,0,1,0,1,0
unequal,2,moderate,True,52,poisson,0,0,0,0,0.0,3,0,1,0,1,0
unequal,2,moderate,True,52,fixed,0,0,0,0,0.0,3,0,1,0,1,0
unequal,2,moderate,True,52,learned,0,0,0,0,0.0,3,0,1,0,1,0
unequal,2,moderate,False,53,poisson,0,0,0,0,0.0,3,0,1,0,1,0
unequal,2,moderate,False,53,fixed,0,0,0,0,0.0,3,0,1,0,1,0
unequal,2,moderate,False,53,learned,0,0,0,0,0.0,3,0,1,0,1,0
unequal,2,moderate,True,53,poisson,0,0,0,0,0.0,3,0,1,0,1,0
unequal,2,moderate,True,53,fixed,0,0,0,0,0.0,3,0,1,0,1,0
unequal,2,moderate,True,53,learned,0,0,0,0,0.0,3,0,1,0,1,0
unequal,2,moderate,False,54,poisson,2,2,0,0,0.0,3,1,1,1,1,1
unequal,2,moderate,False,54,fixed,2,0,0,0,0.0,3,0,1,0,1,0
unequal,2,moderate,False,54,learned,2,0,0,0,0.0,3,0,1,0,1,0
unequal,2,moderate,True,54,poisson,2,2,0,0,0.0,3,1,1,1,1,1
unequal,2,moderate,True,54,fixed,2,0,0,0,0.0,3,0,1,0,1,0
unequal,2,moderate,True,54,learned,2,0,0,0,0.0,3,0,1,0,1,0
unequal,2,moderate,False,55,poisson,0,0,0,0,0.0,3,0,0,0,0,0
unequal,2,moderate,False,55,fixed,0,0,0,0,0.0,3,0,0,0,0,0
unequal,2,moderate,False,55,learned,0,0,0,0,0.0,3,0,0,0,0,0
unequal,2,moderate,True,55,poisson,0,0,0,0,0.0,3,0,0,0,0,0
unequal,2,moderate,True,55,fixed,0,0,0,0,0.0,3,0,0,0,0,0
unequal,2,moderate,True,55,learned,0,0,0,0,0.0,3,0,0,0,0,0
unequal,2,moderate,False,56,poisson,0,0,0,0,0.0,3,0,1,0,1,0
unequal,2,moderate,False,56,fixed,0,0,0,0,0.0,3,0,1,0,1,0
unequal,2,moderate,False,56,learned,0,0,0,0,0.0,3,0,1,0,1,0
unequal,2,moderate,True,56,poisson,0,0,0,0,0.0,3,0,1,0,1,0
unequal,2,moderate,True,56,fixed,0,0,0,0,0.0,3,0,1,0,1,0
unequal,2,moderate,True,56,learned,0,0,0,0,0.0,3,0,1,0,1,0
unequal,2,moderate,False,57,poisson,0,0,0,0,0.0,3,0,0,0,1,0
unequal,2,moderate,False,57,fixed,0,0,0,0,0.0,3,0,0,0,1,0
unequal,2,moderate,False,57,learned,0,0,0,0,0.0,3,0,0,0,1,0
unequal,2,moderate,True,57,poisson,0,0,0,0,0.0,3,0,0,0,1,0
unequal,2,moderate,True,57,fixed,0,0,0,0,0.0,3,0,0,0,1,0
unequal,2,moderate,True,57,learned,0,0,0,0,0.0,3,0,0,0,1,0
unequal,2,moderate,False,58,poisson,2,0,0,0,0.0,3,0,1,0,1,0
unequal,2,moderate,False,58,fixed,2,0,0,0,0.0,3,0,1,0,1,0
unequal,2,moderate,False,58,learned,2,0,0,0,0.0,3,0,1,0,1,0
unequal,2,moderate,True,58,poisson,2,0,0,0,0.0,3,0,1,0,1,0
unequal,2,moderate,True,58,fixed,2,0,0,0,0.0,3,0,1,0,1,0
unequal,2,moderate,True,58,learned,2,0,0,0,0.0,3,0,1,0,1,0
unequal,2,moderate,False,59,poisson,0,0,0,0,0.0,3,0,0,0,0,0
unequal,2,moderate,False,59,fixed,0,0,0,0,0.0,3,0,0,0,0,0
unequal,2,moderate,False,59,learned,0,0,0,0,0.0,3,0,0,0,0,0
unequal,2,moderate,True,59,poisson,0,0,0,0,0.0,3,0,0,0,0,0
unequal,2,moderate,True,59,fixed,0,0,0,0,0.0,3,0,0,0,0,0
unequal,2,moderate,True,59,learned,0,0,0,0,0.0,3,0,0,0,0,0
unequal,2,moderate,False,60,poisson,0,0,0,0,0.0,3,0,0,0,1,0
unequal,2,moderate,False,60,fixed,0,0,0,0,0.0,3,0,0,0,1,0
unequal,2,moderate,False,60,learned,0,0,0,0,0.0,3,0,0,0,1,0
unequal,2,moderate,True,60,poisson,0,0,0,0,0.0,3,0,0,0,1,0
unequal,2,moderate,True,60,fixed,0,0,0,0,0.0,3,0,0,0,1,0
unequal,2,moderate,True,60,learned,0,0,0,0,0.0,3,0,0,0,1,0
unequal,2,moderate,False,61,poisson,0,0,0,0,0.0,3,0,0,0,2,0
unequal,2,moderate,False,61,fixed,0,0,0,0,0.0,3,0,0,0,2,0
unequal,2,moderate,False,61,learned,0,0,0,0,0.0,3,0,0,0,2,0
unequal,2,moderate,True,61,poisson,0,0,0,0,0.0,3,0,0,0,2,0
unequal,2,moderate,True,61,fixed,0,0,0,0,0.0,3,0,0,0,2,0
unequal,2,moderate,True,61,learned,0,0,0,0,0.0,3,0,0,0,2,0
unequal,2,moderate,False,62,poisson,0,0,0,0,0.0,3,0,0,0,1,0
unequal,2,moderate,False,62,fixed,0,0,0,0,0.0,3,0,0,0,1,0
unequal,2,moderate,False,62,learned,0,0,0,0,0.0,3,0,0,0,1,0
unequal,2,moderate,True,62,poisson,0,0,0,0,0.0,3,0,0,0,1,0
unequal,2,moderate,True,62,fixed,0,0,0,0,0.0,3,0,0,0,1,0
unequal,2,moderate,True,62,learned,0,0,0,0,0.0,3,0,0,0,1,0
unequal,2,moderate,False,63,poisson,0,0,0,0,0.0,3,0,1,0,1,0
unequal,2,moderate,False,63,fixed,0,0,0,0,0.0,3,0,1,0,1,0
unequal,2,moderate,False,63,learned,0,0,0,0,0.0,3,0,1,0,1,0
unequal,2,moderate,True,63,poisson,0,0,0,0,0.0,3,0,1,0,1,0
unequal,2,moderate,True,63,fixed,0,0,0,0,0.0,3,0,1,0,1,0
unequal,2,moderate,True,63,learned,0,0,0,0,0.0,3,0,1,0,1,0
unequal,2,moderate,False,64,poisson,0,0,0,0,0.0,3,0,2,0,2,0
unequal,2,moderate,False,64,fixed,0,0,0,0,0.0,3,0,2,0,2,0
unequal,2,moderate,False,64,learned,0,0,0,0,0.0,3,0,2,0,2,0
unequal,2,moderate,True,64,poisson,0,0,0,0,0.0,3,0,2,0,2,0
unequal,2,moderate,True,64,fixed,0,0,0,0,0.0,3,0,2,0,2,0
unequal,2,moderate,True,64,learned,0,0,0,0,0.0,3,0,2,0,2,0
unequal,2,moderate,False,65,poisson,0,0,0,0,0.0,3,0,0,0,0,0
unequal,2,moderate,False,65,fixed,0,0,0,0,0.0,3,0,0,0,0,0
unequal,2,moderate,False,65,learned,0,0,0,0,0.0,3,0,0,0,0,0
unequal,2,moderate,True,65,poisson,0,0,0,0,0.0,3,0,0,0,0,0
unequal,2,moderate,True,65,fixed,0,0,0,0,0.0,3,0,0,0,0,0
unequal,2,moderate,True,65,learned,0,0,0,0,0.0,3,0,0,0,0,0
unequal,2,moderate,False,66,poisson,0,0,0,0,0.0,3,0,1,0,2,0
unequal,2,moderate,False,66,fixed,0,0,0,0,0.0,3,0,1,0,2,0
unequal,2,moderate,False,66,learned,0,0,0,0,0.0,3,0,1,0,2,0
unequal,2,moderate,True,66,poisson,0,0,0,0,0.0,3,0,1,0,2,0
unequal,2,moderate,True,66,fixed,0,0,0,0,0.0,3,0,1,0,2,0
unequal,2,moderate,True,66,learned,0,0,0,0,0.0,3,0,1,0,2,0
unequal,2,moderate,False,67,poisson,0,0,0,0,0.0,3,0,1,0,1,0
unequal,2,moderate,False,67,fixed,0,0,0,0,0.0,3,0,1,0,1,0
unequal,2,moderate,False,67,learned,0,0,0,0,0.0,3,0,1,0,1,0
unequal,2,moderate,True,67,poisson,0,0,0,0,0.0,3,0,1,0,1,0
unequal,2,moderate,True,67,fixed,0,0,0,0,0.0,3,0,1,0,1,0
unequal,2,moderate,True,67,learned,0,0,0,0,0.0,3,0,1,0,1,0
unequal,2,moderate,False,68,poisson,0,0,0,0,0.0,3,0,0,0,0,0
unequal,2,moderate,False,68,fixed,0,0,0,0,0.0,3,0,0,0,0,0
unequal,2,moderate,False,68,learned,0,0,0,0,0.0,3,0,0,0,0,0
unequal,2,moderate,True,68,poisson,0,0,0,0,0.0,3,0,0,0,0,0
unequal,2,moderate,True,68,fixed,0,0,0,0,0.0,3,0,0,0,0,0
unequal,2,moderate,True,68,learned,0,0,0,0,0.0,3,0,0,0,0,0
unequal,2,moderate,False,69,poisson,0,0,0,0,0.0,3,0,1,0,1,0
unequal,2,moderate,False,69,fixed,0,0,0,0,0.0,3,0,1,0,1,0
unequal,2,moderate,False,69,learned,0,0,0,0,0.0,3,0,1,0,1,0
unequal,2,moderate,True,69,poisson,0,0,0,0,0.0,3,0,1,0,1,0
unequal,2,moderate,True,69,fixed,0,0,0,0,0.0,3,0,1,0,1,0
unequal,2,moderate,True,69,learned,0,0,0,0,0.0,3,0,1,0,1,0
unequal,2,moderate,False,70,poisson,0,0,0,0,0.0,3,0,2,0,3,0
unequal,2,moderate,False,70,fixed,0,0,0,0,0.0,3,0,2,0,3,0
unequal,2,moderate,False,70,learned,0,0,0,0,0.0,3,0,2,0,3,0
unequal,2,moderate,True,70,poisson,0,0,0,0,0.0,3,0,2,0,3,0
unequal,2,moderate,True,70,fixed,0,0,0,0,0.0,3,0,2,0,3,0
unequal,2,moderate,True,70,learned,0,0,0,0,0.0,3,0,2,0,3,0
unequal,2,moderate,False,71,poisson,0,0,0,0,0.0,3,0,0,0,0,0
unequal,2,moderate,False,71,fixed,0,0,0,0,0.0,3,0,0,0,0,0
unequal,2,moderate,False,71,learned,0,0,0,0,0.0,3,0,0,0,0,0
unequal,2,moderate,True,71,poisson,0,0,0,0,0.0,3,0,0,0,0,0
unequal,2,moderate,True,71,fixed,0,0,0,0,0.0,3,0,0,0,0,0
unequal,2,moderate,True,71,learned,0,0,0,0,0.0,3,0,0,0,0,0
unequal,2,moderate,False,72,poisson,2,0,0,0,0.0,3,0,2,0,2,0
unequal,2,moderate,False,72,fixed,2,0,0,0,0.0,3,0,2,0,2,0
unequal,2,moderate,False,72,learned,2,0,0,0,0.0,3,0,2,0,2,0
unequal,2,moderate,True,72,poisson,2,0,0,0,0.0,3,0,2,0,2,0
unequal,2,moderate,True,72,fixed,2,0,0,0,0.0,3,0,2,0,2,0
unequal,2,moderate,True,72,learned,2,0,0,0,0.0,3,0,2,0,2,0
unequal,2,moderate,False,73,poisson,0,0,0,0,0.0,3,0,1,0,1,0
unequal,2,moderate,False,73,fixed,0,0,0,0,0.0,3,0,1,0,1,0
unequal,2,moderate,False,73,learned,0,0,0,0,0.0,3,0,1,0,1,0
unequal,2,moderate,True,73,poisson,0,0,0,0,0.0,3,0,1,0,1,0
unequal,2,moderate,True,73,fixed,0,0,0,0,0.0,3,0,1,0,1,0
unequal,2,moderate,True,73,learned,0,0,0,0,0.0,3,0,1,0,1,0
unequal,2,moderate,False,74,poisson,2,2,0,0,0.0,3,1,1,1,1,1
unequal,2,moderate,False,74,fixed,2,0,0,0,0.0,3,0,1,0,1,0
unequal,2,moderate,False,74,learned,2,0,0,0,0.0,3,0,1,0,1,0
unequal,2,moderate,True,74,poisson,2,2,0,0,0.0,3,1,1,1,1,1
unequal,2,moderate,True,74,fixed,2,0,0,0,0.0,3,0,1,0,1,0
unequal,2,moderate,True,74,learned,2,0,0,0,0.0,3,0,1,0,1,0
unequal,2,moderate,False,75,poisson,0,0,0,0,0.0,3,0,0,0,1,0
unequal,2,moderate,False,75,fixed,0,0,0,0,0.0,3,0,0,0,1,0
unequal,2,moderate,False,75,learned,0,0,0,0,0.0,3,0,0,0,1,0
unequal,2,moderate,True,75,poisson,0,0,0,0,0.0,3,0,0,0,1,0
unequal,2,moderate,True,75,fixed,0,0,0,0,0.0,3,0,0,0,1,0
unequal,2,moderate,True,75,learned,0,0,0,0,0.0,3,0,0,0,1,0
unequal,2,moderate,False,76,poisson,0,0,0,0,0.0,3,0,1,0,2,0
unequal,2,moderate,False,76,fixed,0,0,0,0,0.0,3,0,1,0,2,0
unequal,2,moderate,False,76,learned,0,0,0,0,0.0,3,0,1,0,2,0
unequal,2,moderate,True,76,poisson,0,0,0,0,0.0,3,0,1,0,2,0
unequal,2,moderate,True,76,fixed,0,0,0,0,0.0,3,0,1,0,2,0
unequal,2,moderate,True,76,learned,0,0,0,0,0.0,3,0,1,0,2,0
unequal,2,moderate,False,77,poisson,0,0,0,0,0.0,3,0,0,0,0,0
unequal,2,moderate,False,77,fixed,0,0,0,0,0.0,3,0,0,0,0,0
unequal,2,moderate,False,77,learned,0,0,0,0,0.0,3,0,0,0,0,0
unequal,2,moderate,True,77,poisson,0,0,0,0,0.0,3,0,0,0,0,0
unequal,2,moderate,True,77,fixed,0,0,0,0,0.0,3,0,0,0,0,0
unequal,2,moderate,True,77,learned,0,0,0,0,0.0,3,0,0,0,0,0
unequal,2,moderate,False,78,poisson,0,0,0,0,0.0,3,0,1,0,1,0
unequal,2,moderate,False,78,fixed,0,0,0,0,0.0,3,0,1,0,1,0
unequal,2,moderate,False,78,learned,0,0,0,0,0.0,3,0,1,0,1,0
unequal,2,moderate,True,78,poisson,0,0,0,0,0.0,3,0,1,0,1,0
unequal,2,moderate,True,78,fixed,0,0,0,0,0.0,3,0,1,0,1,0
unequal,2,moderate,True,78,learned,0,0,0,0,0.0,3,0,1,0,1,0
unequal,2,moderate,False,79,poisson,0,0,0,0,0.0,3,0,0,0,0,0
unequal,2,moderate,False,79,fixed,0,0,0,0,0.0,3,0,0,0,0,0
unequal,2,moderate,False,79,learned,0,0,0,0,0.0,3,0,0,0,0,0
unequal,2,moderate,True,79,poisson,0,0,0,0,0.0,3,0,0,0,0,0
unequal,2,moderate,True,79,fixed,0,0,0,0,0.0,3,0,0,0,0,0
unequal,2,moderate,True,79,learned,0,0,0,0,0.0,3,0,0,0,0,0
unequal,2,moderate,False,80,poisson,0,0,0,0,0.0,3,0,0,0,1,0
unequal,2,moderate,False,80,fixed,0,0,0,0,0.0,3,0,0,0,1,0
unequal,2,moderate,False,80,learned,0,0,0,0,0.0,3,0,0,0,1,0
unequal,2,moderate,True,80,poisson,0,0,0,0,0.0,3,0,0,0,1,0
unequal,2,moderate,True,80,fixed,0,0,0,0,0.0,3,0,0,0,1,0
unequal,2,moderate,True,80,learned,0,0,0,0,0.0,3,0,0,0,1,0
unequal,2,moderate,False,81,poisson,0,0,0,0,0.0,3,0,1,0,1,0
unequal,2,moderate,False,81,fixed,0,0,0,0,0.0,3,0,1,0,1,0
unequal,2,moderate,False,81,learned,0,0,0,0,0.0,3,0,1,0,1,0
unequal,2,moderate,True,81,poisson,0,0,0,0,0.0,3,0,1,0,1,0
unequal,2,moderate,True,81,fixed,0,0,0,0,0.0,3,0,1,0,1,0
unequal,2,moderate,True,81,learned,0,0,0,0,0.0,3,0,1,0,1,0
unequal,2,moderate,False,82,poisson,0,0,0,0,0.0,3,0,0,0,0,0
unequal,2,moderate,False,82,fixed,0,0,0,0,0.0,3,0,0,0,0,0
unequal,2,moderate,False,82,learned,0,0,0,0,0.0,3,0,0,0,0,0
unequal,2,moderate,True,82,poisson,0,0,0,0,0.0,3,0,0,0,0,0
unequal,2,moderate,True,82,fixed,0,0,0,0,0.0,3,0,0,0,0,0
unequal,2,moderate,True,82,learned,0,0,0,0,0.0,3,0,0,0,0,0
unequal,2,moderate,False,83,poisson,0,0,0,0,0.0,3,0,0,0,0,0
unequal,2,moderate,False,83,fixed,0,0,0,0,0.0,3,0,0,0,0,0
unequal,2,moderate,False,83,learned,0,0,0,0,0.0,3,0,0,0,0,0
unequal,2,moderate,True,83,poisson,0,0,0,0,0.0,3,0,0,0,0,0
unequal,2,moderate,True,83,fixed,0,0,0,0,0.0,3,0,0,0,0,0
unequal,2,moderate,True,83,learned,0,0,0,0,0.0,3,0,0,0,0,0
unequal,2,moderate,False,84,poisson,0,0,0,0,0.0,3,0,0,0,0,0
unequal,2,moderate,False,84,fixed,0,0,0,0,0.0,3,0,0,0,0,0
unequal,2,moderate,False,84,learned,0,0,0,0,0.0,3,0,0,0,0,0
unequal,2,moderate,True,84,poisson,0,0,0,0,0.0,3,0,0,0,0,0
unequal,2,moderate,True,84,fixed,0,0,0,0,0.0,3,0,0,0,0,0
unequal,2,moderate,True,84,learned,0,0,0,0,0.0,3,0,0,0,0,0
unequal,2,moderate,False,85,poisson,2,2,2,1,1.0,3,0,0,0,0,0
unequal,2,moderate,False,85,fixed,2,0,0,0,0.0,3,0,0,0,0,0
unequal,2,moderate,False,85,learned,2,0,0,0,0.0,3,0,0,0,0,0
unequal,2,moderate,True,85,poisson,2,2,2,1,1.0,3,0,0,0,0,0
unequal,2,moderate,True,85,fixed,2,0,0,0,0.0,3,0,0,0,0,0
unequal,2,moderate,True,85,learned,2,0,0,0,0.0,3,0,0,0,0,0
unequal,2,moderate,False,86,poisson,0,0,0,0,0.0,3,0,0,0,0,0
unequal,2,moderate,False,86,fixed,0,0,0,0,0.0,3,0,0,0,0,0
unequal,2,moderate,False,86,learned,0,0,0,0,0.0,3,0,0,0,0,0
unequal,2,moderate,True,86,poisson,0,0,0,0,0.0,3,0,0,0,0,0
unequal,2,moderate,True,86,fixed,0,0,0,0,0.0,3,0,0,0,0,0
unequal,2,moderate,True,86,learned,0,0,0,0,0.0,3,0,0,0,0,0
unequal,2,moderate,False,87,poisson,0,0,0,0,0.0,3,0,0,0,0,0
unequal,2,moderate,False,87,fixed,0,0,0,0,0.0,3,0,0,0,0,0
unequal,2,moderate,False,87,learned,0,0,0,0,0.0,3,0,0,0,0,0
unequal,2,moderate,True,87,poisson,0,0,0,0,0.0,3,0,0,0,0,0
unequal,2,moderate,True,87,fixed,0,0,0,0,0.0,3,0,0,0,0,0
unequal,2,moderate,True,87,learned,0,0,0,0,0.0,3,0,0,0,0,0
unequal,2,moderate,False,88,poisson,0,0,0,0,0.0,3,0,1,0,1,0
unequal,2,moderate,False,88,fixed,0,0,0,0,0.0,3,0,1,0,1,0
unequal,2,moderate,False,88,learned,0,0,0,0,0.0,3,0,1,0,1,0
unequal,2,moderate,True,88,poisson,0,0,0,0,0.0,3,0,1,0,1,0
unequal,2,moderate,True,88,fixed,0,0,0,0,0.0,3,0,1,0,1,0
unequal,2,moderate,True,88,learned,0,0,0,0,0.0,3,0,1,0,1,0
unequal,2,moderate,False,89,poisson,0,0,0,0,0.0,3,0,0,0,0,0
unequal,2,moderate,False,89,fixed,0,0,0,0,0.0,3,0,0,0,0,0
unequal,2,moderate,False,89,learned,0,0,0,0,0.0,3,0,0,0,0,0
unequal,2,moderate,True,89,poisson,0,0,0,0,0.0,3,0,0,0,0,0
unequal,2,moderate,True,89,fixed,0,0,0,0,0.0,3,0,0,0,0,0
unequal,2,moderate,True,89,learned,0,0,0,0,0.0,3,0,0,0,0,0
unequal,2,moderate,False,90,poisson,0,0,0,0,0.0,3,0,0,0,0,0
unequal,2,moderate,False,90,fixed,0,0,0,0,0.0,3,0,0,0,0,0
unequal,2,moderate,False,90,learned,0,0,0,0,0.0,3,0,0,0,0,0
unequal,2,moderate,True,90,poisson,0,0,0,0,0.0,3,0,0,0,0,0
unequal,2,moderate,True,90,fixed,0,0,0,0,0.0,3,0,0,0,0,0
unequal,2,moderate,True,90,learned,0,0,0,0,0.0,3,0,0,0,0,0
unequal,2,moderate,False,91,poisson,0,0,0,0,0.0,3,0,1,0,1,0
unequal,2,moderate,False,91,fixed,0,0,0,0,0.0,3,0,1,0,1,0
unequal,2,moderate,False,91,learned,0,0,0,0,0.0,3,0,1,0,1,0
unequal,2,moderate,True,91,poisson,0,0,0,0,0.0,3,0,1,0,1,0
unequal,2,moderate,True,91,fixed,0,0,0,0,0.0,3,0,1,0,1,0
unequal,2,moderate,True,91,learned,0,0,0,0,0.0,3,0,1,0,1,0
unequal,2,moderate,False,92,poisson,0,0,0,0,0.0,3,0,0,0,0,0
unequal,2,moderate,False,92,fixed,0,0,0,0,0.0,3,0,0,0,0,0
unequal,2,moderate,False,92,learned,0,0,0,0,0.0,3,0,0,0,0,0
unequal,2,moderate,True,92,poisson,0,0,0,0,0.0,3,0,0,0,0,0
unequal,2,moderate,True,92,fixed,0,0,0,0,0.0,3,0,0,0,0,0
unequal,2,moderate,True,92,learned,0,0,0,0,0.0,3,0,0,0,0,0
unequal,2,moderate,False,93,poisson,0,0,0,0,0.0,3,0,0,0,0,0
unequal,2,moderate,False,93,fixed,0,0,0,0,0.0,3,0,0,0,0,0
unequal,2,moderate,False,93,learned,0,0,0,0,0.0,3,0,0,0,0,0
unequal,2,moderate,True,93,poisson,0,0,0,0,0.0,3,0,0,0,0,0
unequal,2,moderate,True,93,fixed,0,0,0,0,0.0,3,0,0,0,0,0
unequal,2,moderate,True,93,learned,0,0,0,0,0.0,3,0,0,0,0,0
unequal,2,moderate,False,94,poisson,0,0,0,0,0.0,3,0,0,0,0,0
unequal,2,moderate,False,94,fixed,0,0,0,0,0.0,3,0,0,0,0,0
unequal,2,moderate,False,94,learned,0,0,0,0,0.0,3,0,0,0,0,0
unequal,2,moderate,True,94,poisson,0,0,0,0,0.0,3,0,0,0,0,0
unequal,2,moderate,True,94,fixed,0,0,0,0,0.0,3,0,0,0,0,0
unequal,2,moderate,True,94,learned,0,0,0,0,0.0,3,0,0,0,0,0
unequal,2,moderate,False,95,poisson,0,0,0,0,0.0,3,0,0,0,0,0
unequal,2,moderate,False,95,fixed,0,0,0,0,0.0,3,0,0,0,0,0
unequal,2,moderate,False,95,learned,0,0,0,0,0.0,3,0,0,0,0,0
unequal,2,moderate,True,95,poisson,0,0,0,0,0.0,3,0,0,0,0,0
unequal,2,moderate,True,95,fixed,0,0,0,0,0.0,3,0,0,0,0,0
unequal,2,moderate,True,95,learned,0,0,0,0,0.0,3,0,0,0,0,0
unequal,2,moderate,False,96,poisson,0,0,0,0,0.0,3,0,1,0,1,0
unequal,2,moderate,False,96,fixed,0,0,0,0,0.0,3,0,1,0,1,0
unequal,2,moderate,False,96,learned,0,0,0,0,0.0,3,0,1,0,1,0
unequal,2,moderate,True,96,poisson,0,0,0,0,0.0,3,0,1,0,1,0
unequal,2,moderate,True,96,fixed,0,0,0,0,0.0,3,0,1,0,1,0
unequal,2,moderate,True,96,learned,0,0,0,0,0.0,3,0,1,0,1,0
unequal,2,moderate,False,97,poisson,0,0,0,0,0.0,3,0,1,0,1,0
unequal,2,moderate,False,97,fixed,0,0,0,0,0.0,3,0,1,0,1,0
unequal,2,moderate,False,97,learned,0,0,0,0,0.0,3,0,1,0,1,0
unequal,2,moderate,True,97,poisson,0,0,0,0,0.0,3,0,1,0,1,0
unequal,2,moderate,True,97,fixed,0,0,0,0,0.0,3,0,1,0,1,0
unequal,2,moderate,True,97,learned,0,0,0,0,0.0,3,0,1,0,1,0
unequal,2,moderate,False,98,poisson,0,0,0,0,0.0,3,0,0,0,0,0
unequal,2,moderate,False,98,fixed,0,0,0,0,0.0,3,0,0,0,0,0
unequal,2,moderate,False,98,learned,0,0,0,0,0.0,3,0,0,0,0,0
unequal,2,moderate,True,98,poisson,0,0,0,0,0.0,3,0,0,0,0,0
unequal,2,moderate,True,98,fixed,0,0,0,0,0.0,3,0,0,0,0,0
unequal,2,moderate,True,98,learned,0,0,0,0,0.0,3,0,0,0,0,0
unequal,2,moderate,False,99,poisson,2,0,0,0,0.0,3,0,2,0,2,0
unequal,2,moderate,False,99,fixed,2,0,0,0,0.0,3,0,2,0,2,0
unequal,2,moderate,False,99,learned,2,0,0,0,0.0,3,0,2,0,2,0
unequal,2,moderate,True,99,poisson,2,0,0,0,0.0,3,0,2,0,2,0
unequal,2,moderate,True,99,fixed,2,0,0,0,0.0,3,0,2,0,2,0
unequal,2,moderate,True,99,learned,2,0,0,0,0.0,3,0,2,0,2,0
unequal,2,heterogeneous,False,0,poisson,0,0,0,0,0.0,3,0,0,0,0,0
unequal,2,heterogeneous,False,0,fixed,0,0,0,0,0.0,3,0,0,0,0,0
unequal,2,heterogeneous,False,0,learned,0,0,0,0,0.0,3,0,0,0,0,0
unequal,2,heterogeneous,True,0,poisson,0,0,0,0,0.0,3,0,0,0,0,0
unequal,2,heterogeneous,True,0,fixed,0,0,0,0,0.0,3,0,0,0,0,0
unequal,2,heterogeneous,True,0,learned,0,0,0,0,0.0,3,0,0,0,0,0
unequal,2,heterogeneous,False,1,poisson,0,0,0,0,0.0,3,0,0,0,0,0
unequal,2,heterogeneous,False,1,fixed,0,0,0,0,0.0,3,0,0,0,0,0
unequal,2,heterogeneous,False,1,learned,0,0,0,0,0.0,3,0,0,0,0,0
unequal,2,heterogeneous,True,1,poisson,0,0,0,0,0.0,3,0,0,0,0,0
unequal,2,heterogeneous,True,1,fixed,0,0,0,0,0.0,3,0,0,0,0,0
unequal,2,heterogeneous,True,1,learned,0,0,0,0,0.0,3,0,0,0,0,0
unequal,2,heterogeneous,False,2,poisson,0,0,0,0,0.0,3,0,0,0,0,0
unequal,2,heterogeneous,False,2,fixed,0,0,0,0,0.0,3,0,0,0,0,0
unequal,2,heterogeneous,False,2,learned,0,0,0,0,0.0,3,0,0,0,0,0
unequal,2,heterogeneous,True,2,poisson,0,0,0,0,0.0,3,0,0,0,0,0
unequal,2,heterogeneous,True,2,fixed,0,0,0,0,0.0,3,0,0,0,0,0
unequal,2,heterogeneous,True,2,learned,0,0,0,0,0.0,3,0,0,0,0,0
unequal,2,heterogeneous,False,3,poisson,0,0,0,0,0.0,3,0,0,0,0,0
unequal,2,heterogeneous,False,3,fixed,0,0,0,0,0.0,3,0,0,0,0,0
unequal,2,heterogeneous,False,3,learned,0,0,0,0,0.0,3,0,0,0,0,0
unequal,2,heterogeneous,True,3,poisson,0,0,0,0,0.0,3,0,0,0,0,0
unequal,2,heterogeneous,True,3,fixed,0,0,0,0,0.0,3,0,0,0,0,0
unequal,2,heterogeneous,True,3,learned,0,0,0,0,0.0,3,0,0,0,0,0
unequal,2,heterogeneous,False,4,poisson,0,0,0,0,0.0,3,0,0,0,0,0
unequal,2,heterogeneous,False,4,fixed,0,0,0,0,0.0,3,0,0,0,0,0
unequal,2,heterogeneous,False,4,learned,0,0,0,0,0.0,3,0,0,0,0,0
unequal,2,heterogeneous,True,4,poisson,0,0,0,0,0.0,3,0,0,0,0,0
unequal,2,heterogeneous,True,4,fixed,0,0,0,0,0.0,3,0,0,0,0,0
unequal,2,heterogeneous,True,4,learned,0,0,0,0,0.0,3,0,0,0,0,0
unequal,2,heterogeneous,False,5,poisson,2,0,0,0,0.0,3,0,1,0,1,0
unequal,2,heterogeneous,False,5,fixed,2,0,0,0,0.0,3,0,1,0,1,0
unequal,2,heterogeneous,False,5,learned,2,0,0,0,0.0,3,0,1,0,1,0
unequal,2,heterogeneous,True,5,poisson,2,0,0,0,0.0,3,0,1,0,1,0
unequal,2,heterogeneous,True,5,fixed,2,0,0,0,0.0,3,0,1,0,1,0
unequal,2,heterogeneous,True,5,learned,2,0,0,0,0.0,3,0,1,0,1,0
unequal,2,heterogeneous,False,6,poisson,0,0,0,0,0.0,3,0,0,0,1,0
unequal,2,heterogeneous,False,6,fixed,0,0,0,0,0.0,3,0,0,0,1,0
unequal,2,heterogeneous,False,6,learned,0,0,0,0,0.0,3,0,0,0,1,0
unequal,2,heterogeneous,True,6,poisson,0,0,0,0,0.0,3,0,0,0,1,0
unequal,2,heterogeneous,True,6,fixed,0,0,0,0,0.0,3,0,0,0,1,0
unequal,2,heterogeneous,True,6,learned,0,0,0,0,0.0,3,0,0,0,1,0
unequal,2,heterogeneous,False,7,poisson,0,0,0,0,0.0,3,0,0,0,0,0
unequal,2,heterogeneous,False,7,fixed,0,0,0,0,0.0,3,0,0,0,0,0
unequal,2,heterogeneous,False,7,learned,0,0,0,0,0.0,3,0,0,0,0,0
unequal,2,heterogeneous,True,7,poisson,0,0,0,0,0.0,3,0,0,0,0,0
unequal,2,heterogeneous,True,7,fixed,0,0,0,0,0.0,3,0,0,0,0,0
unequal,2,heterogeneous,True,7,learned,0,0,0,0,0.0,3,0,0,0,0,0
unequal,2,heterogeneous,False,8,poisson,0,0,0,0,0.0,3,0,0,0,0,0
unequal,2,heterogeneous,False,8,fixed,0,0,0,0,0.0,3,0,0,0,0,0
unequal,2,heterogeneous,False,8,learned,0,0,0,0,0.0,3,0,0,0,0,0
unequal,2,heterogeneous,True,8,poisson,0,0,0,0,0.0,3,0,0,0,0,0
unequal,2,heterogeneous,True,8,fixed,0,0,0,0,0.0,3,0,0,0,0,0
unequal,2,heterogeneous,True,8,learned,0,0,0,0,0.0,3,0,0,0,0,0
unequal,2,heterogeneous,False,9,poisson,0,0,0,0,0.0,3,0,0,0,0,0
unequal,2,heterogeneous,False,9,fixed,0,0,0,0,0.0,3,0,0,0,0,0
unequal,2,heterogeneous,False,9,learned,0,0,0,0,0.0,3,0,0,0,0,0
unequal,2,heterogeneous,True,9,poisson,0,0,0,0,0.0,3,0,0,0,0,0
unequal,2,heterogeneous,True,9,fixed,0,0,0,0,0.0,3,0,0,0,0,0
unequal,2,heterogeneous,True,9,learned,0,0,0,0,0.0,3,0,0,0,0,0
unequal,2,heterogeneous,False,10,poisson,0,0,0,0,0.0,3,0,0,0,0,0
unequal,2,heterogeneous,False,10,fixed,0,0,0,0,0.0,3,0,0,0,0,0
unequal,2,heterogeneous,False,10,learned,0,0,0,0,0.0,3,0,0,0,0,0
unequal,2,heterogeneous,True,10,poisson,0,0,0,0,0.0,3,0,0,0,0,0
unequal,2,heterogeneous,True,10,fixed,0,0,0,0,0.0,3,0,0,0,0,0
unequal,2,heterogeneous,True,10,learned,0,0,0,0,0.0,3,0,0,0,0,0
unequal,2,heterogeneous,False,11,poisson,0,0,0,0,0.0,3,0,0,0,0,0
unequal,2,heterogeneous,False,11,fixed,0,0,0,0,0.0,3,0,0,0,0,0
unequal,2,heterogeneous,False,11,learned,0,0,0,0,0.0,3,0,0,0,0,0
unequal,2,heterogeneous,True,11,poisson,0,0,0,0,0.0,3,0,0,0,0,0
unequal,2,heterogeneous,True,11,fixed,0,0,0,0,0.0,3,0,0,0,0,0
unequal,2,heterogeneous,True,11,learned,0,0,0,0,0.0,3,0,0,0,0,0
unequal,2,heterogeneous,False,12,poisson,0,0,0,0,0.0,3,0,1,0,1,0
unequal,2,heterogeneous,False,12,fixed,0,0,0,0,0.0,3,0,1,0,1,0
unequal,2,heterogeneous,False,12,learned,0,0,0,0,0.0,3,0,1,0,1,0
unequal,2,heterogeneous,True,12,poisson,0,0,0,0,0.0,3,0,1,0,1,0
unequal,2,heterogeneous,True,12,fixed,0,0,0,0,0.0,3,0,1,0,1,0
unequal,2,heterogeneous,True,12,learned,0,0,0,0,0.0,3,0,1,0,1,0
unequal,2,heterogeneous,False,13,poisson,0,0,0,0,0.0,3,0,1,0,1,0
unequal,2,heterogeneous,False,13,fixed,0,0,0,0,0.0,3,0,1,0,1,0
unequal,2,heterogeneous,False,13,learned,0,0,0,0,0.0,3,0,1,0,1,0
unequal,2,heterogeneous,True,13,poisson,0,0,0,0,0.0,3,0,1,0,1,0
unequal,2,heterogeneous,True,13,fixed,0,0,0,0,0.0,3,0,1,0,1,0
unequal,2,heterogeneous,True,13,learned,0,0,0,0,0.0,3,0,1,0,1,0
unequal,2,heterogeneous,False,14,poisson,2,0,0,0,0.0,3,0,0,0,0,0
unequal,2,heterogeneous,False,14,fixed,2,0,0,0,0.0,3,0,0,0,0,0
unequal,2,heterogeneous,False,14,learned,2,0,0,0,0.0,3,0,0,0,0,0
unequal,2,heterogeneous,True,14,poisson,2,0,0,0,0.0,3,0,0,0,0,0
unequal,2,heterogeneous,True,14,fixed,2,0,0,0,0.0,3,0,0,0,0,0
unequal,2,heterogeneous,True,14,learned,2,0,0,0,0.0,3,0,0,0,0,0
unequal,2,heterogeneous,False,15,poisson,0,0,0,0,0.0,3,0,0,0,0,0
unequal,2,heterogeneous,False,15,fixed,0,0,0,0,0.0,3,0,0,0,0,0
unequal,2,heterogeneous,False,15,learned,0,0,0,0,0.0,3,0,0,0,0,0
unequal,2,heterogeneous,True,15,poisson,0,0,0,0,0.0,3,0,0,0,0,0
unequal,2,heterogeneous,True,15,fixed,0,0,0,0,0.0,3,0,0,0,0,0
unequal,2,heterogeneous,True,15,learned,0,0,0,0,0.0,3,0,0,0,0,0
unequal,2,heterogeneous,False,16,poisson,0,0,0,0,0.0,3,0,0,0,0,0
unequal,2,heterogeneous,False,16,fixed,0,0,0,0,0.0,3,0,0,0,0,0
unequal,2,heterogeneous,False,16,learned,0,0,0,0,0.0,3,0,0,0,0,0
unequal,2,heterogeneous,True,16,poisson,0,0,0,0,0.0,3,0,0,0,0,0
unequal,2,heterogeneous,True,16,fixed,0,0,0,0,0.0,3,0,0,0,0,0
unequal,2,heterogeneous,True,16,learned,0,0,0,0,0.0,3,0,0,0,0,0
unequal,2,heterogeneous,False,17,poisson,0,0,0,0,0.0,3,0,0,0,1,0
unequal,2,heterogeneous,False,17,fixed,0,0,0,0,0.0,3,0,0,0,1,0
unequal,2,heterogeneous,False,17,learned,0,0,0,0,0.0,3,0,0,0,1,0
unequal,2,heterogeneous,True,17,poisson,0,0,0,0,0.0,3,0,0,0,1,0
unequal,2,heterogeneous,True,17,fixed,0,0,0,0,0.0,3,0,0,0,1,0
unequal,2,heterogeneous,True,17,learned,0,0,0,0,0.0,3,0,0,0,1,0
unequal,2,heterogeneous,False,18,poisson,0,0,0,0,0.0,3,0,0,0,0,0
unequal,2,heterogeneous,False,18,fixed,0,0,0,0,0.0,3,0,0,0,0,0
unequal,2,heterogeneous,False,18,learned,0,0,0,0,0.0,3,0,0,0,0,0
unequal,2,heterogeneous,True,18,poisson,0,0,0,0,0.0,3,0,0,0,0,0
unequal,2,heterogeneous,True,18,fixed,0,0,0,0,0.0,3,0,0,0,0,0
unequal,2,heterogeneous,True,18,learned,0,0,0,0,0.0,3,0,0,0,0,0
unequal,2,heterogeneous,False,19,poisson,0,0,0,0,0.0,3,0,0,0,0,0
unequal,2,heterogeneous,False,19,fixed,0,0,0,0,0.0,3,0,0,0,0,0
unequal,2,heterogeneous,False,19,learned,0,0,0,0,0.0,3,0,0,0,0,0
unequal,2,heterogeneous,True,19,poisson,0,0,0,0,0.0,3,0,0,0,0,0
unequal,2,heterogeneous,True,19,fixed,0,0,0,0,0.0,3,0,0,0,0,0
unequal,2,heterogeneous,True,19,learned,0,0,0,0,0.0,3,0,0,0,0,0
unequal,2,heterogeneous,False,20,poisson,0,0,0,0,0.0,3,0,0,0,0,0
unequal,2,heterogeneous,False,20,fixed,0,0,0,0,0.0,3,0,0,0,0,0
unequal,2,heterogeneous,False,20,learned,0,0,0,0,0.0,3,0,0,0,0,0
unequal,2,heterogeneous,True,20,poisson,0,0,0,0,0.0,3,0,0,0,0,0
unequal,2,heterogeneous,True,20,fixed,0,0,0,0,0.0,3,0,0,0,0,0
unequal,2,heterogeneous,True,20,learned,0,0,0,0,0.0,3,0,0,0,0,0
unequal,2,heterogeneous,False,21,poisson,0,0,0,0,0.0,3,0,0,0,0,0
unequal,2,heterogeneous,False,21,fixed,0,0,0,0,0.0,3,0,0,0,0,0
unequal,2,heterogeneous,False,21,learned,0,0,0,0,0.0,3,0,0,0,0,0
unequal,2,heterogeneous,True,21,poisson,0,0,0,0,0.0,3,0,0,0,0,0
unequal,2,heterogeneous,True,21,fixed,0,0,0,0,0.0,3,0,0,0,0,0
unequal,2,heterogeneous,True,21,learned,0,0,0,0,0.0,3,0,0,0,0,0
unequal,2,heterogeneous,False,22,poisson,0,0,0,0,0.0,3,0,0,0,0,0
unequal,2,heterogeneous,False,22,fixed,0,0,0,0,0.0,3,0,0,0,0,0
unequal,2,heterogeneous,False,22,learned,0,0,0,0,0.0,3,0,0,0,0,0
unequal,2,heterogeneous,True,22,poisson,0,0,0,0,0.0,3,0,0,0,0,0
unequal,2,heterogeneous,True,22,fixed,0,0,0,0,0.0,3,0,0,0,0,0
unequal,2,heterogeneous,True,22,learned,0,0,0,0,0.0,3,0,0,0,0,0
unequal,2,heterogeneous,False,23,poisson,0,0,0,0,0.0,3,0,0,0,0,0
unequal,2,heterogeneous,False,23,fixed,0,0,0,0,0.0,3,0,0,0,0,0
unequal,2,heterogeneous,False,23,learned,0,0,0,0,0.0,3,0,0,0,0,0
unequal,2,heterogeneous,True,23,poisson,0,0,0,0,0.0,3,0,0,0,0,0
unequal,2,heterogeneous,True,23,fixed,0,0,0,0,0.0,3,0,0,0,0,0
unequal,2,heterogeneous,True,23,learned,0,0,0,0,0.0,3,0,0,0,0,0
unequal,2,heterogeneous,False,24,poisson,2,0,0,0,0.0,3,0,0,0,0,0
unequal,2,heterogeneous,False,24,fixed,2,0,0,0,0.0,3,0,0,0,0,0
unequal,2,heterogeneous,False,24,learned,2,0,0,0,0.0,3,0,0,0,0,0
unequal,2,heterogeneous,True,24,poisson,2,0,0,0,0.0,3,0,0,0,0,0
unequal,2,heterogeneous,True,24,fixed,2,0,0,0,0.0,3,0,0,0,0,0
unequal,2,heterogeneous,True,24,learned,2,0,0,0,0.0,3,0,0,0,0,0
unequal,2,heterogeneous,False,25,poisson,0,0,0,0,0.0,3,0,0,0,0,0
unequal,2,heterogeneous,False,25,fixed,0,0,0,0,0.0,3,0,0,0,0,0
unequal,2,heterogeneous,False,25,learned,0,0,0,0,0.0,3,0,0,0,0,0
unequal,2,heterogeneous,True,25,poisson,0,0,0,0,0.0,3,0,0,0,0,0
unequal,2,heterogeneous,True,25,fixed,0,0,0,0,0.0,3,0,0,0,0,0
unequal,2,heterogeneous,True,25,learned,0,0,0,0,0.0,3,0,0,0,0,0
unequal,2,heterogeneous,False,26,poisson,0,0,0,0,0.0,3,0,0,0,0,0
unequal,2,heterogeneous,False,26,fixed,0,0,0,0,0.0,3,0,0,0,0,0
unequal,2,heterogeneous,False,26,learned,0,0,0,0,0.0,3,0,0,0,0,0
unequal,2,heterogeneous,True,26,poisson,0,0,0,0,0.0,3,0,0,0,0,0
unequal,2,heterogeneous,True,26,fixed,0,0,0,0,0.0,3,0,0,0,0,0
unequal,2,heterogeneous,True,26,learned,0,0,0,0,0.0,3,0,0,0,0,0
unequal,2,heterogeneous,False,27,poisson,0,0,0,0,0.0,3,0,0,0,0,0
unequal,2,heterogeneous,False,27,fixed,0,0,0,0,0.0,3,0,0,0,0,0
unequal,2,heterogeneous,False,27,learned,0,0,0,0,0.0,3,0,0,0,0,0
unequal,2,heterogeneous,True,27,poisson,0,0,0,0,0.0,3,0,0,0,0,0
unequal,2,heterogeneous,True,27,fixed,0,0,0,0,0.0,3,0,0,0,0,0
unequal,2,heterogeneous,True,27,learned,0,0,0,0,0.0,3,0,0,0,0,0
unequal,2,heterogeneous,False,28,poisson,0,0,0,0,0.0,3,0,0,0,0,0
unequal,2,heterogeneous,False,28,fixed,0,0,0,0,0.0,3,0,0,0,0,0
unequal,2,heterogeneous,False,28,learned,0,0,0,0,0.0,3,0,0,0,0,0
unequal,2,heterogeneous,True,28,poisson,0,0,0,0,0.0,3,0,0,0,0,0
unequal,2,heterogeneous,True,28,fixed,0,0,0,0,0.0,3,0,0,0,0,0
unequal,2,heterogeneous,True,28,learned,0,0,0,0,0.0,3,0,0,0,0,0
unequal,2,heterogeneous,False,29,poisson,0,0,0,0,0.0,3,0,0,0,0,0
unequal,2,heterogeneous,False,29,fixed,0,0,0,0,0.0,3,0,0,0,0,0
unequal,2,heterogeneous,False,29,learned,0,0,0,0,0.0,3,0,0,0,0,0
unequal,2,heterogeneous,True,29,poisson,0,0,0,0,0.0,3,0,0,0,0,0
unequal,2,heterogeneous,True,29,fixed,0,0,0,0,0.0,3,0,0,0,0,0
unequal,2,heterogeneous,True,29,learned,0,0,0,0,0.0,3,0,0,0,0,0
unequal,2,heterogeneous,False,30,poisson,0,0,0,0,0.0,3,0,0,0,0,0
unequal,2,heterogeneous,False,30,fixed,0,0,0,0,0.0,3,0,0,0,0,0
unequal,2,heterogeneous,False,30,learned,0,0,0,0,0.0,3,0,0,0,0,0
unequal,2,heterogeneous,True,30,poisson,0,0,0,0,0.0,3,0,0,0,0,0
unequal,2,heterogeneous,True,30,fixed,0,0,0,0,0.0,3,0,0,0,0,0
unequal,2,heterogeneous,True,30,learned,0,0,0,0,0.0,3,0,0,0,0,0
unequal,2,heterogeneous,False,31,poisson,2,0,0,0,0.0,3,0,1,0,1,0
unequal,2,heterogeneous,False,31,fixed,2,0,0,0,0.0,3,0,1,0,1,0
unequal,2,heterogeneous,False,31,learned,2,0,0,0,0.0,3,0,1,0,1,0
unequal,2,heterogeneous,True,31,poisson,2,0,0,0,0.0,3,0,1,0,1,0
unequal,2,heterogeneous,True,31,fixed,2,0,0,0,0.0,3,0,1,0,1,0
unequal,2,heterogeneous,True,31,learned,2,0,0,0,0.0,3,0,1,0,1,0
unequal,2,heterogeneous,False,32,poisson,0,0,0,0,0.0,3,0,0,0,0,0
unequal,2,heterogeneous,False,32,fixed,0,0,0,0,0.0,3,0,0,0,0,0
unequal,2,heterogeneous,False,32,learned,0,0,0,0,0.0,3,0,0,0,0,0
unequal,2,heterogeneous,True,32,poisson,0,0,0,0,0.0,3,0,0,0,0,0
unequal,2,heterogeneous,True,32,fixed,0,0,0,0,0.0,3,0,0,0,0,0
unequal,2,heterogeneous,True,32,learned,0,0,0,0,0.0,3,0,0,0,0,0
unequal,2,heterogeneous,False,33,poisson,0,0,0,0,0.0,3,0,0,0,0,0
unequal,2,heterogeneous,False,33,fixed,0,0,0,0,0.0,3,0,0,0,0,0
unequal,2,heterogeneous,False,33,learned,0,0,0,0,0.0,3,0,0,0,0,0
unequal,2,heterogeneous,True,33,poisson,0,0,0,0,0.0,3,0,0,0,0,0
unequal,2,heterogeneous,True,33,fixed,0,0,0,0,0.0,3,0,0,0,0,0
unequal,2,heterogeneous,True,33,learned,0,0,0,0,0.0,3,0,0,0,0,0
unequal,2,heterogeneous,False,34,poisson,0,0,0,0,0.0,3,0,1,0,1,0
unequal,2,heterogeneous,False,34,fixed,0,0,0,0,0.0,3,0,1,0,1,0
unequal,2,heterogeneous,False,34,learned,0,0,0,0,0.0,3,0,1,0,1,0
unequal,2,heterogeneous,True,34,poisson,0,0,0,0,0.0,3,0,1,0,1,0
unequal,2,heterogeneous,True,34,fixed,0,0,0,0,0.0,3,0,1,0,1,0
unequal,2,heterogeneous,True,34,learned,0,0,0,0,0.0,3,0,1,0,1,0
unequal,2,heterogeneous,False,35,poisson,0,0,0,0,0.0,3,0,0,0,0,0
unequal,2,heterogeneous,False,35,fixed,0,0,0,0,0.0,3,0,0,0,0,0
unequal,2,heterogeneous,False,35,learned,0,0,0,0,0.0,3,0,0,0,0,0
unequal,2,heterogeneous,True,35,poisson,0,0,0,0,0.0,3,0,0,0,0,0
unequal,2,heterogeneous,True,35,fixed,0,0,0,0,0.0,3,0,0,0,0,0
unequal,2,heterogeneous,True,35,learned,0,0,0,0,0.0,3,0,0,0,0,0
unequal,2,heterogeneous,False,36,poisson,0,0,0,0,0.0,3,0,0,0,0,0
unequal,2,heterogeneous,False,36,fixed,0,0,0,0,0.0,3,0,0,0,0,0
unequal,2,heterogeneous,False,36,learned,0,0,0,0,0.0,3,0,0,0,0,0
unequal,2,heterogeneous,True,36,poisson,0,0,0,0,0.0,3,0,0,0,0,0
unequal,2,heterogeneous,True,36,fixed,0,0,0,0,0.0,3,0,0,0,0,0
unequal,2,heterogeneous,True,36,learned,0,0,0,0,0.0,3,0,0,0,0,0
unequal,2,heterogeneous,False,37,poisson,0,0,0,0,0.0,3,0,0,0,0,0
unequal,2,heterogeneous,False,37,fixed,0,0,0,0,0.0,3,0,0,0,0,0
unequal,2,heterogeneous,False,37,learned,0,0,0,0,0.0,3,0,0,0,0,0
unequal,2,heterogeneous,True,37,poisson,0,0,0,0,0.0,3,0,0,0,0,0
unequal,2,heterogeneous,True,37,fixed,0,0,0,0,0.0,3,0,0,0,0,0
unequal,2,heterogeneous,True,37,learned,0,0,0,0,0.0,3,0,0,0,0,0
unequal,2,heterogeneous,False,38,poisson,0,0,0,0,0.0,3,0,0,0,0,0
unequal,2,heterogeneous,False,38,fixed,0,0,0,0,0.0,3,0,0,0,0,0
unequal,2,heterogeneous,False,38,learned,0,0,0,0,0.0,3,0,0,0,0,0
unequal,2,heterogeneous,True,38,poisson,0,0,0,0,0.0,3,0,0,0,0,0
unequal,2,heterogeneous,True,38,fixed,0,0,0,0,0.0,3,0,0,0,0,0
unequal,2,heterogeneous,True,38,learned,0,0,0,0,0.0,3,0,0,0,0,0
unequal,2,heterogeneous,False,39,poisson,0,0,0,0,0.0,3,0,0,0,0,0
unequal,2,heterogeneous,False,39,fixed,0,0,0,0,0.0,3,0,0,0,0,0
unequal,2,heterogeneous,False,39,learned,0,0,0,0,0.0,3,0,0,0,0,0
unequal,2,heterogeneous,True,39,poisson,0,0,0,0,0.0,3,0,0,0,0,0
unequal,2,heterogeneous,True,39,fixed,0,0,0,0,0.0,3,0,0,0,0,0
unequal,2,heterogeneous,True,39,learned,0,0,0,0,0.0,3,0,0,0,0,0
unequal,2,heterogeneous,False,40,poisson,0,0,0,0,0.0,3,0,0,0,0,0
unequal,2,heterogeneous,False,40,fixed,0,0,0,0,0.0,3,0,0,0,0,0
unequal,2,heterogeneous,False,40,learned,0,0,0,0,0.0,3,0,0,0,0,0
unequal,2,heterogeneous,True,40,poisson,0,0,0,0,0.0,3,0,0,0,0,0
unequal,2,heterogeneous,True,40,fixed,0,0,0,0,0.0,3,0,0,0,0,0
unequal,2,heterogeneous,True,40,learned,0,0,0,0,0.0,3,0,0,0,0,0
unequal,2,heterogeneous,False,41,poisson,0,0,0,0,0.0,3,0,0,0,0,0
unequal,2,heterogeneous,False,41,fixed,0,0,0,0,0.0,3,0,0,0,0,0
unequal,2,heterogeneous,False,41,learned,0,0,0,0,0.0,3,0,0,0,0,0
unequal,2,heterogeneous,True,41,poisson,0,0,0,0,0.0,3,0,0,0,0,0
unequal,2,heterogeneous,True,41,fixed,0,0,0,0,0.0,3,0,0,0,0,0
unequal,2,heterogeneous,True,41,learned,0,0,0,0,0.0,3,0,0,0,0,0
unequal,2,heterogeneous,False,42,poisson,0,0,0,0,0.0,3,0,0,0,0,0
unequal,2,heterogeneous,False,42,fixed,0,0,0,0,0.0,3,0,0,0,0,0
unequal,2,heterogeneous,False,42,learned,0,0,0,0,0.0,3,0,0,0,0,0
unequal,2,heterogeneous,True,42,poisson,0,0,0,0,0.0,3,0,0,0,0,0
unequal,2,heterogeneous,True,42,fixed,0,0,0,0,0.0,3,0,0,0,0,0
unequal,2,heterogeneous,True,42,learned,0,0,0,0,0.0,3,0,0,0,0,0
unequal,2,heterogeneous,False,43,poisson,0,0,0,0,0.0,3,0,0,0,0,0
unequal,2,heterogeneous,False,43,fixed,0,0,0,0,0.0,3,0,0,0,0,0
unequal,2,heterogeneous,False,43,learned,0,0,0,0,0.0,3,0,0,0,0,0
unequal,2,heterogeneous,True,43,poisson,0,0,0,0,0.0,3,0,0,0,0,0
unequal,2,heterogeneous,True,43,fixed,0,0,0,0,0.0,3,0,0,0,0,0
unequal,2,heterogeneous,True,43,learned,0,0,0,0,0.0,3,0,0,0,0,0
unequal,2,heterogeneous,False,44,poisson,0,0,0,0,0.0,3,0,0,0,0,0
unequal,2,heterogeneous,False,44,fixed,0,0,0,0,0.0,3,0,0,0,0,0
unequal,2,heterogeneous,False,44,learned,0,0,0,0,0.0,3,0,0,0,0,0
unequal,2,heterogeneous,True,44,poisson,0,0,0,0,0.0,3,0,0,0,0,0
unequal,2,heterogeneous,True,44,fixed,0,0,0,0,0.0,3,0,0,0,0,0
unequal,2,heterogeneous,True,44,learned,0,0,0,0,0.0,3,0,0,0,0,0
unequal,2,heterogeneous,False,45,poisson,0,0,0,0,0.0,3,0,0,0,0,0
unequal,2,heterogeneous,False,45,fixed,0,0,0,0,0.0,3,0,0,0,0,0
unequal,2,heterogeneous,False,45,learned,0,0,0,0,0.0,3,0,0,0,0,0
unequal,2,heterogeneous,True,45,poisson,0,0,0,0,0.0,3,0,0,0,0,0
unequal,2,heterogeneous,True,45,fixed,0,0,0,0,0.0,3,0,0,0,0,0
unequal,2,heterogeneous,True,45,learned,0,0,0,0,0.0,3,0,0,0,0,0
unequal,2,heterogeneous,False,46,poisson,0,0,0,0,0.0,3,0,0,0,0,0
unequal,2,heterogeneous,False,46,fixed,0,0,0,0,0.0,3,0,0,0,0,0
unequal,2,heterogeneous,False,46,learned,0,0,0,0,0.0,3,0,0,0,0,0
unequal,2,heterogeneous,True,46,poisson,0,0,0,0,0.0,3,0,0,0,0,0
unequal,2,heterogeneous,True,46,fixed,0,0,0,0,0.0,3,0,0,0,0,0
unequal,2,heterogeneous,True,46,learned,0,0,0,0,0.0,3,0,0,0,0,0
unequal,2,heterogeneous,False,47,poisson,0,0,0,0,0.0,3,0,0,0,0,0
unequal,2,heterogeneous,False,47,fixed,0,0,0,0,0.0,3,0,0,0,0,0
unequal,2,heterogeneous,False,47,learned,0,0,0,0,0.0,3,0,0,0,0,0
unequal,2,heterogeneous,True,47,poisson,0,0,0,0,0.0,3,0,0,0,0,0
unequal,2,heterogeneous,True,47,fixed,0,0,0,0,0.0,3,0,0,0,0,0
unequal,2,heterogeneous,True,47,learned,0,0,0,0,0.0,3,0,0,0,0,0
unequal,2,heterogeneous,False,48,poisson,0,0,0,0,0.0,3,0,0,0,0,0
unequal,2,heterogeneous,False,48,fixed,0,0,0,0,0.0,3,0,0,0,0,0
unequal,2,heterogeneous,False,48,learned,0,0,0,0,0.0,3,0,0,0,0,0
unequal,2,heterogeneous,True,48,poisson,0,0,0,0,0.0,3,0,0,0,0,0
unequal,2,heterogeneous,True,48,fixed,0,0,0,0,0.0,3,0,0,0,0,0
unequal,2,heterogeneous,True,48,learned,0,0,0,0,0.0,3,0,0,0,0,0
unequal,2,heterogeneous,False,49,poisson,2,2,0,0,0.0,3,1,1,1,1,1
unequal,2,heterogeneous,False,49,fixed,2,0,0,0,0.0,3,0,1,0,1,0
unequal,2,heterogeneous,False,49,learned,2,0,0,0,0.0,3,0,1,0,1,0
unequal,2,heterogeneous,True,49,poisson,2,2,0,0,0.0,3,1,1,1,1,1
unequal,2,heterogeneous,True,49,fixed,2,0,0,0,0.0,3,0,1,0,1,0
unequal,2,heterogeneous,True,49,learned,2,0,0,0,0.0,3,0,1,0,1,0
unequal,2,heterogeneous,False,50,poisson,0,0,0,0,0.0,3,0,0,0,0,0
unequal,2,heterogeneous,False,50,fixed,0,0,0,0,0.0,3,0,0,0,0,0
unequal,2,heterogeneous,False,50,learned,0,0,0,0,0.0,3,0,0,0,0,0
unequal,2,heterogeneous,True,50,poisson,0,0,0,0,0.0,3,0,0,0,0,0
unequal,2,heterogeneous,True,50,fixed,0,0,0,0,0.0,3,0,0,0,0,0
unequal,2,heterogeneous,True,50,learned,0,0,0,0,0.0,3,0,0,0,0,0
unequal,2,heterogeneous,False,51,poisson,0,0,0,0,0.0,3,0,0,0,0,0
unequal,2,heterogeneous,False,51,fixed,0,0,0,0,0.0,3,0,0,0,0,0
unequal,2,heterogeneous,False,51,learned,0,0,0,0,0.0,3,0,0,0,0,0
unequal,2,heterogeneous,True,51,poisson,0,0,0,0,0.0,3,0,0,0,0,0
unequal,2,heterogeneous,True,51,fixed,0,0,0,0,0.0,3,0,0,0,0,0
unequal,2,heterogeneous,True,51,learned,0,0,0,0,0.0,3,0,0,0,0,0
unequal,2,heterogeneous,False,52,poisson,2,0,0,0,0.0,3,0,0,0,0,0
unequal,2,heterogeneous,False,52,fixed,2,0,0,0,0.0,3,0,0,0,0,0
unequal,2,heterogeneous,False,52,learned,2,0,0,0,0.0,3,0,0,0,0,0
unequal,2,heterogeneous,True,52,poisson,2,0,0,0,0.0,3,0,0,0,0,0
unequal,2,heterogeneous,True,52,fixed,2,0,0,0,0.0,3,0,0,0,0,0
unequal,2,heterogeneous,True,52,learned,2,0,0,0,0.0,3,0,0,0,0,0
unequal,2,heterogeneous,False,53,poisson,2,0,0,0,0.0,3,0,1,0,1,0
unequal,2,heterogeneous,False,53,fixed,2,0,0,0,0.0,3,0,1,0,1,0
unequal,2,heterogeneous,False,53,learned,2,0,0,0,0.0,3,0,1,0,1,0
unequal,2,heterogeneous,True,53,poisson,2,0,0,0,0.0,3,0,1,0,1,0
unequal,2,heterogeneous,True,53,fixed,2,0,0,0,0.0,3,0,1,0,1,0
unequal,2,heterogeneous,True,53,learned,2,0,0,0,0.0,3,0,1,0,1,0
unequal,2,heterogeneous,False,54,poisson,0,0,0,0,0.0,3,0,0,0,0,0
unequal,2,heterogeneous,False,54,fixed,0,0,0,0,0.0,3,0,0,0,0,0
unequal,2,heterogeneous,False,54,learned,0,0,0,0,0.0,3,0,0,0,0,0
unequal,2,heterogeneous,True,54,poisson,0,0,0,0,0.0,3,0,0,0,0,0
unequal,2,heterogeneous,True,54,fixed,0,0,0,0,0.0,3,0,0,0,0,0
unequal,2,heterogeneous,True,54,learned,0,0,0,0,0.0,3,0,0,0,0,0
unequal,2,heterogeneous,False,55,poisson,0,0,0,0,0.0,3,0,0,0,0,0
unequal,2,heterogeneous,False,55,fixed,0,0,0,0,0.0,3,0,0,0,0,0
unequal,2,heterogeneous,False,55,learned,0,0,0,0,0.0,3,0,0,0,0,0
unequal,2,heterogeneous,True,55,poisson,0,0,0,0,0.0,3,0,0,0,0,0
unequal,2,heterogeneous,True,55,fixed,0,0,0,0,0.0,3,0,0,0,0,0
unequal,2,heterogeneous,True,55,learned,0,0,0,0,0.0,3,0,0,0,0,0
unequal,2,heterogeneous,False,56,poisson,2,0,0,0,0.0,3,0,0,0,0,0
unequal,2,heterogeneous,False,56,fixed,2,0,0,0,0.0,3,0,0,0,0,0
unequal,2,heterogeneous,False,56,learned,2,0,0,0,0.0,3,0,0,0,0,0
unequal,2,heterogeneous,True,56,poisson,2,0,0,0,0.0,3,0,0,0,0,0
unequal,2,heterogeneous,True,56,fixed,2,0,0,0,0.0,3,0,0,0,0,0
unequal,2,heterogeneous,True,56,learned,2,0,0,0,0.0,3,0,0,0,0,0
unequal,2,heterogeneous,False,57,poisson,0,0,0,0,0.0,3,0,0,0,0,0
unequal,2,heterogeneous,False,57,fixed,0,0,0,0,0.0,3,0,0,0,0,0
unequal,2,heterogeneous,False,57,learned,0,0,0,0,0.0,3,0,0,0,0,0
unequal,2,heterogeneous,True,57,poisson,0,0,0,0,0.0,3,0,0,0,0,0
unequal,2,heterogeneous,True,57,fixed,0,0,0,0,0.0,3,0,0,0,0,0
unequal,2,heterogeneous,True,57,learned,0,0,0,0,0.0,3,0,0,0,0,0
unequal,2,heterogeneous,False,58,poisson,0,0,0,0,0.0,3,0,0,0,0,0
unequal,2,heterogeneous,False,58,fixed,0,0,0,0,0.0,3,0,0,0,0,0
unequal,2,heterogeneous,False,58,learned,0,0,0,0,0.0,3,0,0,0,0,0
unequal,2,heterogeneous,True,58,poisson,0,0,0,0,0.0,3,0,0,0,0,0
unequal,2,heterogeneous,True,58,fixed,0,0,0,0,0.0,3,0,0,0,0,0
unequal,2,heterogeneous,True,58,learned,0,0,0,0,0.0,3,0,0,0,0,0
unequal,2,heterogeneous,False,59,poisson,0,0,0,0,0.0,3,0,0,0,0,0
unequal,2,heterogeneous,False,59,fixed,0,0,0,0,0.0,3,0,0,0,0,0
unequal,2,heterogeneous,False,59,learned,0,0,0,0,0.0,3,0,0,0,0,0
unequal,2,heterogeneous,True,59,poisson,0,0,0,0,0.0,3,0,0,0,0,0
unequal,2,heterogeneous,True,59,fixed,0,0,0,0,0.0,3,0,0,0,0,0
unequal,2,heterogeneous,True,59,learned,0,0,0,0,0.0,3,0,0,0,0,0
unequal,2,heterogeneous,False,60,poisson,0,0,0,0,0.0,3,0,0,0,0,0
unequal,2,heterogeneous,False,60,fixed,0,0,0,0,0.0,3,0,0,0,0,0
unequal,2,heterogeneous,False,60,learned,0,0,0,0,0.0,3,0,0,0,0,0
unequal,2,heterogeneous,True,60,poisson,0,0,0,0,0.0,3,0,0,0,0,0
unequal,2,heterogeneous,True,60,fixed,0,0,0,0,0.0,3,0,0,0,0,0
unequal,2,heterogeneous,True,60,learned,0,0,0,0,0.0,3,0,0,0,0,0
unequal,2,heterogeneous,False,61,poisson,0,0,0,0,0.0,3,0,0,0,0,0
unequal,2,heterogeneous,False,61,fixed,0,0,0,0,0.0,3,0,0,0,0,0
unequal,2,heterogeneous,False,61,learned,0,0,0,0,0.0,3,0,0,0,0,0
unequal,2,heterogeneous,True,61,poisson,0,0,0,0,0.0,3,0,0,0,0,0
unequal,2,heterogeneous,True,61,fixed,0,0,0,0,0.0,3,0,0,0,0,0
unequal,2,heterogeneous,True,61,learned,0,0,0,0,0.0,3,0,0,0,0,0
unequal,2,heterogeneous,False,62,poisson,0,0,0,0,0.0,3,0,0,0,0,0
unequal,2,heterogeneous,False,62,fixed,0,0,0,0,0.0,3,0,0,0,0,0
unequal,2,heterogeneous,False,62,learned,0,0,0,0,0.0,3,0,0,0,0,0
unequal,2,heterogeneous,True,62,poisson,0,0,0,0,0.0,3,0,0,0,0,0
unequal,2,heterogeneous,True,62,fixed,0,0,0,0,0.0,3,0,0,0,0,0
unequal,2,heterogeneous,True,62,learned,0,0,0,0,0.0,3,0,0,0,0,0
unequal,2,heterogeneous,False,63,poisson,0,0,0,0,0.0,3,0,0,0,0,0
unequal,2,heterogeneous,False,63,fixed,0,0,0,0,0.0,3,0,0,0,0,0
unequal,2,heterogeneous,False,63,learned,0,0,0,0,0.0,3,0,0,0,0,0
unequal,2,heterogeneous,True,63,poisson,0,0,0,0,0.0,3,0,0,0,0,0
unequal,2,heterogeneous,True,63,fixed,0,0,0,0,0.0,3,0,0,0,0,0
unequal,2,heterogeneous,True,63,learned,0,0,0,0,0.0,3,0,0,0,0,0
unequal,2,heterogeneous,False,64,poisson,0,0,0,0,0.0,3,0,0,0,0,0
unequal,2,heterogeneous,False,64,fixed,0,0,0,0,0.0,3,0,0,0,0,0
unequal,2,heterogeneous,False,64,learned,0,0,0,0,0.0,3,0,0,0,0,0
unequal,2,heterogeneous,True,64,poisson,0,0,0,0,0.0,3,0,0,0,0,0
unequal,2,heterogeneous,True,64,fixed,0,0,0,0,0.0,3,0,0,0,0,0
unequal,2,heterogeneous,True,64,learned,0,0,0,0,0.0,3,0,0,0,0,0
unequal,2,heterogeneous,False,65,poisson,0,0,0,0,0.0,3,0,0,0,0,0
unequal,2,heterogeneous,False,65,fixed,0,0,0,0,0.0,3,0,0,0,0,0
unequal,2,heterogeneous,False,65,learned,0,0,0,0,0.0,3,0,0,0,0,0
unequal,2,heterogeneous,True,65,poisson,0,0,0,0,0.0,3,0,0,0,0,0
unequal,2,heterogeneous,True,65,fixed,0,0,0,0,0.0,3,0,0,0,0,0
unequal,2,heterogeneous,True,65,learned,0,0,0,0,0.0,3,0,0,0,0,0
unequal,2,heterogeneous,False,66,poisson,0,0,0,0,0.0,3,0,0,0,0,0
unequal,2,heterogeneous,False,66,fixed,0,0,0,0,0.0,3,0,0,0,0,0
unequal,2,heterogeneous,False,66,learned,0,0,0,0,0.0,3,0,0,0,0,0
unequal,2,heterogeneous,True,66,poisson,0,0,0,0,0.0,3,0,0,0,0,0
unequal,2,heterogeneous,True,66,fixed,0,0,0,0,0.0,3,0,0,0,0,0
unequal,2,heterogeneous,True,66,learned,0,0,0,0,0.0,3,0,0,0,0,0
unequal,2,heterogeneous,False,67,poisson,0,0,0,0,0.0,3,0,0,0,0,0
unequal,2,heterogeneous,False,67,fixed,0,0,0,0,0.0,3,0,0,0,0,0
unequal,2,heterogeneous,False,67,learned,0,0,0,0,0.0,3,0,0,0,0,0
unequal,2,heterogeneous,True,67,poisson,0,0,0,0,0.0,3,0,0,0,0,0
unequal,2,heterogeneous,True,67,fixed,0,0,0,0,0.0,3,0,0,0,0,0
unequal,2,heterogeneous,True,67,learned,0,0,0,0,0.0,3,0,0,0,0,0
unequal,2,heterogeneous,False,68,poisson,2,0,0,0,0.0,3,0,0,0,0,0
unequal,2,heterogeneous,False,68,fixed,2,0,0,0,0.0,3,0,0,0,0,0
unequal,2,heterogeneous,False,68,learned,2,0,0,0,0.0,3,0,0,0,0,0
unequal,2,heterogeneous,True,68,poisson,2,0,0,0,0.0,3,0,0,0,0,0
unequal,2,heterogeneous,True,68,fixed,2,0,0,0,0.0,3,0,0,0,0,0
unequal,2,heterogeneous,True,68,learned,2,0,0,0,0.0,3,0,0,0,0,0
unequal,2,heterogeneous,False,69,poisson,0,0,0,0,0.0,3,0,0,0,0,0
unequal,2,heterogeneous,False,69,fixed,0,0,0,0,0.0,3,0,0,0,0,0
unequal,2,heterogeneous,False,69,learned,0,0,0,0,0.0,3,0,0,0,0,0
unequal,2,heterogeneous,True,69,poisson,0,0,0,0,0.0,3,0,0,0,0,0
unequal,2,heterogeneous,True,69,fixed,0,0,0,0,0.0,3,0,0,0,0,0
unequal,2,heterogeneous,True,69,learned,0,0,0,0,0.0,3,0,0,0,0,0
unequal,2,heterogeneous,False,70,poisson,0,0,0,0,0.0,3,0,0,0,0,0
unequal,2,heterogeneous,False,70,fixed,0,0,0,0,0.0,3,0,0,0,0,0
unequal,2,heterogeneous,False,70,learned,0,0,0,0,0.0,3,0,0,0,0,0
unequal,2,heterogeneous,True,70,poisson,0,0,0,0,0.0,3,0,0,0,0,0
unequal,2,heterogeneous,True,70,fixed,0,0,0,0,0.0,3,0,0,0,0,0
unequal,2,heterogeneous,True,70,learned,0,0,0,0,0.0,3,0,0,0,0,0
unequal,2,heterogeneous,False,71,poisson,0,0,0,0,0.0,3,0,1,0,1,0
unequal,2,heterogeneous,False,71,fixed,0,0,0,0,0.0,3,0,1,0,1,0
unequal,2,heterogeneous,False,71,learned,0,0,0,0,0.0,3,0,1,0,1,0
unequal,2,heterogeneous,True,71,poisson,0,0,0,0,0.0,3,0,1,0,1,0
unequal,2,heterogeneous,True,71,fixed,0,0,0,0,0.0,3,0,1,0,1,0
unequal,2,heterogeneous,True,71,learned,0,0,0,0,0.0,3,0,1,0,1,0
unequal,2,heterogeneous,False,72,poisson,0,0,0,0,0.0,3,0,0,0,0,0
unequal,2,heterogeneous,False,72,fixed,0,0,0,0,0.0,3,0,0,0,0,0
unequal,2,heterogeneous,False,72,learned,0,0,0,0,0.0,3,0,0,0,0,0
unequal,2,heterogeneous,True,72,poisson,0,0,0,0,0.0,3,0,0,0,0,0
unequal,2,heterogeneous,True,72,fixed,0,0,0,0,0.0,3,0,0,0,0,0
unequal,2,heterogeneous,True,72,learned,0,0,0,0,0.0,3,0,0,0,0,0
unequal,2,heterogeneous,False,73,poisson,0,0,0,0,0.0,3,0,0,0,0,0
unequal,2,heterogeneous,False,73,fixed,0,0,0,0,0.0,3,0,0,0,0,0
unequal,2,heterogeneous,False,73,learned,0,0,0,0,0.0,3,0,0,0,0,0
unequal,2,heterogeneous,True,73,poisson,0,0,0,0,0.0,3,0,0,0,0,0
unequal,2,heterogeneous,True,73,fixed,0,0,0,0,0.0,3,0,0,0,0,0
unequal,2,heterogeneous,True,73,learned,0,0,0,0,0.0,3,0,0,0,0,0
unequal,2,heterogeneous,False,74,poisson,0,0,0,0,0.0,3,0,1,0,1,0
unequal,2,heterogeneous,False,74,fixed,0,0,0,0,0.0,3,0,1,0,1,0
unequal,2,heterogeneous,False,74,learned,0,0,0,0,0.0,3,0,1,0,1,0
unequal,2,heterogeneous,True,74,poisson,0,0,0,0,0.0,3,0,1,0,1,0
unequal,2,heterogeneous,True,74,fixed,0,0,0,0,0.0,3,0,1,0,1,0
unequal,2,heterogeneous,True,74,learned,0,0,0,0,0.0,3,0,1,0,1,0
unequal,2,heterogeneous,False,75,poisson,0,0,0,0,0.0,3,0,0,0,0,0
unequal,2,heterogeneous,False,75,fixed,0,0,0,0,0.0,3,0,0,0,0,0
unequal,2,heterogeneous,False,75,learned,0,0,0,0,0.0,3,0,0,0,0,0
unequal,2,heterogeneous,True,75,poisson,0,0,0,0,0.0,3,0,0,0,0,0
unequal,2,heterogeneous,True,75,fixed,0,0,0,0,0.0,3,0,0,0,0,0
unequal,2,heterogeneous,True,75,learned,0,0,0,0,0.0,3,0,0,0,0,0
unequal,2,heterogeneous,False,76,poisson,0,0,0,0,0.0,3,0,1,0,1,0
unequal,2,heterogeneous,False,76,fixed,0,0,0,0,0.0,3,0,1,0,1,0
unequal,2,heterogeneous,False,76,learned,0,0,0,0,0.0,3,0,1,0,1,0
unequal,2,heterogeneous,True,76,poisson,0,0,0,0,0.0,3,0,1,0,1,0
unequal,2,heterogeneous,True,76,fixed,0,0,0,0,0.0,3,0,1,0,1,0
unequal,2,heterogeneous,True,76,learned,0,0,0,0,0.0,3,0,1,0,1,0
unequal,2,heterogeneous,False,77,poisson,0,0,0,0,0.0,3,0,0,0,0,0
unequal,2,heterogeneous,False,77,fixed,0,0,0,0,0.0,3,0,0,0,0,0
unequal,2,heterogeneous,False,77,learned,0,0,0,0,0.0,3,0,0,0,0,0
unequal,2,heterogeneous,True,77,poisson,0,0,0,0,0.0,3,0,0,0,0,0
unequal,2,heterogeneous,True,77,fixed,0,0,0,0,0.0,3,0,0,0,0,0
unequal,2,heterogeneous,True,77,learned,0,0,0,0,0.0,3,0,0,0,0,0
unequal,2,heterogeneous,False,78,poisson,0,0,0,0,0.0,3,0,0,0,1,0
unequal,2,heterogeneous,False,78,fixed,0,0,0,0,0.0,3,0,0,0,1,0
unequal,2,heterogeneous,False,78,learned,0,0,0,0,0.0,3,0,0,0,1,0
unequal,2,heterogeneous,True,78,poisson,0,0,0,0,0.0,3,0,0,0,1,0
unequal,2,heterogeneous,True,78,fixed,0,0,0,0,0.0,3,0,0,0,1,0
unequal,2,heterogeneous,True,78,learned,0,0,0,0,0.0,3,0,0,0,1,0
unequal,2,heterogeneous,False,79,poisson,0,0,0,0,0.0,3,0,0,0,0,0
unequal,2,heterogeneous,False,79,fixed,0,0,0,0,0.0,3,0,0,0,0,0
unequal,2,heterogeneous,False,79,learned,0,0,0,0,0.0,3,0,0,0,0,0
unequal,2,heterogeneous,True,79,poisson,0,0,0,0,0.0,3,0,0,0,0,0
unequal,2,heterogeneous,True,79,fixed,0,0,0,0,0.0,3,0,0,0,0,0
unequal,2,heterogeneous,True,79,learned,0,0,0,0,0.0,3,0,0,0,0,0
unequal,2,heterogeneous,False,80,poisson,0,0,0,0,0.0,3,0,1,0,1,0
unequal,2,heterogeneous,False,80,fixed,0,0,0,0,0.0,3,0,1,0,1,0
unequal,2,heterogeneous,False,80,learned,0,0,0,0,0.0,3,0,1,0,1,0
unequal,2,heterogeneous,True,80,poisson,0,0,0,0,0.0,3,0,1,0,1,0
unequal,2,heterogeneous,True,80,fixed,0,0,0,0,0.0,3,0,1,0,1,0
unequal,2,heterogeneous,True,80,learned,0,0,0,0,0.0,3,0,1,0,1,0
unequal,2,heterogeneous,False,81,poisson,0,0,0,0,0.0,3,0,0,0,0,0
unequal,2,heterogeneous,False,81,fixed,0,0,0,0,0.0,3,0,0,0,0,0
unequal,2,heterogeneous,False,81,learned,0,0,0,0,0.0,3,0,0,0,0,0
unequal,2,heterogeneous,True,81,poisson,0,0,0,0,0.0,3,0,0,0,0,0
unequal,2,heterogeneous,True,81,fixed,0,0,0,0,0.0,3,0,0,0,0,0
unequal,2,heterogeneous,True,81,learned,0,0,0,0,0.0,3,0,0,0,0,0
unequal,2,heterogeneous,False,82,poisson,0,0,0,0,0.0,3,0,0,0,0,0
unequal,2,heterogeneous,False,82,fixed,0,0,0,0,0.0,3,0,0,0,0,0
unequal,2,heterogeneous,False,82,learned,0,0,0,0,0.0,3,0,0,0,0,0
unequal,2,heterogeneous,True,82,poisson,0,0,0,0,0.0,3,0,0,0,0,0
unequal,2,heterogeneous,True,82,fixed,0,0,0,0,0.0,3,0,0,0,0,0
unequal,2,heterogeneous,True,82,learned,0,0,0,0,0.0,3,0,0,0,0,0
unequal,2,heterogeneous,False,83,poisson,0,0,0,0,0.0,3,0,0,0,0,0
unequal,2,heterogeneous,False,83,fixed,0,0,0,0,0.0,3,0,0,0,0,0
unequal,2,heterogeneous,False,83,learned,0,0,0,0,0.0,3,0,0,0,0,0
unequal,2,heterogeneous,True,83,poisson,0,0,0,0,0.0,3,0,0,0,0,0
unequal,2,heterogeneous,True,83,fixed,0,0,0,0,0.0,3,0,0,0,0,0
unequal,2,heterogeneous,True,83,learned,0,0,0,0,0.0,3,0,0,0,0,0
unequal,2,heterogeneous,False,84,poisson,0,0,0,0,0.0,3,0,0,0,0,0
unequal,2,heterogeneous,False,84,fixed,0,0,0,0,0.0,3,0,0,0,0,0
unequal,2,heterogeneous,False,84,learned,0,0,0,0,0.0,3,0,0,0,0,0
unequal,2,heterogeneous,True,84,poisson,0,0,0,0,0.0,3,0,0,0,0,0
unequal,2,heterogeneous,True,84,fixed,0,0,0,0,0.0,3,0,0,0,0,0
unequal,2,heterogeneous,True,84,learned,0,0,0,0,0.0,3,0,0,0,0,0
unequal,2,heterogeneous,False,85,poisson,0,0,0,0,0.0,3,0,0,0,0,0
unequal,2,heterogeneous,False,85,fixed,0,0,0,0,0.0,3,0,0,0,0,0
unequal,2,heterogeneous,False,85,learned,0,0,0,0,0.0,3,0,0,0,0,0
unequal,2,heterogeneous,True,85,poisson,0,0,0,0,0.0,3,0,0,0,0,0
unequal,2,heterogeneous,True,85,fixed,0,0,0,0,0.0,3,0,0,0,0,0
unequal,2,heterogeneous,True,85,learned,0,0,0,0,0.0,3,0,0,0,0,0
unequal,2,heterogeneous,False,86,poisson,0,0,0,0,0.0,3,0,0,0,0,0
unequal,2,heterogeneous,False,86,fixed,0,0,0,0,0.0,3,0,0,0,0,0
unequal,2,heterogeneous,False,86,learned,0,0,0,0,0.0,3,0,0,0,0,0
unequal,2,heterogeneous,True,86,poisson,0,0,0,0,0.0,3,0,0,0,0,0
unequal,2,heterogeneous,True,86,fixed,0,0,0,0,0.0,3,0,0,0,0,0
unequal,2,heterogeneous,True,86,learned,0,0,0,0,0.0,3,0,0,0,0,0
unequal,2,heterogeneous,False,87,poisson,0,0,0,0,0.0,3,0,0,0,0,0
unequal,2,heterogeneous,False,87,fixed,0,0,0,0,0.0,3,0,0,0,0,0
unequal,2,heterogeneous,False,87,learned,0,0,0,0,0.0,3,0,0,0,0,0
unequal,2,heterogeneous,True,87,poisson,0,0,0,0,0.0,3,0,0,0,0,0
unequal,2,heterogeneous,True,87,fixed,0,0,0,0,0.0,3,0,0,0,0,0
unequal,2,heterogeneous,True,87,learned,0,0,0,0,0.0,3,0,0,0,0,0
unequal,2,heterogeneous,False,88,poisson,0,0,0,0,0.0,3,0,1,0,1,0
unequal,2,heterogeneous,False,88,fixed,0,0,0,0,0.0,3,0,1,0,1,0
unequal,2,heterogeneous,False,88,learned,0,0,0,0,0.0,3,0,1,0,1,0
unequal,2,heterogeneous,True,88,poisson,0,0,0,0,0.0,3,0,1,0,1,0
unequal,2,heterogeneous,True,88,fixed,0,0,0,0,0.0,3,0,1,0,1,0
unequal,2,heterogeneous,True,88,learned,0,0,0,0,0.0,3,0,1,0,1,0
unequal,2,heterogeneous,False,89,poisson,0,0,0,0,0.0,3,0,0,0,0,0
unequal,2,heterogeneous,False,89,fixed,0,0,0,0,0.0,3,0,0,0,0,0
unequal,2,heterogeneous,False,89,learned,0,0,0,0,0.0,3,0,0,0,0,0
unequal,2,heterogeneous,True,89,poisson,0,0,0,0,0.0,3,0,0,0,0,0
unequal,2,heterogeneous,True,89,fixed,0,0,0,0,0.0,3,0,0,0,0,0
unequal,2,heterogeneous,True,89,learned,0,0,0,0,0.0,3,0,0,0,0,0
unequal,2,heterogeneous,False,90,poisson,0,0,0,0,0.0,3,0,0,0,0,0
unequal,2,heterogeneous,False,90,fixed,0,0,0,0,0.0,3,0,0,0,0,0
unequal,2,heterogeneous,False,90,learned,0,0,0,0,0.0,3,0,0,0,0,0
unequal,2,heterogeneous,True,90,poisson,0,0,0,0,0.0,3,0,0,0,0,0
unequal,2,heterogeneous,True,90,fixed,0,0,0,0,0.0,3,0,0,0,0,0
unequal,2,heterogeneous,True,90,learned,0,0,0,0,0.0,3,0,0,0,0,0
unequal,2,heterogeneous,False,91,poisson,0,0,0,0,0.0,3,0,0,0,0,0
unequal,2,heterogeneous,False,91,fixed,0,0,0,0,0.0,3,0,0,0,0,0
unequal,2,heterogeneous,False,91,learned,0,0,0,0,0.0,3,0,0,0,0,0
unequal,2,heterogeneous,True,91,poisson,0,0,0,0,0.0,3,0,0,0,0,0
unequal,2,heterogeneous,True,91,fixed,0,0,0,0,0.0,3,0,0,0,0,0
unequal,2,heterogeneous,True,91,learned,0,0,0,0,0.0,3,0,0,0,0,0
unequal,2,heterogeneous,False,92,poisson,0,0,0,0,0.0,3,0,0,0,1,0
unequal,2,heterogeneous,False,92,fixed,0,0,0,0,0.0,3,0,0,0,1,0
unequal,2,heterogeneous,False,92,learned,0,0,0,0,0.0,3,0,0,0,1,0
unequal,2,heterogeneous,True,92,poisson,0,0,0,0,0.0,3,0,0,0,1,0
unequal,2,heterogeneous,True,92,fixed,0,0,0,0,0.0,3,0,0,0,1,0
unequal,2,heterogeneous,True,92,learned,0,0,0,0,0.0,3,0,0,0,1,0
unequal,2,heterogeneous,False,93,poisson,0,0,0,0,0.0,3,0,0,0,0,0
unequal,2,heterogeneous,False,93,fixed,0,0,0,0,0.0,3,0,0,0,0,0
unequal,2,heterogeneous,False,93,learned,0,0,0,0,0.0,3,0,0,0,0,0
unequal,2,heterogeneous,True,93,poisson,0,0,0,0,0.0,3,0,0,0,0,0
unequal,2,heterogeneous,True,93,fixed,0,0,0,0,0.0,3,0,0,0,0,0
unequal,2,heterogeneous,True,93,learned,0,0,0,0,0.0,3,0,0,0,0,0
unequal,2,heterogeneous,False,94,poisson,0,0,0,0,0.0,3,0,0,0,0,0
unequal,2,heterogeneous,False,94,fixed,0,0,0,0,0.0,3,0,0,0,0,0
unequal,2,heterogeneous,False,94,learned,0,0,0,0,0.0,3,0,0,0,0,0
unequal,2,heterogeneous,True,94,poisson,0,0,0,0,0.0,3,0,0,0,0,0
unequal,2,heterogeneous,True,94,fixed,0,0,0,0,0.0,3,0,0,0,0,0
unequal,2,heterogeneous,True,94,learned,0,0,0,0,0.0,3,0,0,0,0,0
unequal,2,heterogeneous,False,95,poisson,0,0,0,0,0.0,3,0,0,0,0,0
unequal,2,heterogeneous,False,95,fixed,0,0,0,0,0.0,3,0,0,0,0,0
unequal,2,heterogeneous,False,95,learned,0,0,0,0,0.0,3,0,0,0,0,0
unequal,2,heterogeneous,True,95,poisson,0,0,0,0,0.0,3,0,0,0,0,0
unequal,2,heterogeneous,True,95,fixed,0,0,0,0,0.0,3,0,0,0,0,0
unequal,2,heterogeneous,True,95,learned,0,0,0,0,0.0,3,0,0,0,0,0
unequal,2,heterogeneous,False,96,poisson,0,0,0,0,0.0,3,0,0,0,0,0
unequal,2,heterogeneous,False,96,fixed,0,0,0,0,0.0,3,0,0,0,0,0
unequal,2,heterogeneous,False,96,learned,0,0,0,0,0.0,3,0,0,0,0,0
unequal,2,heterogeneous,True,96,poisson,0,0,0,0,0.0,3,0,0,0,0,0
unequal,2,heterogeneous,True,96,fixed,0,0,0,0,0.0,3,0,0,0,0,0
unequal,2,heterogeneous,True,96,learned,0,0,0,0,0.0,3,0,0,0,0,0
unequal,2,heterogeneous,False,97,poisson,0,0,0,0,0.0,3,0,1,0,1,0
unequal,2,heterogeneous,False,97,fixed,0,0,0,0,0.0,3,0,1,0,1,0
unequal,2,heterogeneous,False,97,learned,0,0,0,0,0.0,3,0,1,0,1,0
unequal,2,heterogeneous,True,97,poisson,0,0,0,0,0.0,3,0,1,0,1,0
unequal,2,heterogeneous,True,97,fixed,0,0,0,0,0.0,3,0,1,0,1,0
unequal,2,heterogeneous,True,97,learned,0,0,0,0,0.0,3,0,1,0,1,0
unequal,2,heterogeneous,False,98,poisson,0,0,0,0,0.0,3,0,1,0,1,0
unequal,2,heterogeneous,False,98,fixed,0,0,0,0,0.0,3,0,1,0,1,0
unequal,2,heterogeneous,False,98,learned,0,0,0,0,0.0,3,0,1,0,1,0
unequal,2,heterogeneous,True,98,poisson,0,0,0,0,0.0,3,0,1,0,1,0
unequal,2,heterogeneous,True,98,fixed,0,0,0,0,0.0,3,0,1,0,1,0
unequal,2,heterogeneous,True,98,learned,0,0,0,0,0.0,3,0,1,0,1,0
unequal,2,heterogeneous,False,99,poisson,0,0,0,0,0.0,3,0,0,0,0,0
unequal,2,heterogeneous,False,99,fixed,0,0,0,0,0.0,3,0,0,0,0,0
unequal,2,heterogeneous,False,99,learned,0,0,0,0,0.0,3,0,0,0,0,0
unequal,2,heterogeneous,True,99,poisson,0,0,0,0,0.0,3,0,0,0,0,0
unequal,2,heterogeneous,True,99,fixed,0,0,0,0,0.0,3,0,0,0,0,0
unequal,2,heterogeneous,True,99,learned,0,0,0,0,0.0,3,0,0,0,0,0
unequal,4,null,False,0,poisson,0,0,0,0,0.0,0,0,0,0,0,0
unequal,4,null,False,0,fixed,0,0,0,0,0.0,0,0,0,0,0,0
unequal,4,null,False,0,learned,0,0,0,0,0.0,0,0,0,0,0,0
unequal,4,null,True,0,poisson,0,0,0,0,0.0,0,0,0,0,0,0
unequal,4,null,True,0,fixed,0,0,0,0,0.0,0,0,0,0,0,0
unequal,4,null,True,0,learned,0,0,0,0,0.0,0,0,0,0,0,0
unequal,4,null,False,1,poisson,0,0,0,0,0.0,0,0,0,0,0,0
unequal,4,null,False,1,fixed,0,0,0,0,0.0,0,0,0,0,0,0
unequal,4,null,False,1,learned,0,0,0,0,0.0,0,0,0,0,0,0
unequal,4,null,True,1,poisson,0,0,0,0,0.0,0,0,0,0,0,0
unequal,4,null,True,1,fixed,0,0,0,0,0.0,0,0,0,0,0,0
unequal,4,null,True,1,learned,0,0,0,0,0.0,0,0,0,0,0,0
unequal,4,null,False,2,poisson,4,0,0,0,0.0,0,0,0,0,0,0
unequal,4,null,False,2,fixed,4,0,0,0,0.0,0,0,0,0,0,0
unequal,4,null,False,2,learned,4,0,0,0,0.0,0,0,0,0,0,0
unequal,4,null,True,2,poisson,4,0,0,0,0.0,0,0,0,0,0,0
unequal,4,null,True,2,fixed,4,0,0,0,0.0,0,0,0,0,0,0
unequal,4,null,True,2,learned,4,0,0,0,0.0,0,0,0,0,0,0
unequal,4,null,False,3,poisson,2,0,0,0,0.0,0,0,0,0,0,0
unequal,4,null,False,3,fixed,2,0,0,0,0.0,0,0,0,0,0,0
unequal,4,null,False,3,learned,2,0,0,0,0.0,0,0,0,0,0,0
unequal,4,null,True,3,poisson,2,0,0,0,0.0,0,0,0,0,0,0
unequal,4,null,True,3,fixed,2,0,0,0,0.0,0,0,0,0,0,0
unequal,4,null,True,3,learned,2,0,0,0,0.0,0,0,0,0,0,0
unequal,4,null,False,4,poisson,4,0,0,0,0.0,0,0,0,0,0,0
unequal,4,null,False,4,fixed,4,0,0,0,0.0,0,0,0,0,0,0
unequal,4,null,False,4,learned,4,0,0,0,0.0,0,0,0,0,0,0
unequal,4,null,True,4,poisson,4,0,0,0,0.0,0,0,0,0,0,0
unequal,4,null,True,4,fixed,4,0,0,0,0.0,0,0,0,0,0,0
unequal,4,null,True,4,learned,4,0,0,0,0.0,0,0,0,0,0,0
unequal,4,null,False,5,poisson,0,0,0,0,0.0,0,0,0,0,0,0
unequal,4,null,False,5,fixed,0,0,0,0,0.0,0,0,0,0,0,0
unequal,4,null,False,5,learned,0,0,0,0,0.0,0,0,0,0,0,0
unequal,4,null,True,5,poisson,0,0,0,0,0.0,0,0,0,0,0,0
unequal,4,null,True,5,fixed,0,0,0,0,0.0,0,0,0,0,0,0
unequal,4,null,True,5,learned,0,0,0,0,0.0,0,0,0,0,0,0
unequal,4,null,False,6,poisson,0,0,0,0,0.0,0,0,0,0,0,0
unequal,4,null,False,6,fixed,0,0,0,0,0.0,0,0,0,0,0,0
unequal,4,null,False,6,learned,0,0,0,0,0.0,0,0,0,0,0,0
unequal,4,null,True,6,poisson,0,0,0,0,0.0,0,0,0,0,0,0
unequal,4,null,True,6,fixed,0,0,0,0,0.0,0,0,0,0,0,0
unequal,4,null,True,6,learned,0,0,0,0,0.0,0,0,0,0,0,0
unequal,4,null,False,7,poisson,2,0,0,0,0.0,0,0,0,0,0,0
unequal,4,null,False,7,fixed,2,2,2,1,1.0,0,0,0,0,0,0
unequal,4,null,False,7,learned,2,2,2,1,1.0,0,0,0,0,0,0
unequal,4,null,True,7,poisson,2,0,0,0,0.0,0,0,0,0,0,0
unequal,4,null,True,7,fixed,2,2,2,1,1.0,0,0,0,0,0,0
unequal,4,null,True,7,learned,2,2,2,1,1.0,0,0,0,0,0,0
unequal,4,null,False,8,poisson,0,0,0,0,0.0,0,0,0,0,0,0
unequal,4,null,False,8,fixed,0,0,0,0,0.0,0,0,0,0,0,0
unequal,4,null,False,8,learned,0,0,0,0,0.0,0,0,0,0,0,0
unequal,4,null,True,8,poisson,0,0,0,0,0.0,0,0,0,0,0,0
unequal,4,null,True,8,fixed,0,0,0,0,0.0,0,0,0,0,0,0
unequal,4,null,True,8,learned,0,0,0,0,0.0,0,0,0,0,0,0
unequal,4,null,False,9,poisson,2,2,2,1,1.0,0,0,0,0,0,0
unequal,4,null,False,9,fixed,2,0,0,0,0.0,0,0,0,0,0,0
unequal,4,null,False,9,learned,2,0,0,0,0.0,0,0,0,0,0,0
unequal,4,null,True,9,poisson,2,2,2,1,1.0,0,0,0,0,0,0
unequal,4,null,True,9,fixed,2,0,0,0,0.0,0,0,0,0,0,0
unequal,4,null,True,9,learned,2,0,0,0,0.0,0,0,0,0,0,0
unequal,4,null,False,10,poisson,0,0,0,0,0.0,0,0,0,0,0,0
unequal,4,null,False,10,fixed,0,0,0,0,0.0,0,0,0,0,0,0
unequal,4,null,False,10,learned,0,0,0,0,0.0,0,0,0,0,0,0
unequal,4,null,True,10,poisson,0,0,0,0,0.0,0,0,0,0,0,0
unequal,4,null,True,10,fixed,0,0,0,0,0.0,0,0,0,0,0,0
unequal,4,null,True,10,learned,0,0,0,0,0.0,0,0,0,0,0,0
unequal,4,null,False,11,poisson,0,0,0,0,0.0,0,0,0,0,0,0
unequal,4,null,False,11,fixed,0,0,0,0,0.0,0,0,0,0,0,0
unequal,4,null,False,11,learned,0,0,0,0,0.0,0,0,0,0,0,0
unequal,4,null,True,11,poisson,0,0,0,0,0.0,0,0,0,0,0,0
unequal,4,null,True,11,fixed,0,0,0,0,0.0,0,0,0,0,0,0
unequal,4,null,True,11,learned,0,0,0,0,0.0,0,0,0,0,0,0
unequal,4,null,False,12,poisson,0,0,0,0,0.0,0,0,0,0,0,0
unequal,4,null,False,12,fixed,0,0,0,0,0.0,0,0,0,0,0,0
unequal,4,null,False,12,learned,0,0,0,0,0.0,0,0,0,0,0,0
unequal,4,null,True,12,poisson,0,0,0,0,0.0,0,0,0,0,0,0
unequal,4,null,True,12,fixed,0,0,0,0,0.0,0,0,0,0,0,0
unequal,4,null,True,12,learned,0,0,0,0,0.0,0,0,0,0,0,0
unequal,4,null,False,13,poisson,2,0,0,0,0.0,0,0,0,0,0,0
unequal,4,null,False,13,fixed,2,0,0,0,0.0,0,0,0,0,0,0
unequal,4,null,False,13,learned,2,0,0,0,0.0,0,0,0,0,0,0
unequal,4,null,True,13,poisson,2,0,0,0,0.0,0,0,0,0,0,0
unequal,4,null,True,13,fixed,2,0,0,0,0.0,0,0,0,0,0,0
unequal,4,null,True,13,learned,2,0,0,0,0.0,0,0,0,0,0,0
unequal,4,null,False,14,poisson,2,0,0,0,0.0,0,0,0,0,0,0
unequal,4,null,False,14,fixed,2,0,0,0,0.0,0,0,0,0,0,0
unequal,4,null,False,14,learned,2,0,0,0,0.0,0,0,0,0,0,0
unequal,4,null,True,14,poisson,2,0,0,0,0.0,0,0,0,0,0,0
unequal,4,null,True,14,fixed,2,0,0,0,0.0,0,0,0,0,0,0
unequal,4,null,True,14,learned,2,0,0,0,0.0,0,0,0,0,0,0
unequal,4,null,False,15,poisson,0,0,0,0,0.0,0,0,0,0,0,0
unequal,4,null,False,15,fixed,0,0,0,0,0.0,0,0,0,0,0,0
unequal,4,null,False,15,learned,0,0,0,0,0.0,0,0,0,0,0,0
unequal,4,null,True,15,poisson,0,0,0,0,0.0,0,0,0,0,0,0
unequal,4,null,True,15,fixed,0,0,0,0,0.0,0,0,0,0,0,0
unequal,4,null,True,15,learned,0,0,0,0,0.0,0,0,0,0,0,0
unequal,4,null,False,16,poisson,2,0,0,0,0.0,0,0,0,0,0,0
unequal,4,null,False,16,fixed,2,0,0,0,0.0,0,0,0,0,0,0
unequal,4,null,False,16,learned,2,0,0,0,0.0,0,0,0,0,0,0
unequal,4,null,True,16,poisson,2,0,0,0,0.0,0,0,0,0,0,0
unequal,4,null,True,16,fixed,2,0,0,0,0.0,0,0,0,0,0,0
unequal,4,null,True,16,learned,2,0,0,0,0.0,0,0,0,0,0,0
unequal,4,null,False,17,poisson,0,0,0,0,0.0,0,0,0,0,0,0
unequal,4,null,False,17,fixed,0,0,0,0,0.0,0,0,0,0,0,0
unequal,4,null,False,17,learned,0,0,0,0,0.0,0,0,0,0,0,0
unequal,4,null,True,17,poisson,0,0,0,0,0.0,0,0,0,0,0,0
unequal,4,null,True,17,fixed,0,0,0,0,0.0,0,0,0,0,0,0
unequal,4,null,True,17,learned,0,0,0,0,0.0,0,0,0,0,0,0
unequal,4,null,False,18,poisson,0,0,0,0,0.0,0,0,0,0,0,0
unequal,4,null,False,18,fixed,0,0,0,0,0.0,0,0,0,0,0,0
unequal,4,null,False,18,learned,0,0,0,0,0.0,0,0,0,0,0,0
unequal,4,null,True,18,poisson,0,0,0,0,0.0,0,0,0,0,0,0
unequal,4,null,True,18,fixed,0,0,0,0,0.0,0,0,0,0,0,0
unequal,4,null,True,18,learned,0,0,0,0,0.0,0,0,0,0,0,0
unequal,4,null,False,19,poisson,0,0,0,0,0.0,0,0,0,0,0,0
unequal,4,null,False,19,fixed,0,0,0,0,0.0,0,0,0,0,0,0
unequal,4,null,False,19,learned,0,0,0,0,0.0,0,0,0,0,0,0
unequal,4,null,True,19,poisson,0,0,0,0,0.0,0,0,0,0,0,0
unequal,4,null,True,19,fixed,0,0,0,0,0.0,0,0,0,0,0,0
unequal,4,null,True,19,learned,0,0,0,0,0.0,0,0,0,0,0,0
unequal,4,null,False,20,poisson,0,0,0,0,0.0,0,0,0,0,0,0
unequal,4,null,False,20,fixed,0,0,0,0,0.0,0,0,0,0,0,0
unequal,4,null,False,20,learned,0,0,0,0,0.0,0,0,0,0,0,0
unequal,4,null,True,20,poisson,0,0,0,0,0.0,0,0,0,0,0,0
unequal,4,null,True,20,fixed,0,0,0,0,0.0,0,0,0,0,0,0
unequal,4,null,True,20,learned,0,0,0,0,0.0,0,0,0,0,0,0
unequal,4,null,False,21,poisson,2,0,0,0,0.0,0,0,0,0,0,0
unequal,4,null,False,21,fixed,2,0,0,0,0.0,0,0,0,0,0,0
unequal,4,null,False,21,learned,2,0,0,0,0.0,0,0,0,0,0,0
unequal,4,null,True,21,poisson,2,0,0,0,0.0,0,0,0,0,0,0
unequal,4,null,True,21,fixed,2,0,0,0,0.0,0,0,0,0,0,0
unequal,4,null,True,21,learned,2,0,0,0,0.0,0,0,0,0,0,0
unequal,4,null,False,22,poisson,0,0,0,0,0.0,0,0,0,0,0,0
unequal,4,null,False,22,fixed,0,0,0,0,0.0,0,0,0,0,0,0
unequal,4,null,False,22,learned,0,0,0,0,0.0,0,0,0,0,0,0
unequal,4,null,True,22,poisson,0,0,0,0,0.0,0,0,0,0,0,0
unequal,4,null,True,22,fixed,0,0,0,0,0.0,0,0,0,0,0,0
unequal,4,null,True,22,learned,0,0,0,0,0.0,0,0,0,0,0,0
unequal,4,null,False,23,poisson,0,0,0,0,0.0,0,0,0,0,0,0
unequal,4,null,False,23,fixed,0,0,0,0,0.0,0,0,0,0,0,0
unequal,4,null,False,23,learned,0,0,0,0,0.0,0,0,0,0,0,0
unequal,4,null,True,23,poisson,0,0,0,0,0.0,0,0,0,0,0,0
unequal,4,null,True,23,fixed,0,0,0,0,0.0,0,0,0,0,0,0
unequal,4,null,True,23,learned,0,0,0,0,0.0,0,0,0,0,0,0
unequal,4,null,False,24,poisson,0,0,0,0,0.0,0,0,0,0,0,0
unequal,4,null,False,24,fixed,0,0,0,0,0.0,0,0,0,0,0,0
unequal,4,null,False,24,learned,0,0,0,0,0.0,0,0,0,0,0,0
unequal,4,null,True,24,poisson,0,0,0,0,0.0,0,0,0,0,0,0
unequal,4,null,True,24,fixed,0,0,0,0,0.0,0,0,0,0,0,0
unequal,4,null,True,24,learned,0,0,0,0,0.0,0,0,0,0,0,0
unequal,4,null,False,25,poisson,0,0,0,0,0.0,0,0,0,0,0,0
unequal,4,null,False,25,fixed,0,0,0,0,0.0,0,0,0,0,0,0
unequal,4,null,False,25,learned,0,0,0,0,0.0,0,0,0,0,0,0
unequal,4,null,True,25,poisson,0,0,0,0,0.0,0,0,0,0,0,0
unequal,4,null,True,25,fixed,0,0,0,0,0.0,0,0,0,0,0,0
unequal,4,null,True,25,learned,0,0,0,0,0.0,0,0,0,0,0,0
unequal,4,null,False,26,poisson,2,0,0,0,0.0,0,0,0,0,0,0
unequal,4,null,False,26,fixed,2,0,0,0,0.0,0,0,0,0,0,0
unequal,4,null,False,26,learned,2,0,0,0,0.0,0,0,0,0,0,0
unequal,4,null,True,26,poisson,2,0,0,0,0.0,0,0,0,0,0,0
unequal,4,null,True,26,fixed,2,0,0,0,0.0,0,0,0,0,0,0
unequal,4,null,True,26,learned,2,0,0,0,0.0,0,0,0,0,0,0
unequal,4,null,False,27,poisson,0,0,0,0,0.0,0,0,0,0,0,0
unequal,4,null,False,27,fixed,0,0,0,0,0.0,0,0,0,0,0,0
unequal,4,null,False,27,learned,0,0,0,0,0.0,0,0,0,0,0,0
unequal,4,null,True,27,poisson,0,0,0,0,0.0,0,0,0,0,0,0
unequal,4,null,True,27,fixed,0,0,0,0,0.0,0,0,0,0,0,0
unequal,4,null,True,27,learned,0,0,0,0,0.0,0,0,0,0,0,0
unequal,4,null,False,28,poisson,0,0,0,0,0.0,0,0,0,0,0,0
unequal,4,null,False,28,fixed,0,0,0,0,0.0,0,0,0,0,0,0
unequal,4,null,False,28,learned,0,0,0,0,0.0,0,0,0,0,0,0
unequal,4,null,True,28,poisson,0,0,0,0,0.0,0,0,0,0,0,0
unequal,4,null,True,28,fixed,0,0,0,0,0.0,0,0,0,0,0,0
unequal,4,null,True,28,learned,0,0,0,0,0.0,0,0,0,0,0,0
unequal,4,null,False,29,poisson,0,0,0,0,0.0,0,0,0,0,0,0
unequal,4,null,False,29,fixed,0,0,0,0,0.0,0,0,0,0,0,0
unequal,4,null,False,29,learned,0,0,0,0,0.0,0,0,0,0,0,0
unequal,4,null,True,29,poisson,0,0,0,0,0.0,0,0,0,0,0,0
unequal,4,null,True,29,fixed,0,0,0,0,0.0,0,0,0,0,0,0
unequal,4,null,True,29,learned,0,0,0,0,0.0,0,0,0,0,0,0
unequal,4,null,False,30,poisson,0,0,0,0,0.0,0,0,0,0,0,0
unequal,4,null,False,30,fixed,0,0,0,0,0.0,0,0,0,0,0,0
unequal,4,null,False,30,learned,0,0,0,0,0.0,0,0,0,0,0,0
unequal,4,null,True,30,poisson,0,0,0,0,0.0,0,0,0,0,0,0
unequal,4,null,True,30,fixed,0,0,0,0,0.0,0,0,0,0,0,0
unequal,4,null,True,30,learned,0,0,0,0,0.0,0,0,0,0,0,0
unequal,4,null,False,31,poisson,2,0,0,0,0.0,0,0,0,0,0,0
unequal,4,null,False,31,fixed,2,0,0,0,0.0,0,0,0,0,0,0
unequal,4,null,False,31,learned,2,0,0,0,0.0,0,0,0,0,0,0
unequal,4,null,True,31,poisson,2,0,0,0,0.0,0,0,0,0,0,0
unequal,4,null,True,31,fixed,2,0,0,0,0.0,0,0,0,0,0,0
unequal,4,null,True,31,learned,2,0,0,0,0.0,0,0,0,0,0,0
unequal,4,null,False,32,poisson,0,0,0,0,0.0,0,0,0,0,0,0
unequal,4,null,False,32,fixed,0,0,0,0,0.0,0,0,0,0,0,0
unequal,4,null,False,32,learned,0,0,0,0,0.0,0,0,0,0,0,0
unequal,4,null,True,32,poisson,0,0,0,0,0.0,0,0,0,0,0,0
unequal,4,null,True,32,fixed,0,0,0,0,0.0,0,0,0,0,0,0
unequal,4,null,True,32,learned,0,0,0,0,0.0,0,0,0,0,0,0
unequal,4,null,False,33,poisson,2,2,2,1,1.0,0,0,0,0,0,0
unequal,4,null,False,33,fixed,2,0,0,0,0.0,0,0,0,0,0,0
unequal,4,null,False,33,learned,2,0,0,0,0.0,0,0,0,0,0,0
unequal,4,null,True,33,poisson,2,2,2,1,1.0,0,0,0,0,0,0
unequal,4,null,True,33,fixed,2,0,0,0,0.0,0,0,0,0,0,0
unequal,4,null,True,33,learned,2,0,0,0,0.0,0,0,0,0,0,0
unequal,4,null,False,34,poisson,0,0,0,0,0.0,0,0,0,0,0,0
unequal,4,null,False,34,fixed,0,0,0,0,0.0,0,0,0,0,0,0
unequal,4,null,False,34,learned,0,0,0,0,0.0,0,0,0,0,0,0
unequal,4,null,True,34,poisson,0,0,0,0,0.0,0,0,0,0,0,0
unequal,4,null,True,34,fixed,0,0,0,0,0.0,0,0,0,0,0,0
unequal,4,null,True,34,learned,0,0,0,0,0.0,0,0,0,0,0,0
unequal,4,null,False,35,poisson,0,0,0,0,0.0,0,0,0,0,0,0
unequal,4,null,False,35,fixed,0,0,0,0,0.0,0,0,0,0,0,0
unequal,4,null,False,35,learned,0,0,0,0,0.0,0,0,0,0,0,0
unequal,4,null,True,35,poisson,0,0,0,0,0.0,0,0,0,0,0,0
unequal,4,null,True,35,fixed,0,0,0,0,0.0,0,0,0,0,0,0
unequal,4,null,True,35,learned,0,0,0,0,0.0,0,0,0,0,0,0
unequal,4,null,False,36,poisson,0,0,0,0,0.0,0,0,0,0,0,0
unequal,4,null,False,36,fixed,0,0,0,0,0.0,0,0,0,0,0,0
unequal,4,null,False,36,learned,0,0,0,0,0.0,0,0,0,0,0,0
unequal,4,null,True,36,poisson,0,0,0,0,0.0,0,0,0,0,0,0
unequal,4,null,True,36,fixed,0,0,0,0,0.0,0,0,0,0,0,0
unequal,4,null,True,36,learned,0,0,0,0,0.0,0,0,0,0,0,0
unequal,4,null,False,37,poisson,0,0,0,0,0.0,0,0,0,0,0,0
unequal,4,null,False,37,fixed,0,0,0,0,0.0,0,0,0,0,0,0
unequal,4,null,False,37,learned,0,0,0,0,0.0,0,0,0,0,0,0
unequal,4,null,True,37,poisson,0,0,0,0,0.0,0,0,0,0,0,0
unequal,4,null,True,37,fixed,0,0,0,0,0.0,0,0,0,0,0,0
unequal,4,null,True,37,learned,0,0,0,0,0.0,0,0,0,0,0,0
unequal,4,null,False,38,poisson,2,0,0,0,0.0,0,0,0,0,0,0
unequal,4,null,False,38,fixed,2,0,0,0,0.0,0,0,0,0,0,0
unequal,4,null,False,38,learned,2,0,0,0,0.0,0,0,0,0,0,0
unequal,4,null,True,38,poisson,2,0,0,0,0.0,0,0,0,0,0,0
unequal,4,null,True,38,fixed,2,0,0,0,0.0,0,0,0,0,0,0
unequal,4,null,True,38,learned,2,0,0,0,0.0,0,0,0,0,0,0
unequal,4,null,False,39,poisson,0,0,0,0,0.0,0,0,0,0,0,0
unequal,4,null,False,39,fixed,0,0,0,0,0.0,0,0,0,0,0,0
unequal,4,null,False,39,learned,0,0,0,0,0.0,0,0,0,0,0,0
unequal,4,null,True,39,poisson,0,0,0,0,0.0,0,0,0,0,0,0
unequal,4,null,True,39,fixed,0,0,0,0,0.0,0,0,0,0,0,0
unequal,4,null,True,39,learned,0,0,0,0,0.0,0,0,0,0,0,0
unequal,4,null,False,40,poisson,2,2,2,1,1.0,0,0,0,0,0,0
unequal,4,null,False,40,fixed,2,0,0,0,0.0,0,0,0,0,0,0
unequal,4,null,False,40,learned,2,0,0,0,0.0,0,0,0,0,0,0
unequal,4,null,True,40,poisson,2,2,2,1,1.0,0,0,0,0,0,0
unequal,4,null,True,40,fixed,2,0,0,0,0.0,0,0,0,0,0,0
unequal,4,null,True,40,learned,2,0,0,0,0.0,0,0,0,0,0,0
unequal,4,null,False,41,poisson,2,0,0,0,0.0,0,0,0,0,0,0
unequal,4,null,False,41,fixed,2,2,2,1,1.0,0,0,0,0,0,0
unequal,4,null,False,41,learned,2,2,2,1,1.0,0,0,0,0,0,0
unequal,4,null,True,41,poisson,2,0,0,0,0.0,0,0,0,0,0,0
unequal,4,null,True,41,fixed,2,2,2,1,1.0,0,0,0,0,0,0
unequal,4,null,True,41,learned,2,2,2,1,1.0,0,0,0,0,0,0
unequal,4,null,False,42,poisson,2,0,0,0,0.0,0,0,0,0,0,0
unequal,4,null,False,42,fixed,2,0,0,0,0.0,0,0,0,0,0,0
unequal,4,null,False,42,learned,2,0,0,0,0.0,0,0,0,0,0,0
unequal,4,null,True,42,poisson,2,0,0,0,0.0,0,0,0,0,0,0
unequal,4,null,True,42,fixed,2,0,0,0,0.0,0,0,0,0,0,0
unequal,4,null,True,42,learned,2,0,0,0,0.0,0,0,0,0,0,0
unequal,4,null,False,43,poisson,2,0,0,0,0.0,0,0,0,0,0,0
unequal,4,null,False,43,fixed,2,0,0,0,0.0,0,0,0,0,0,0
unequal,4,null,False,43,learned,2,0,0,0,0.0,0,0,0,0,0,0
unequal,4,null,True,43,poisson,2,0,0,0,0.0,0,0,0,0,0,0
unequal,4,null,True,43,fixed,2,0,0,0,0.0,0,0,0,0,0,0
unequal,4,null,True,43,learned,2,0,0,0,0.0,0,0,0,0,0,0
unequal,4,null,False,44,poisson,2,2,2,1,1.0,0,0,0,0,0,0
unequal,4,null,False,44,fixed,2,0,0,0,0.0,0,0,0,0,0,0
unequal,4,null,False,44,learned,2,0,0,0,0.0,0,0,0,0,0,0
unequal,4,null,True,44,poisson,2,2,2,1,1.0,0,0,0,0,0,0
unequal,4,null,True,44,fixed,2,0,0,0,0.0,0,0,0,0,0,0
unequal,4,null,True,44,learned,2,0,0,0,0.0,0,0,0,0,0,0
unequal,4,null,False,45,poisson,4,0,0,0,0.0,0,0,0,0,0,0
unequal,4,null,False,45,fixed,4,0,0,0,0.0,0,0,0,0,0,0
unequal,4,null,False,45,learned,4,0,0,0,0.0,0,0,0,0,0,0
unequal,4,null,True,45,poisson,4,0,0,0,0.0,0,0,0,0,0,0
unequal,4,null,True,45,fixed,4,0,0,0,0.0,0,0,0,0,0,0
unequal,4,null,True,45,learned,4,0,0,0,0.0,0,0,0,0,0,0
unequal,4,null,False,46,poisson,0,0,0,0,0.0,0,0,0,0,0,0
unequal,4,null,False,46,fixed,0,0,0,0,0.0,0,0,0,0,0,0
unequal,4,null,False,46,learned,0,0,0,0,0.0,0,0,0,0,0,0
unequal,4,null,True,46,poisson,0,0,0,0,0.0,0,0,0,0,0,0
unequal,4,null,True,46,fixed,0,0,0,0,0.0,0,0,0,0,0,0
unequal,4,null,True,46,learned,0,0,0,0,0.0,0,0,0,0,0,0
unequal,4,null,False,47,poisson,0,0,0,0,0.0,0,0,0,0,0,0
unequal,4,null,False,47,fixed,0,0,0,0,0.0,0,0,0,0,0,0
unequal,4,null,False,47,learned,0,0,0,0,0.0,0,0,0,0,0,0
unequal,4,null,True,47,poisson,0,0,0,0,0.0,0,0,0,0,0,0
unequal,4,null,True,47,fixed,0,0,0,0,0.0,0,0,0,0,0,0
unequal,4,null,True,47,learned,0,0,0,0,0.0,0,0,0,0,0,0
unequal,4,null,False,48,poisson,0,0,0,0,0.0,0,0,0,0,0,0
unequal,4,null,False,48,fixed,0,0,0,0,0.0,0,0,0,0,0,0
unequal,4,null,False,48,learned,0,0,0,0,0.0,0,0,0,0,0,0
unequal,4,null,True,48,poisson,0,0,0,0,0.0,0,0,0,0,0,0
unequal,4,null,True,48,fixed,0,0,0,0,0.0,0,0,0,0,0,0
unequal,4,null,True,48,learned,0,0,0,0,0.0,0,0,0,0,0,0
unequal,4,null,False,49,poisson,4,2,2,1,1.0,0,0,0,0,0,0
unequal,4,null,False,49,fixed,4,0,0,0,0.0,0,0,0,0,0,0
unequal,4,null,False,49,learned,4,0,0,0,0.0,0,0,0,0,0,0
unequal,4,null,True,49,poisson,4,2,2,1,1.0,0,0,0,0,0,0
unequal,4,null,True,49,fixed,4,0,0,0,0.0,0,0,0,0,0,0
unequal,4,null,True,49,learned,4,0,0,0,0.0,0,0,0,0,0,0
unequal,4,null,False,50,poisson,0,0,0,0,0.0,0,0,0,0,0,0
unequal,4,null,False,50,fixed,0,0,0,0,0.0,0,0,0,0,0,0
unequal,4,null,False,50,learned,0,0,0,0,0.0,0,0,0,0,0,0
unequal,4,null,True,50,poisson,0,0,0,0,0.0,0,0,0,0,0,0
unequal,4,null,True,50,fixed,0,0,0,0,0.0,0,0,0,0,0,0
unequal,4,null,True,50,learned,0,0,0,0,0.0,0,0,0,0,0,0
unequal,4,null,False,51,poisson,4,0,0,0,0.0,0,0,0,0,0,0
unequal,4,null,False,51,fixed,4,0,0,0,0.0,0,0,0,0,0,0
unequal,4,null,False,51,learned,4,0,0,0,0.0,0,0,0,0,0,0
unequal,4,null,True,51,poisson,4,0,0,0,0.0,0,0,0,0,0,0
unequal,4,null,True,51,fixed,4,0,0,0,0.0,0,0,0,0,0,0
unequal,4,null,True,51,learned,4,0,0,0,0.0,0,0,0,0,0,0
unequal,4,null,False,52,poisson,2,2,2,1,1.0,0,0,0,0,0,0
unequal,4,null,False,52,fixed,2,0,0,0,0.0,0,0,0,0,0,0
unequal,4,null,False,52,learned,2,0,0,0,0.0,0,0,0,0,0,0
unequal,4,null,True,52,poisson,2,2,2,1,1.0,0,0,0,0,0,0
unequal,4,null,True,52,fixed,2,0,0,0,0.0,0,0,0,0,0,0
unequal,4,null,True,52,learned,2,0,0,0,0.0,0,0,0,0,0,0
unequal,4,null,False,53,poisson,2,0,0,0,0.0,0,0,0,0,0,0
unequal,4,null,False,53,fixed,2,0,0,0,0.0,0,0,0,0,0,0
unequal,4,null,False,53,learned,2,0,0,0,0.0,0,0,0,0,0,0
unequal,4,null,True,53,poisson,2,0,0,0,0.0,0,0,0,0,0,0
unequal,4,null,True,53,fixed,2,0,0,0,0.0,0,0,0,0,0,0
unequal,4,null,True,53,learned,2,0,0,0,0.0,0,0,0,0,0,0
unequal,4,null,False,54,poisson,2,0,0,0,0.0,0,0,0,0,0,0
unequal,4,null,False,54,fixed,2,0,0,0,0.0,0,0,0,0,0,0
unequal,4,null,False,54,learned,2,0,0,0,0.0,0,0,0,0,0,0
unequal,4,null,True,54,poisson,2,0,0,0,0.0,0,0,0,0,0,0
unequal,4,null,True,54,fixed,2,0,0,0,0.0,0,0,0,0,0,0
unequal,4,null,True,54,learned,2,0,0,0,0.0,0,0,0,0,0,0
unequal,4,null,False,55,poisson,4,0,0,0,0.0,0,0,0,0,0,0
unequal,4,null,False,55,fixed,4,0,0,0,0.0,0,0,0,0,0,0
unequal,4,null,False,55,learned,4,0,0,0,0.0,0,0,0,0,0,0
unequal,4,null,True,55,poisson,4,0,0,0,0.0,0,0,0,0,0,0
unequal,4,null,True,55,fixed,4,0,0,0,0.0,0,0,0,0,0,0
unequal,4,null,True,55,learned,4,0,0,0,0.0,0,0,0,0,0,0
unequal,4,null,False,56,poisson,0,0,0,0,0.0,0,0,0,0,0,0
unequal,4,null,False,56,fixed,0,0,0,0,0.0,0,0,0,0,0,0
unequal,4,null,False,56,learned,0,0,0,0,0.0,0,0,0,0,0,0
unequal,4,null,True,56,poisson,0,0,0,0,0.0,0,0,0,0,0,0
unequal,4,null,True,56,fixed,0,0,0,0,0.0,0,0,0,0,0,0
unequal,4,null,True,56,learned,0,0,0,0,0.0,0,0,0,0,0,0
unequal,4,null,False,57,poisson,0,0,0,0,0.0,0,0,0,0,0,0
unequal,4,null,False,57,fixed,0,0,0,0,0.0,0,0,0,0,0,0
unequal,4,null,False,57,learned,0,0,0,0,0.0,0,0,0,0,0,0
unequal,4,null,True,57,poisson,0,0,0,0,0.0,0,0,0,0,0,0
unequal,4,null,True,57,fixed,0,0,0,0,0.0,0,0,0,0,0,0
unequal,4,null,True,57,learned,0,0,0,0,0.0,0,0,0,0,0,0
unequal,4,null,False,58,poisson,0,0,0,0,0.0,0,0,0,0,0,0
unequal,4,null,False,58,fixed,0,0,0,0,0.0,0,0,0,0,0,0
unequal,4,null,False,58,learned,0,0,0,0,0.0,0,0,0,0,0,0
unequal,4,null,True,58,poisson,0,0,0,0,0.0,0,0,0,0,0,0
unequal,4,null,True,58,fixed,0,0,0,0,0.0,0,0,0,0,0,0
unequal,4,null,True,58,learned,0,0,0,0,0.0,0,0,0,0,0,0
unequal,4,null,False,59,poisson,2,0,0,0,0.0,0,0,0,0,0,0
unequal,4,null,False,59,fixed,2,0,0,0,0.0,0,0,0,0,0,0
unequal,4,null,False,59,learned,2,0,0,0,0.0,0,0,0,0,0,0
unequal,4,null,True,59,poisson,2,0,0,0,0.0,0,0,0,0,0,0
unequal,4,null,True,59,fixed,2,0,0,0,0.0,0,0,0,0,0,0
unequal,4,null,True,59,learned,2,0,0,0,0.0,0,0,0,0,0,0
unequal,4,null,False,60,poisson,2,2,2,1,1.0,0,0,0,0,0,0
unequal,4,null,False,60,fixed,2,0,0,0,0.0,0,0,0,0,0,0
unequal,4,null,False,60,learned,2,0,0,0,0.0,0,0,0,0,0,0
unequal,4,null,True,60,poisson,2,2,2,1,1.0,0,0,0,0,0,0
unequal,4,null,True,60,fixed,2,0,0,0,0.0,0,0,0,0,0,0
unequal,4,null,True,60,learned,2,0,0,0,0.0,0,0,0,0,0,0
unequal,4,null,False,61,poisson,0,0,0,0,0.0,0,0,0,0,0,0
unequal,4,null,False,61,fixed,0,0,0,0,0.0,0,0,0,0,0,0
unequal,4,null,False,61,learned,0,0,0,0,0.0,0,0,0,0,0,0
unequal,4,null,True,61,poisson,0,0,0,0,0.0,0,0,0,0,0,0
unequal,4,null,True,61,fixed,0,0,0,0,0.0,0,0,0,0,0,0
unequal,4,null,True,61,learned,0,0,0,0,0.0,0,0,0,0,0,0
unequal,4,null,False,62,poisson,2,2,2,1,1.0,0,0,0,0,0,0
unequal,4,null,False,62,fixed,2,0,0,0,0.0,0,0,0,0,0,0
unequal,4,null,False,62,learned,2,0,0,0,0.0,0,0,0,0,0,0
unequal,4,null,True,62,poisson,2,2,2,1,1.0,0,0,0,0,0,0
unequal,4,null,True,62,fixed,2,0,0,0,0.0,0,0,0,0,0,0
unequal,4,null,True,62,learned,2,0,0,0,0.0,0,0,0,0,0,0
unequal,4,null,False,63,poisson,2,0,0,0,0.0,0,0,0,0,0,0
unequal,4,null,False,63,fixed,2,0,0,0,0.0,0,0,0,0,0,0
unequal,4,null,False,63,learned,2,0,0,0,0.0,0,0,0,0,0,0
unequal,4,null,True,63,poisson,2,0,0,0,0.0,0,0,0,0,0,0
unequal,4,null,True,63,fixed,2,0,0,0,0.0,0,0,0,0,0,0
unequal,4,null,True,63,learned,2,0,0,0,0.0,0,0,0,0,0,0
unequal,4,null,False,64,poisson,0,0,0,0,0.0,0,0,0,0,0,0
unequal,4,null,False,64,fixed,0,0,0,0,0.0,0,0,0,0,0,0
unequal,4,null,False,64,learned,0,0,0,0,0.0,0,0,0,0,0,0
unequal,4,null,True,64,poisson,0,0,0,0,0.0,0,0,0,0,0,0
unequal,4,null,True,64,fixed,0,0,0,0,0.0,0,0,0,0,0,0
unequal,4,null,True,64,learned,0,0,0,0,0.0,0,0,0,0,0,0
unequal,4,null,False,65,poisson,2,0,0,0,0.0,0,0,0,0,0,0
unequal,4,null,False,65,fixed,2,0,0,0,0.0,0,0,0,0,0,0
unequal,4,null,False,65,learned,2,0,0,0,0.0,0,0,0,0,0,0
unequal,4,null,True,65,poisson,2,0,0,0,0.0,0,0,0,0,0,0
unequal,4,null,True,65,fixed,2,0,0,0,0.0,0,0,0,0,0,0
unequal,4,null,True,65,learned,2,0,0,0,0.0,0,0,0,0,0,0
unequal,4,null,False,66,poisson,0,0,0,0,0.0,0,0,0,0,0,0
unequal,4,null,False,66,fixed,0,0,0,0,0.0,0,0,0,0,0,0
unequal,4,null,False,66,learned,0,0,0,0,0.0,0,0,0,0,0,0
unequal,4,null,True,66,poisson,0,0,0,0,0.0,0,0,0,0,0,0
unequal,4,null,True,66,fixed,0,0,0,0,0.0,0,0,0,0,0,0
unequal,4,null,True,66,learned,0,0,0,0,0.0,0,0,0,0,0,0
unequal,4,null,False,67,poisson,0,0,0,0,0.0,0,0,0,0,0,0
unequal,4,null,False,67,fixed,0,0,0,0,0.0,0,0,0,0,0,0
unequal,4,null,False,67,learned,0,0,0,0,0.0,0,0,0,0,0,0
unequal,4,null,True,67,poisson,0,0,0,0,0.0,0,0,0,0,0,0
unequal,4,null,True,67,fixed,0,0,0,0,0.0,0,0,0,0,0,0
unequal,4,null,True,67,learned,0,0,0,0,0.0,0,0,0,0,0,0
unequal,4,null,False,68,poisson,2,0,0,0,0.0,0,0,0,0,0,0
unequal,4,null,False,68,fixed,2,0,0,0,0.0,0,0,0,0,0,0
unequal,4,null,False,68,learned,2,0,0,0,0.0,0,0,0,0,0,0
unequal,4,null,True,68,poisson,2,0,0,0,0.0,0,0,0,0,0,0
unequal,4,null,True,68,fixed,2,0,0,0,0.0,0,0,0,0,0,0
unequal,4,null,True,68,learned,2,0,0,0,0.0,0,0,0,0,0,0
unequal,4,null,False,69,poisson,0,0,0,0,0.0,0,0,0,0,0,0
unequal,4,null,False,69,fixed,0,0,0,0,0.0,0,0,0,0,0,0
unequal,4,null,False,69,learned,0,0,0,0,0.0,0,0,0,0,0,0
unequal,4,null,True,69,poisson,0,0,0,0,0.0,0,0,0,0,0,0
unequal,4,null,True,69,fixed,0,0,0,0,0.0,0,0,0,0,0,0
unequal,4,null,True,69,learned,0,0,0,0,0.0,0,0,0,0,0,0
unequal,4,null,False,70,poisson,0,0,0,0,0.0,0,0,0,0,0,0
unequal,4,null,False,70,fixed,0,0,0,0,0.0,0,0,0,0,0,0
unequal,4,null,False,70,learned,0,0,0,0,0.0,0,0,0,0,0,0
unequal,4,null,True,70,poisson,0,0,0,0,0.0,0,0,0,0,0,0
unequal,4,null,True,70,fixed,0,0,0,0,0.0,0,0,0,0,0,0
unequal,4,null,True,70,learned,0,0,0,0,0.0,0,0,0,0,0,0
unequal,4,null,False,71,poisson,2,2,2,1,1.0,0,0,0,0,0,0
unequal,4,null,False,71,fixed,2,0,0,0,0.0,0,0,0,0,0,0
unequal,4,null,False,71,learned,2,0,0,0,0.0,0,0,0,0,0,0
unequal,4,null,True,71,poisson,2,2,2,1,1.0,0,0,0,0,0,0
unequal,4,null,True,71,fixed,2,0,0,0,0.0,0,0,0,0,0,0
unequal,4,null,True,71,learned,2,0,0,0,0.0,0,0,0,0,0,0
unequal,4,null,False,72,poisson,0,0,0,0,0.0,0,0,0,0,0,0
unequal,4,null,False,72,fixed,0,0,0,0,0.0,0,0,0,0,0,0
unequal,4,null,False,72,learned,0,0,0,0,0.0,0,0,0,0,0,0
unequal,4,null,True,72,poisson,0,0,0,0,0.0,0,0,0,0,0,0
unequal,4,null,True,72,fixed,0,0,0,0,0.0,0,0,0,0,0,0
unequal,4,null,True,72,learned,0,0,0,0,0.0,0,0,0,0,0,0
unequal,4,null,False,73,poisson,0,0,0,0,0.0,0,0,0,0,0,0
unequal,4,null,False,73,fixed,0,0,0,0,0.0,0,0,0,0,0,0
unequal,4,null,False,73,learned,0,0,0,0,0.0,0,0,0,0,0,0
unequal,4,null,True,73,poisson,0,0,0,0,0.0,0,0,0,0,0,0
unequal,4,null,True,73,fixed,0,0,0,0,0.0,0,0,0,0,0,0
unequal,4,null,True,73,learned,0,0,0,0,0.0,0,0,0,0,0,0
unequal,4,null,False,74,poisson,4,0,0,0,0.0,0,0,0,0,0,0
unequal,4,null,False,74,fixed,4,0,0,0,0.0,0,0,0,0,0,0
unequal,4,null,False,74,learned,4,0,0,0,0.0,0,0,0,0,0,0
unequal,4,null,True,74,poisson,4,0,0,0,0.0,0,0,0,0,0,0
unequal,4,null,True,74,fixed,4,0,0,0,0.0,0,0,0,0,0,0
unequal,4,null,True,74,learned,4,0,0,0,0.0,0,0,0,0,0,0
unequal,4,null,False,75,poisson,0,0,0,0,0.0,0,0,0,0,0,0
unequal,4,null,False,75,fixed,0,0,0,0,0.0,0,0,0,0,0,0
unequal,4,null,False,75,learned,0,0,0,0,0.0,0,0,0,0,0,0
unequal,4,null,True,75,poisson,0,0,0,0,0.0,0,0,0,0,0,0
unequal,4,null,True,75,fixed,0,0,0,0,0.0,0,0,0,0,0,0
unequal,4,null,True,75,learned,0,0,0,0,0.0,0,0,0,0,0,0
unequal,4,null,False,76,poisson,2,2,2,1,1.0,0,0,0,0,0,0
unequal,4,null,False,76,fixed,2,0,0,0,0.0,0,0,0,0,0,0
unequal,4,null,False,76,learned,2,0,0,0,0.0,0,0,0,0,0,0
unequal,4,null,True,76,poisson,2,2,2,1,1.0,0,0,0,0,0,0
unequal,4,null,True,76,fixed,2,0,0,0,0.0,0,0,0,0,0,0
unequal,4,null,True,76,learned,2,0,0,0,0.0,0,0,0,0,0,0
unequal,4,null,False,77,poisson,2,0,0,0,0.0,0,0,0,0,0,0
unequal,4,null,False,77,fixed,2,0,0,0,0.0,0,0,0,0,0,0
unequal,4,null,False,77,learned,2,0,0,0,0.0,0,0,0,0,0,0
unequal,4,null,True,77,poisson,2,0,0,0,0.0,0,0,0,0,0,0
unequal,4,null,True,77,fixed,2,0,0,0,0.0,0,0,0,0,0,0
unequal,4,null,True,77,learned,2,0,0,0,0.0,0,0,0,0,0,0
unequal,4,null,False,78,poisson,0,0,0,0,0.0,0,0,0,0,0,0
unequal,4,null,False,78,fixed,0,0,0,0,0.0,0,0,0,0,0,0
unequal,4,null,False,78,learned,0,0,0,0,0.0,0,0,0,0,0,0
unequal,4,null,True,78,poisson,0,0,0,0,0.0,0,0,0,0,0,0
unequal,4,null,True,78,fixed,0,0,0,0,0.0,0,0,0,0,0,0
unequal,4,null,True,78,learned,0,0,0,0,0.0,0,0,0,0,0,0
unequal,4,null,False,79,poisson,2,2,2,1,1.0,0,0,0,0,0,0
unequal,4,null,False,79,fixed,2,0,0,0,0.0,0,0,0,0,0,0
unequal,4,null,False,79,learned,2,0,0,0,0.0,0,0,0,0,0,0
unequal,4,null,True,79,poisson,2,2,2,1,1.0,0,0,0,0,0,0
unequal,4,null,True,79,fixed,2,0,0,0,0.0,0,0,0,0,0,0
unequal,4,null,True,79,learned,2,0,0,0,0.0,0,0,0,0,0,0
unequal,4,null,False,80,poisson,0,0,0,0,0.0,0,0,0,0,0,0
unequal,4,null,False,80,fixed,0,0,0,0,0.0,0,0,0,0,0,0
unequal,4,null,False,80,learned,0,0,0,0,0.0,0,0,0,0,0,0
unequal,4,null,True,80,poisson,0,0,0,0,0.0,0,0,0,0,0,0
unequal,4,null,True,80,fixed,0,0,0,0,0.0,0,0,0,0,0,0
unequal,4,null,True,80,learned,0,0,0,0,0.0,0,0,0,0,0,0
unequal,4,null,False,81,poisson,0,0,0,0,0.0,0,0,0,0,0,0
unequal,4,null,False,81,fixed,0,0,0,0,0.0,0,0,0,0,0,0
unequal,4,null,False,81,learned,0,0,0,0,0.0,0,0,0,0,0,0
unequal,4,null,True,81,poisson,0,0,0,0,0.0,0,0,0,0,0,0
unequal,4,null,True,81,fixed,0,0,0,0,0.0,0,0,0,0,0,0
unequal,4,null,True,81,learned,0,0,0,0,0.0,0,0,0,0,0,0
unequal,4,null,False,82,poisson,2,0,0,0,0.0,0,0,0,0,0,0
unequal,4,null,False,82,fixed,2,0,0,0,0.0,0,0,0,0,0,0
unequal,4,null,False,82,learned,2,0,0,0,0.0,0,0,0,0,0,0
unequal,4,null,True,82,poisson,2,0,0,0,0.0,0,0,0,0,0,0
unequal,4,null,True,82,fixed,2,0,0,0,0.0,0,0,0,0,0,0
unequal,4,null,True,82,learned,2,0,0,0,0.0,0,0,0,0,0,0
unequal,4,null,False,83,poisson,2,0,0,0,0.0,0,0,0,0,0,0
unequal,4,null,False,83,fixed,2,0,0,0,0.0,0,0,0,0,0,0
unequal,4,null,False,83,learned,2,0,0,0,0.0,0,0,0,0,0,0
unequal,4,null,True,83,poisson,2,0,0,0,0.0,0,0,0,0,0,0
unequal,4,null,True,83,fixed,2,0,0,0,0.0,0,0,0,0,0,0
unequal,4,null,True,83,learned,2,0,0,0,0.0,0,0,0,0,0,0
unequal,4,null,False,84,poisson,0,0,0,0,0.0,0,0,0,0,0,0
unequal,4,null,False,84,fixed,0,0,0,0,0.0,0,0,0,0,0,0
unequal,4,null,False,84,learned,0,0,0,0,0.0,0,0,0,0,0,0
unequal,4,null,True,84,poisson,0,0,0,0,0.0,0,0,0,0,0,0
unequal,4,null,True,84,fixed,0,0,0,0,0.0,0,0,0,0,0,0
unequal,4,null,True,84,learned,0,0,0,0,0.0,0,0,0,0,0,0
unequal,4,null,False,85,poisson,2,0,0,0,0.0,0,0,0,0,0,0
unequal,4,null,False,85,fixed,2,0,0,0,0.0,0,0,0,0,0,0
unequal,4,null,False,85,learned,2,0,0,0,0.0,0,0,0,0,0,0
unequal,4,null,True,85,poisson,2,0,0,0,0.0,0,0,0,0,0,0
unequal,4,null,True,85,fixed,2,0,0,0,0.0,0,0,0,0,0,0
unequal,4,null,True,85,learned,2,0,0,0,0.0,0,0,0,0,0,0
unequal,4,null,False,86,poisson,2,0,0,0,0.0,0,0,0,0,0,0
unequal,4,null,False,86,fixed,2,0,0,0,0.0,0,0,0,0,0,0
unequal,4,null,False,86,learned,2,0,0,0,0.0,0,0,0,0,0,0
unequal,4,null,True,86,poisson,2,0,0,0,0.0,0,0,0,0,0,0
unequal,4,null,True,86,fixed,2,0,0,0,0.0,0,0,0,0,0,0
unequal,4,null,True,86,learned,2,0,0,0,0.0,0,0,0,0,0,0
unequal,4,null,False,87,poisson,0,0,0,0,0.0,0,0,0,0,0,0
unequal,4,null,False,87,fixed,0,0,0,0,0.0,0,0,0,0,0,0
unequal,4,null,False,87,learned,0,0,0,0,0.0,0,0,0,0,0,0
unequal,4,null,True,87,poisson,0,0,0,0,0.0,0,0,0,0,0,0
unequal,4,null,True,87,fixed,0,0,0,0,0.0,0,0,0,0,0,0
unequal,4,null,True,87,learned,0,0,0,0,0.0,0,0,0,0,0,0
unequal,4,null,False,88,poisson,2,0,0,0,0.0,0,0,0,0,0,0
unequal,4,null,False,88,fixed,2,0,0,0,0.0,0,0,0,0,0,0
unequal,4,null,False,88,learned,2,0,0,0,0.0,0,0,0,0,0,0
unequal,4,null,True,88,poisson,2,0,0,0,0.0,0,0,0,0,0,0
unequal,4,null,True,88,fixed,2,0,0,0,0.0,0,0,0,0,0,0
unequal,4,null,True,88,learned,2,0,0,0,0.0,0,0,0,0,0,0
unequal,4,null,False,89,poisson,0,0,0,0,0.0,0,0,0,0,0,0
unequal,4,null,False,89,fixed,0,0,0,0,0.0,0,0,0,0,0,0
unequal,4,null,False,89,learned,0,0,0,0,0.0,0,0,0,0,0,0
unequal,4,null,True,89,poisson,0,0,0,0,0.0,0,0,0,0,0,0
unequal,4,null,True,89,fixed,0,0,0,0,0.0,0,0,0,0,0,0
unequal,4,null,True,89,learned,0,0,0,0,0.0,0,0,0,0,0,0
unequal,4,null,False,90,poisson,2,2,2,1,1.0,0,0,0,0,0,0
unequal,4,null,False,90,fixed,2,0,0,0,0.0,0,0,0,0,0,0
unequal,4,null,False,90,learned,2,0,0,0,0.0,0,0,0,0,0,0
unequal,4,null,True,90,poisson,2,2,2,1,1.0,0,0,0,0,0,0
unequal,4,null,True,90,fixed,2,0,0,0,0.0,0,0,0,0,0,0
unequal,4,null,True,90,learned,2,0,0,0,0.0,0,0,0,0,0,0
unequal,4,null,False,91,poisson,0,0,0,0,0.0,0,0,0,0,0,0
unequal,4,null,False,91,fixed,0,0,0,0,0.0,0,0,0,0,0,0
unequal,4,null,False,91,learned,0,0,0,0,0.0,0,0,0,0,0,0
unequal,4,null,True,91,poisson,0,0,0,0,0.0,0,0,0,0,0,0
unequal,4,null,True,91,fixed,0,0,0,0,0.0,0,0,0,0,0,0
unequal,4,null,True,91,learned,0,0,0,0,0.0,0,0,0,0,0,0
unequal,4,null,False,92,poisson,2,0,0,0,0.0,0,0,0,0,0,0
unequal,4,null,False,92,fixed,2,0,0,0,0.0,0,0,0,0,0,0
unequal,4,null,False,92,learned,2,0,0,0,0.0,0,0,0,0,0,0
unequal,4,null,True,92,poisson,2,0,0,0,0.0,0,0,0,0,0,0
unequal,4,null,True,92,fixed,2,0,0,0,0.0,0,0,0,0,0,0
unequal,4,null,True,92,learned,2,0,0,0,0.0,0,0,0,0,0,0
unequal,4,null,False,93,poisson,2,0,0,0,0.0,0,0,0,0,0,0
unequal,4,null,False,93,fixed,2,0,0,0,0.0,0,0,0,0,0,0
unequal,4,null,False,93,learned,2,0,0,0,0.0,0,0,0,0,0,0
unequal,4,null,True,93,poisson,2,0,0,0,0.0,0,0,0,0,0,0
unequal,4,null,True,93,fixed,2,0,0,0,0.0,0,0,0,0,0,0
unequal,4,null,True,93,learned,2,0,0,0,0.0,0,0,0,0,0,0
unequal,4,null,False,94,poisson,2,0,0,0,0.0,0,0,0,0,0,0
unequal,4,null,False,94,fixed,2,0,0,0,0.0,0,0,0,0,0,0
unequal,4,null,False,94,learned,2,0,0,0,0.0,0,0,0,0,0,0
unequal,4,null,True,94,poisson,2,0,0,0,0.0,0,0,0,0,0,0
unequal,4,null,True,94,fixed,2,0,0,0,0.0,0,0,0,0,0,0
unequal,4,null,True,94,learned,2,0,0,0,0.0,0,0,0,0,0,0
unequal,4,null,False,95,poisson,4,0,0,0,0.0,0,0,0,0,0,0
unequal,4,null,False,95,fixed,4,0,0,0,0.0,0,0,0,0,0,0
unequal,4,null,False,95,learned,4,0,0,0,0.0,0,0,0,0,0,0
unequal,4,null,True,95,poisson,4,0,0,0,0.0,0,0,0,0,0,0
unequal,4,null,True,95,fixed,4,0,0,0,0.0,0,0,0,0,0,0
unequal,4,null,True,95,learned,4,0,0,0,0.0,0,0,0,0,0,0
unequal,4,null,False,96,poisson,0,0,0,0,0.0,0,0,0,0,0,0
unequal,4,null,False,96,fixed,0,0,0,0,0.0,0,0,0,0,0,0
unequal,4,null,False,96,learned,0,0,0,0,0.0,0,0,0,0,0,0
unequal,4,null,True,96,poisson,0,0,0,0,0.0,0,0,0,0,0,0
unequal,4,null,True,96,fixed,0,0,0,0,0.0,0,0,0,0,0,0
unequal,4,null,True,96,learned,0,0,0,0,0.0,0,0,0,0,0,0
unequal,4,null,False,97,poisson,4,0,0,0,0.0,0,0,0,0,0,0
unequal,4,null,False,97,fixed,4,0,0,0,0.0,0,0,0,0,0,0
unequal,4,null,False,97,learned,4,0,0,0,0.0,0,0,0,0,0,0
unequal,4,null,True,97,poisson,4,0,0,0,0.0,0,0,0,0,0,0
unequal,4,null,True,97,fixed,4,0,0,0,0.0,0,0,0,0,0,0
unequal,4,null,True,97,learned,4,0,0,0,0.0,0,0,0,0,0,0
unequal,4,null,False,98,poisson,0,0,0,0,0.0,0,0,0,0,0,0
unequal,4,null,False,98,fixed,0,0,0,0,0.0,0,0,0,0,0,0
unequal,4,null,False,98,learned,0,0,0,0,0.0,0,0,0,0,0,0
unequal,4,null,True,98,poisson,0,0,0,0,0.0,0,0,0,0,0,0
unequal,4,null,True,98,fixed,0,0,0,0,0.0,0,0,0,0,0,0
unequal,4,null,True,98,learned,0,0,0,0,0.0,0,0,0,0,0,0
unequal,4,null,False,99,poisson,0,0,0,0,0.0,0,0,0,0,0,0
unequal,4,null,False,99,fixed,0,0,0,0,0.0,0,0,0,0,0,0
unequal,4,null,False,99,learned,0,0,0,0,0.0,0,0,0,0,0,0
unequal,4,null,True,99,poisson,0,0,0,0,0.0,0,0,0,0,0,0
unequal,4,null,True,99,fixed,0,0,0,0,0.0,0,0,0,0,0,0
unequal,4,null,True,99,learned,0,0,0,0,0.0,0,0,0,0,0,0
unequal,4,moderate,False,0,poisson,4,0,0,0,0.0,3,0,2,0,2,0
unequal,4,moderate,False,0,fixed,4,2,0,0,0.0,3,1,2,1,2,1
unequal,4,moderate,False,0,learned,4,2,0,0,0.0,3,1,2,1,2,1
unequal,4,moderate,True,0,poisson,4,0,0,0,0.0,3,0,2,0,2,0
unequal,4,moderate,True,0,fixed,4,2,0,0,0.0,3,1,2,1,2,1
unequal,4,moderate,True,0,learned,4,2,0,0,0.0,3,1,2,1,2,1
unequal,4,moderate,False,1,poisson,0,0,0,0,0.0,3,0,0,0,0,0
unequal,4,moderate,False,1,fixed,0,0,0,0,0.0,3,0,0,0,0,0
unequal,4,moderate,False,1,learned,0,0,0,0,0.0,3,0,0,0,0,0
unequal,4,moderate,True,1,poisson,0,0,0,0,0.0,3,0,0,0,0,0
unequal,4,moderate,True,1,fixed,0,0,0,0,0.0,3,0,0,0,0,0
unequal,4,moderate,True,1,learned,0,0,0,0,0.0,3,0,0,0,0,0
unequal,4,moderate,False,2,poisson,2,0,0,0,0.0,3,0,1,0,1,0
unequal,4,moderate,False,2,fixed,2,2,0,0,0.0,3,1,1,1,1,1
unequal,4,moderate,False,2,learned,2,2,0,0,0.0,3,1,1,1,1,1
unequal,4,moderate,True,2,poisson,2,0,0,0,0.0,3,0,1,0,1,0
unequal,4,moderate,True,2,fixed,2,2,0,0,0.0,3,1,1,1,1,1
unequal,4,moderate,True,2,learned,2,2,0,0,0.0,3,1,1,1,1,1
unequal,4,moderate,False,3,poisson,2,0,0,0,0.0,3,0,1,0,2,0
unequal,4,moderate,False,3,fixed,2,0,0,0,0.0,3,0,1,0,2,0
unequal,4,moderate,False,3,learned,2,0,0,0,0.0,3,0,1,0,2,0
unequal,4,moderate,True,3,poisson,2,0,0,0,0.0,3,0,1,0,2,0
unequal,4,moderate,True,3,fixed,2,0,0,0,0.0,3,0,1,0,2,0
unequal,4,moderate,True,3,learned,2,0,0,0,0.0,3,0,1,0,2,0
unequal,4,moderate,False,4,poisson,2,0,0,0,0.0,3,0,2,0,2,0
unequal,4,moderate,False,4,fixed,2,2,0,0,0.0,3,1,2,1,2,1
unequal,4,moderate,False,4,learned,2,2,0,0,0.0,3,1,2,1,2,1
unequal,4,moderate,True,4,poisson,2,0,0,0,0.0,3,0,2,0,2,0
unequal,4,moderate,True,4,fixed,2,2,0,0,0.0,3,1,2,1,2,1
unequal,4,moderate,True,4,learned,2,2,0,0,0.0,3,1,2,1,2,1
unequal,4,moderate,False,5,poisson,4,0,0,0,0.0,3,0,2,0,2,0
unequal,4,moderate,False,5,fixed,4,0,0,0,0.0,3,0,2,0,2,0
unequal,4,moderate,False,5,learned,4,0,0,0,0.0,3,0,2,0,2,0
unequal,4,moderate,True,5,poisson,4,0,0,0,0.0,3,0,2,0,2,0
unequal,4,moderate,True,5,fixed,4,0,0,0,0.0,3,0,2,0,2,0
unequal,4,moderate,True,5,learned,4,0,0,0,0.0,3,0,2,0,2,0
unequal,4,moderate,False,6,poisson,4,0,0,0,0.0,3,0,2,0,2,0
unequal,4,moderate,False,6,fixed,4,2,0,0,0.0,3,1,2,1,2,1
unequal,4,moderate,False,6,learned,4,2,0,0,0.0,3,1,2,1,2,1
unequal,4,moderate,True,6,poisson,4,0,0,0,0.0,3,0,2,0,2,0
unequal,4,moderate,True,6,fixed,4,2,0,0,0.0,3,1,2,1,2,1
unequal,4,moderate,True,6,learned,4,2,0,0,0.0,3,1,2,1,2,1
unequal,4,moderate,False,7,poisson,0,0,0,0,0.0,3,0,1,0,1,0
unequal,4,moderate,False,7,fixed,0,0,0,0,0.0,3,0,1,0,1,0
unequal,4,moderate,False,7,learned,0,0,0,0,0.0,3,0,1,0,1,0
unequal,4,moderate,True,7,poisson,0,0,0,0,0.0,3,0,1,0,1,0
unequal,4,moderate,True,7,fixed,0,0,0,0,0.0,3,0,1,0,1,0
unequal,4,moderate,True,7,learned,0,0,0,0,0.0,3,0,1,0,1,0
unequal,4,moderate,False,8,poisson,2,0,0,0,0.0,3,0,3,0,3,0
unequal,4,moderate,False,8,fixed,2,2,0,0,0.0,3,1,3,1,3,1
unequal,4,moderate,False,8,learned,2,2,0,0,0.0,3,1,3,1,3,1
unequal,4,moderate,True,8,poisson,2,0,0,0,0.0,3,0,3,0,3,0
unequal,4,moderate,True,8,fixed,2,2,0,0,0.0,3,1,3,1,3,1
unequal,4,moderate,True,8,learned,2,2,0,0,0.0,3,1,3,1,3,1
unequal,4,moderate,False,9,poisson,0,0,0,0,0.0,3,0,0,0,1,0
unequal,4,moderate,False,9,fixed,0,0,0,0,0.0,3,0,0,0,1,0
unequal,4,moderate,False,9,learned,0,0,0,0,0.0,3,0,0,0,1,0
unequal,4,moderate,True,9,poisson,0,0,0,0,0.0,3,0,0,0,1,0
unequal,4,moderate,True,9,fixed,0,0,0,0,0.0,3,0,0,0,1,0
unequal,4,moderate,True,9,learned,0,0,0,0,0.0,3,0,0,0,1,0
unequal,4,moderate,False,10,poisson,2,0,0,0,0.0,3,0,1,0,1,0
unequal,4,moderate,False,10,fixed,2,2,0,0,0.0,3,1,1,1,1,1
unequal,4,moderate,False,10,learned,2,2,0,0,0.0,3,1,1,1,1,1
unequal,4,moderate,True,10,poisson,2,0,0,0,0.0,3,0,1,0,1,0
unequal,4,moderate,True,10,fixed,2,2,0,0,0.0,3,1,1,1,1,1
unequal,4,moderate,True,10,learned,2,2,0,0,0.0,3,1,1,1,1,1
unequal,4,moderate,False,11,poisson,2,0,0,0,0.0,3,0,1,0,1,0
unequal,4,moderate,False,11,fixed,2,2,0,0,0.0,3,1,1,1,1,1
unequal,4,moderate,False,11,learned,2,2,0,0,0.0,3,1,1,1,1,1
unequal,4,moderate,True,11,poisson,2,0,0,0,0.0,3,0,1,0,1,0
unequal,4,moderate,True,11,fixed,2,2,0,0,0.0,3,1,1,1,1,1
unequal,4,moderate,True,11,learned,2,2,0,0,0.0,3,1,1,1,1,1
unequal,4,moderate,False,12,poisson,4,0,0,0,0.0,3,0,2,0,2,0
unequal,4,moderate,False,12,fixed,4,0,0,0,0.0,3,0,2,0,2,0
unequal,4,moderate,False,12,learned,4,0,0,0,0.0,3,0,2,0,2,0
unequal,4,moderate,True,12,poisson,4,0,0,0,0.0,3,0,2,0,2,0
unequal,4,moderate,True,12,fixed,4,0,0,0,0.0,3,0,2,0,2,0
unequal,4,moderate,True,12,learned,4,0,0,0,0.0,3,0,2,0,2,0
unequal,4,moderate,False,13,poisson,4,0,0,0,0.0,3,0,0,0,0,0
unequal,4,moderate,False,13,fixed,4,2,2,1,1.0,3,0,0,0,0,0
unequal,4,moderate,False,13,learned,4,2,2,1,1.0,3,0,0,0,0,0
unequal,4,moderate,True,13,poisson,4,0,0,0,0.0,3,0,0,0,0,0
unequal,4,moderate,True,13,fixed,4,2,2,1,1.0,3,0,0,0,0,0
unequal,4,moderate,True,13,learned,4,2,2,1,1.0,3,0,0,0,0,0
unequal,4,moderate,False,14,poisson,6,0,0,0,0.0,3,0,3,0,3,0
unequal,4,moderate,False,14,fixed,6,2,0,0,0.0,3,1,3,1,3,1
unequal,4,moderate,False,14,learned,6,2,0,0,0.0,3,1,3,1,3,1
unequal,4,moderate,True,14,poisson,6,0,0,0,0.0,3,0,3,0,3,0
unequal,4,moderate,True,14,fixed,6,2,0,0,0.0,3,1,3,1,3,1
unequal,4,moderate,True,14,learned,6,2,0,0,0.0,3,1,3,1,3,1
unequal,4,moderate,False,15,poisson,4,0,0,0,0.0,3,0,2,0,2,0
unequal,4,moderate,False,15,fixed,4,2,2,1,1.0,3,0,2,0,2,0
unequal,4,moderate,False,15,learned,4,2,2,1,1.0,3,0,2,0,2,0
unequal,4,moderate,True,15,poisson,4,0,0,0,0.0,3,0,2,0,2,0
unequal,4,moderate,True,15,fixed,4,2,2,1,1.0,3,0,2,0,2,0
unequal,4,moderate,True,15,learned,4,2,2,1,1.0,3,0,2,0,2,0
unequal,4,moderate,False,16,poisson,4,0,0,0,0.0,3,0,3,0,3,0
unequal,4,moderate,False,16,fixed,4,0,0,0,0.0,3,0,3,0,3,0
unequal,4,moderate,False,16,learned,4,0,0,0,0.0,3,0,3,0,3,0
unequal,4,moderate,True,16,poisson,4,0,0,0,0.0,3,0,3,0,3,0
unequal,4,moderate,True,16,fixed,4,0,0,0,0.0,3,0,3,0,3,0
unequal,4,moderate,True,16,learned,4,0,0,0,0.0,3,0,3,0,3,0
unequal,4,moderate,False,17,poisson,0,0,0,0,0.0,3,0,0,0,0,0
unequal,4,moderate,False,17,fixed,0,0,0,0,0.0,3,0,0,0,0,0
unequal,4,moderate,False,17,learned,0,0,0,0,0.0,3,0,0,0,0,0
unequal,4,moderate,True,17,poisson,0,0,0,0,0.0,3,0,0,0,0,0
unequal,4,moderate,True,17,fixed,0,0,0,0,0.0,3,0,0,0,0,0
unequal,4,moderate,True,17,learned,0,0,0,0,0.0,3,0,0,0,0,0
unequal,4,moderate,False,18,poisson,2,0,0,0,0.0,3,0,2,0,2,0
unequal,4,moderate,False,18,fixed,2,2,0,0,0.0,3,1,2,1,2,1
unequal,4,moderate,False,18,learned,2,2,0,0,0.0,3,1,2,1,2,1
unequal,4,moderate,True,18,poisson,2,0,0,0,0.0,3,0,2,0,2,0
unequal,4,moderate,True,18,fixed,2,2,0,0,0.0,3,1,2,1,2,1
unequal,4,moderate,True,18,learned,2,2,0,0,0.0,3,1,2,1,2,1
unequal,4,moderate,False,19,poisson,2,2,2,1,1.0,3,0,0,0,1,0
unequal,4,moderate,False,19,fixed,2,0,0,0,0.0,3,0,0,0,1,0
unequal,4,moderate,False,19,learned,2,0,0,0,0.0,3,0,0,0,1,0
unequal,4,moderate,True,19,poisson,2,2,2,1,1.0,3,0,0,0,1,0
unequal,4,moderate,True,19,fixed,2,0,0,0,0.0,3,0,0,0,1,0
unequal,4,moderate,True,19,learned,2,0,0,0,0.0,3,0,0,0,1,0
unequal,4,moderate,False,20,poisson,2,0,0,0,0.0,3,0,3,0,3,0
unequal,4,moderate,False,20,fixed,2,0,0,0,0.0,3,0,3,0,3,0
unequal,4,moderate,False,20,learned,2,0,0,0,0.0,3,0,3,0,3,0
unequal,4,moderate,True,20,poisson,2,0,0,0,0.0,3,0,3,0,3,0
unequal,4,moderate,True,20,fixed,2,0,0,0,0.0,3,0,3,0,3,0
unequal,4,moderate,True,20,learned,2,0,0,0,0.0,3,0,3,0,3,0
unequal,4,moderate,False,21,poisson,0,0,0,0,0.0,3,0,1,0,2,0
unequal,4,moderate,False,21,fixed,0,0,0,0,0.0,3,0,1,0,2,0
unequal,4,moderate,False,21,learned,0,0,0,0,0.0,3,0,1,0,2,0
unequal,4,moderate,True,21,poisson,0,0,0,0,0.0,3,0,1,0,2,0
unequal,4,moderate,True,21,fixed,0,0,0,0,0.0,3,0,1,0,2,0
unequal,4,moderate,True,21,learned,0,0,0,0,0.0,3,0,1,0,2,0
unequal,4,moderate,False,22,poisson,2,2,2,1,1.0,3,0,1,0,2,0
unequal,4,moderate,False,22,fixed,2,0,0,0,0.0,3,0,1,0,2,0
unequal,4,moderate,False,22,learned,2,0,0,0,0.0,3,0,1,0,2,0
unequal,4,moderate,True,22,poisson,2,2,2,1,1.0,3,0,1,0,2,0
unequal,4,moderate,True,22,fixed,2,0,0,0,0.0,3,0,1,0,2,0
unequal,4,moderate,True,22,learned,2,0,0,0,0.0,3,0,1,0,2,0
unequal,4,moderate,False,23,poisson,2,0,0,0,0.0,3,0,0,0,0,0
unequal,4,moderate,False,23,fixed,2,0,0,0,0.0,3,0,0,0,0,0
unequal,4,moderate,False,23,learned,2,0,0,0,0.0,3,0,0,0,0,0
unequal,4,moderate,True,23,poisson,2,0,0,0,0.0,3,0,0,0,0,0
unequal,4,moderate,True,23,fixed,2,0,0,0,0.0,3,0,0,0,0,0
unequal,4,moderate,True,23,learned,2,0,0,0,0.0,3,0,0,0,0,0
unequal,4,moderate,False,24,poisson,2,0,0,0,0.0,3,0,2,0,2,0
unequal,4,moderate,False,24,fixed,2,2,0,0,0.0,3,1,2,1,2,1
unequal,4,moderate,False,24,learned,2,2,0,0,0.0,3,1,2,1,2,1
unequal,4,moderate,True,24,poisson,2,0,0,0,0.0,3,0,2,0,2,0
unequal,4,moderate,True,24,fixed,2,2,0,0,0.0,3,1,2,1,2,1
unequal,4,moderate,True,24,learned,2,2,0,0,0.0,3,1,2,1,2,1
unequal,4,moderate,False,25,poisson,4,0,0,0,0.0,3,0,1,0,3,0
unequal,4,moderate,False,25,fixed,4,0,0,0,0.0,3,0,1,0,3,0
unequal,4,moderate,False,25,learned,4,0,0,0,0.0,3,0,1,0,3,0
unequal,4,moderate,True,25,poisson,4,0,0,0,0.0,3,0,1,0,3,0
unequal,4,moderate,True,25,fixed,4,0,0,0,0.0,3,0,1,0,3,0
unequal,4,moderate,True,25,learned,4,0,0,0,0.0,3,0,1,0,3,0
unequal,4,moderate,False,26,poisson,6,0,0,0,0.0,3,0,3,0,3,0
unequal,4,moderate,False,26,fixed,6,0,0,0,0.0,3,0,3,0,3,0
unequal,4,moderate,False,26,learned,6,0,0,0,0.0,3,0,3,0,3,0
unequal,4,moderate,True,26,poisson,6,0,0,0,0.0,3,0,3,0,3,0
unequal,4,moderate,True,26,fixed,6,0,0,0,0.0,3,0,3,0,3,0
unequal,4,moderate,True,26,learned,6,0,0,0,0.0,3,0,3,0,3,0
unequal,4,moderate,False,27,poisson,2,0,0,0,0.0,3,0,2,0,2,0
unequal,4,moderate,False,27,fixed,2,2,0,0,0.0,3,1,2,1,2,1
unequal,4,moderate,False,27,learned,2,2,0,0,0.0,3,1,2,1,2,1
unequal,4,moderate,True,27,poisson,2,0,0,0,0.0,3,0,2,0,2,0
unequal,4,moderate,True,27,fixed,2,2,0,0,0.0,3,1,2,1,2,1
unequal,4,moderate,True,27,learned,2,2,0,0,0.0,3,1,2,1,2,1
unequal,4,moderate,False,28,poisson,6,0,0,0,0.0,3,0,1,0,2,0
unequal,4,moderate,False,28,fixed,6,2,0,0,0.0,3,1,1,1,2,1
unequal,4,moderate,False,28,learned,6,2,0,0,0.0,3,1,1,1,2,1
unequal,4,moderate,True,28,poisson,6,0,0,0,0.0,3,0,1,0,2,0
unequal,4,moderate,True,28,fixed,6,2,0,0,0.0,3,1,1,1,2,1
unequal,4,moderate,True,28,learned,6,2,0,0,0.0,3,1,1,1,2,1
unequal,4,moderate,False,29,poisson,2,0,0,0,0.0,3,0,2,0,2,0
unequal,4,moderate,False,29,fixed,2,2,0,0,0.0,3,1,2,1,2,1
unequal,4,moderate,False,29,learned,2,2,0,0,0.0,3,1,2,1,2,1
unequal,4,moderate,True,29,poisson,2,0,0,0,0.0,3,0,2,0,2,0
unequal,4,moderate,True,29,fixed,2,2,0,0,0.0,3,1,2,1,2,1
unequal,4,moderate,True,29,learned,2,2,0,0,0.0,3,1,2,1,2,1
unequal,4,moderate,False,30,poisson,6,0,0,0,0.0,3,0,2,0,3,0
unequal,4,moderate,False,30,fixed,6,2,0,0,0.0,3,1,2,1,3,1
unequal,4,moderate,False,30,learned,6,2,0,0,0.0,3,1,2,1,3,1
unequal,4,moderate,True,30,poisson,6,0,0,0,0.0,3,0,2,0,3,0
unequal,4,moderate,True,30,fixed,6,2,0,0,0.0,3,1,2,1,3,1
unequal,4,moderate,True,30,learned,6,2,0,0,0.0,3,1,2,1,3,1
unequal,4,moderate,False,31,poisson,2,2,0,0,0.0,3,1,2,1,2,1
unequal,4,moderate,False,31,fixed,2,0,0,0,0.0,3,0,2,0,2,0
unequal,4,moderate,False,31,learned,2,0,0,0,0.0,3,0,2,0,2,0
unequal,4,moderate,True,31,poisson,2,2,0,0,0.0,3,1,2,1,2,1
unequal,4,moderate,True,31,fixed,2,0,0,0,0.0,3,0,2,0,2,0
unequal,4,moderate,True,31,learned,2,0,0,0,0.0,3,0,2,0,2,0
unequal,4,moderate,False,32,poisson,0,0,0,0,0.0,3,0,2,0,2,0
unequal,4,moderate,False,32,fixed,0,0,0,0,0.0,3,0,2,0,2,0
unequal,4,moderate,False,32,learned,0,0,0,0,0.0,3,0,2,0,2,0
unequal,4,moderate,True,32,poisson,0,0,0,0,0.0,3,0,2,0,2,0
unequal,4,moderate,True,32,fixed,0,0,0,0,0.0,3,0,2,0,2,0
unequal,4,moderate,True,32,learned,0,0,0,0,0.0,3,0,2,0,2,0
unequal,4,moderate,False,33,poisson,2,0,0,0,0.0,3,0,2,0,2,0
unequal,4,moderate,False,33,fixed,2,0,0,0,0.0,3,0,2,0,2,0
unequal,4,moderate,False,33,learned,2,0,0,0,0.0,3,0,2,0,2,0
unequal,4,moderate,True,33,poisson,2,0,0,0,0.0,3,0,2,0,2,0
unequal,4,moderate,True,33,fixed,2,0,0,0,0.0,3,0,2,0,2,0
unequal,4,moderate,True,33,learned,2,0,0,0,0.0,3,0,2,0,2,0
unequal,4,moderate,False,34,poisson,4,0,0,0,0.0,3,0,1,0,2,0
unequal,4,moderate,False,34,fixed,4,2,0,0,0.0,3,1,1,1,2,1
unequal,4,moderate,False,34,learned,4,2,0,0,0.0,3,1,1,1,2,1
unequal,4,moderate,True,34,poisson,4,0,0,0,0.0,3,0,1,0,2,0
unequal,4,moderate,True,34,fixed,4,2,0,0,0.0,3,1,1,1,2,1
unequal,4,moderate,True,34,learned,4,2,0,0,0.0,3,1,1,1,2,1
unequal,4,moderate,False,35,poisson,0,0,0,0,0.0,3,0,0,0,1,0
unequal,4,moderate,False,35,fixed,0,0,0,0,0.0,3,0,0,0,1,0
unequal,4,moderate,False,35,learned,0,0,0,0,0.0,3,0,0,0,1,0
unequal,4,moderate,True,35,poisson,0,0,0,0,0.0,3,0,0,0,1,0
unequal,4,moderate,True,35,fixed,0,0,0,0,0.0,3,0,0,0,1,0
unequal,4,moderate,True,35,learned,0,0,0,0,0.0,3,0,0,0,1,0
unequal,4,moderate,False,36,poisson,0,0,0,0,0.0,3,0,1,0,2,0
unequal,4,moderate,False,36,fixed,0,0,0,0,0.0,3,0,1,0,2,0
unequal,4,moderate,False,36,learned,0,0,0,0,0.0,3,0,1,0,2,0
unequal,4,moderate,True,36,poisson,0,0,0,0,0.0,3,0,1,0,2,0
unequal,4,moderate,True,36,fixed,0,0,0,0,0.0,3,0,1,0,2,0
unequal,4,moderate,True,36,learned,0,0,0,0,0.0,3,0,1,0,2,0
unequal,4,moderate,False,37,poisson,0,0,0,0,0.0,3,0,0,0,0,0
unequal,4,moderate,False,37,fixed,0,0,0,0,0.0,3,0,0,0,0,0
unequal,4,moderate,False,37,learned,0,0,0,0,0.0,3,0,0,0,0,0
unequal,4,moderate,True,37,poisson,0,0,0,0,0.0,3,0,0,0,0,0
unequal,4,moderate,True,37,fixed,0,0,0,0,0.0,3,0,0,0,0,0
unequal,4,moderate,True,37,learned,0,0,0,0,0.0,3,0,0,0,0,0
unequal,4,moderate,False,38,poisson,4,0,0,0,0.0,3,0,2,0,2,0
unequal,4,moderate,False,38,fixed,4,0,0,0,0.0,3,0,2,0,2,0
unequal,4,moderate,False,38,learned,4,0,0,0,0.0,3,0,2,0,2,0
unequal,4,moderate,True,38,poisson,4,0,0,0,0.0,3,0,2,0,2,0
unequal,4,moderate,True,38,fixed,4,0,0,0,0.0,3,0,2,0,2,0
unequal,4,moderate,True,38,learned,4,0,0,0,0.0,3,0,2,0,2,0
unequal,4,moderate,False,39,poisson,4,0,0,0,0.0,3,0,2,0,2,0
unequal,4,moderate,False,39,fixed,4,2,0,0,0.0,3,1,2,1,2,1
unequal,4,moderate,False,39,learned,4,2,0,0,0.0,3,1,2,1,2,1
unequal,4,moderate,True,39,poisson,4,0,0,0,0.0,3,0,2,0,2,0
unequal,4,moderate,True,39,fixed,4,2,0,0,0.0,3,1,2,1,2,1
unequal,4,moderate,True,39,learned,4,2,0,0,0.0,3,1,2,1,2,1
unequal,4,moderate,False,40,poisson,2,0,0,0,0.0,3,0,1,0,1,0
unequal,4,moderate,False,40,fixed,2,2,0,0,0.0,3,1,1,1,1,1
unequal,4,moderate,False,40,learned,2,2,0,0,0.0,3,1,1,1,1,1
unequal,4,moderate,True,40,poisson,2,0,0,0,0.0,3,0,1,0,1,0
unequal,4,moderate,True,40,fixed,2,2,0,0,0.0,3,1,1,1,1,1
unequal,4,moderate,True,40,learned,2,2,0,0,0.0,3,1,1,1,1,1
unequal,4,moderate,False,41,poisson,0,0,0,0,0.0,3,0,0,0,0,0
unequal,4,moderate,False,41,fixed,0,0,0,0,0.0,3,0,0,0,0,0
unequal,4,moderate,False,41,learned,0,0,0,0,0.0,3,0,0,0,0,0
unequal,4,moderate,True,41,poisson,0,0,0,0,0.0,3,0,0,0,0,0
unequal,4,moderate,True,41,fixed,0,0,0,0,0.0,3,0,0,0,0,0
unequal,4,moderate,True,41,learned,0,0,0,0,0.0,3,0,0,0,0,0
unequal,4,moderate,False,42,poisson,2,0,0,0,0.0,3,0,1,0,2,0
unequal,4,moderate,False,42,fixed,2,0,0,0,0.0,3,0,1,0,2,0
unequal,4,moderate,False,42,learned,2,0,0,0,0.0,3,0,1,0,2,0
unequal,4,moderate,True,42,poisson,2,0,0,0,0.0,3,0,1,0,2,0
unequal,4,moderate,True,42,fixed,2,0,0,0,0.0,3,0,1,0,2,0
unequal,4,moderate,True,42,learned,2,0,0,0,0.0,3,0,1,0,2,0
unequal,4,moderate,False,43,poisson,4,0,0,0,0.0,3,0,2,0,2,0
unequal,4,moderate,False,43,fixed,4,0,0,0,0.0,3,0,2,0,2,0
unequal,4,moderate,False,43,learned,4,0,0,0,0.0,3,0,2,0,2,0
unequal,4,moderate,True,43,poisson,4,0,0,0,0.0,3,0,2,0,2,0
unequal,4,moderate,True,43,fixed,4,0,0,0,0.0,3,0,2,0,2,0
unequal,4,moderate,True,43,learned,4,0,0,0,0.0,3,0,2,0,2,0
unequal,4,moderate,False,44,poisson,2,0,0,0,0.0,3,0,1,0,1,0
unequal,4,moderate,False,44,fixed,2,2,0,0,0.0,3,1,1,1,1,1
unequal,4,moderate,False,44,learned,2,2,0,0,0.0,3,1,1,1,1,1
unequal,4,moderate,True,44,poisson,2,0,0,0,0.0,3,0,1,0,1,0
unequal,4,moderate,True,44,fixed,2,2,0,0,0.0,3,1,1,1,1,1
unequal,4,moderate,True,44,learned,2,2,0,0,0.0,3,1,1,1,1,1
unequal,4,moderate,False,45,poisson,4,0,0,0,0.0,3,0,1,0,1,0
unequal,4,moderate,False,45,fixed,4,2,0,0,0.0,3,1,1,1,1,1
unequal,4,moderate,False,45,learned,4,2,0,0,0.0,3,1,1,1,1,1
unequal,4,moderate,True,45,poisson,4,0,0,0,0.0,3,0,1,0,1,0
unequal,4,moderate,True,45,fixed,4,2,0,0,0.0,3,1,1,1,1,1
unequal,4,moderate,True,45,learned,4,2,0,0,0.0,3,1,1,1,1,1
unequal,4,moderate,False,46,poisson,2,0,0,0,0.0,3,0,2,0,3,0
unequal,4,moderate,False,46,fixed,2,0,0,0,0.0,3,0,2,0,3,0
unequal,4,moderate,False,46,learned,2,0,0,0,0.0,3,0,2,0,3,0
unequal,4,moderate,True,46,poisson,2,0,0,0,0.0,3,0,2,0,3,0
unequal,4,moderate,True,46,fixed,2,0,0,0,0.0,3,0,2,0,3,0
unequal,4,moderate,True,46,learned,2,0,0,0,0.0,3,0,2,0,3,0
unequal,4,moderate,False,47,poisson,6,0,0,0,0.0,3,0,2,0,2,0
unequal,4,moderate,False,47,fixed,6,4,0,0,0.0,3,2,2,2,2,2
unequal,4,moderate,False,47,learned,6,0,0,0,0.0,3,0,2,0,2,0
unequal,4,moderate,True,47,poisson,6,0,0,0,0.0,3,0,2,0,2,0
unequal,4,moderate,True,47,fixed,6,4,0,0,0.0,3,2,2,2,2,2
unequal,4,moderate,True,47,learned,6,0,0,0,0.0,3,0,2,0,2,0
unequal,4,moderate,False,48,poisson,6,0,0,0,0.0,3,0,2,0,2,0
unequal,4,moderate,False,48,fixed,6,2,0,0,0.0,3,1,2,1,2,1
unequal,4,moderate,False,48,learned,6,2,0,0,0.0,3,1,2,1,2,1
unequal,4,moderate,True,48,poisson,6,0,0,0,0.0,3,0,2,0,2,0
unequal,4,moderate,True,48,fixed,6,2,0,0,0.0,3,1,2,1,2,1
unequal,4,moderate,True,48,learned,6,2,0,0,0.0,3,1,2,1,2,1
unequal,4,moderate,False,49,poisson,2,0,0,0,0.0,3,0,1,0,1,0
unequal,4,moderate,False,49,fixed,2,0,0,0,0.0,3,0,1,0,1,0
unequal,4,moderate,False,49,learned,2,0,0,0,0.0,3,0,1,0,1,0
unequal,4,moderate,True,49,poisson,2,0,0,0,0.0,3,0,1,0,1,0
unequal,4,moderate,True,49,fixed,2,0,0,0,0.0,3,0,1,0,1,0
unequal,4,moderate,True,49,learned,2,0,0,0,0.0,3,0,1,0,1,0
unequal,4,moderate,False,50,poisson,0,0,0,0,0.0,3,0,1,0,1,0
unequal,4,moderate,False,50,fixed,0,0,0,0,0.0,3,0,1,0,1,0
unequal,4,moderate,False,50,learned,0,0,0,0,0.0,3,0,1,0,1,0
unequal,4,moderate,True,50,poisson,0,0,0,0,0.0,3,0,1,0,1,0
unequal,4,moderate,True,50,fixed,0,0,0,0,0.0,3,0,1,0,1,0
unequal,4,moderate,True,50,learned,0,0,0,0,0.0,3,0,1,0,1,0
unequal,4,moderate,False,51,poisson,0,0,0,0,0.0,3,0,1,0,2,0
unequal,4,moderate,False,51,fixed,0,0,0,0,0.0,3,0,1,0,2,0
unequal,4,moderate,False,51,learned,0,0,0,0,0.0,3,0,1,0,2,0
unequal,4,moderate,True,51,poisson,0,0,0,0,0.0,3,0,1,0,2,0
unequal,4,moderate,True,51,fixed,0,0,0,0,0.0,3,0,1,0,2,0
unequal,4,moderate,True,51,learned,0,0,0,0,0.0,3,0,1,0,2,0
unequal,4,moderate,False,52,poisson,4,0,0,0,0.0,3,0,2,0,3,0
unequal,4,moderate,False,52,fixed,4,2,0,0,0.0,3,1,2,1,3,1
unequal,4,moderate,False,52,learned,4,2,0,0,0.0,3,1,2,1,3,1
unequal,4,moderate,True,52,poisson,4,0,0,0,0.0,3,0,2,0,3,0
unequal,4,moderate,True,52,fixed,4,2,0,0,0.0,3,1,2,1,3,1
unequal,4,moderate,True,52,learned,4,2,0,0,0.0,3,1,2,1,3,1
unequal,4,moderate,False,53,poisson,4,0,0,0,0.0,3,0,2,0,2,0
unequal,4,moderate,False,53,fixed,4,0,0,0,0.0,3,0,2,0,2,0
unequal,4,moderate,False,53,learned,4,0,0,0,0.0,3,0,2,0,2,0
unequal,4,moderate,True,53,poisson,4,0,0,0,0.0,3,0,2,0,2,0
unequal,4,moderate,True,53,fixed,4,0,0,0,0.0,3,0,2,0,2,0
unequal,4,moderate,True,53,learned,4,0,0,0,0.0,3,0,2,0,2,0
unequal,4,moderate,False,54,poisson,0,0,0,0,0.0,3,0,1,0,1,0
unequal,4,moderate,False,54,fixed,0,0,0,0,0.0,3,0,1,0,1,0
unequal,4,moderate,False,54,learned,0,0,0,0,0.0,3,0,1,0,1,0
unequal,4,moderate,True,54,poisson,0,0,0,0,0.0,3,0,1,0,1,0
unequal,4,moderate,True,54,fixed,0,0,0,0,0.0,3,0,1,0,1,0
unequal,4,moderate,True,54,learned,0,0,0,0,0.0,3,0,1,0,1,0
unequal,4,moderate,False,55,poisson,4,0,0,0,0.0,3,0,2,0,2,0
unequal,4,moderate,False,55,fixed,4,0,0,0,0.0,3,0,2,0,2,0
unequal,4,moderate,False,55,learned,4,0,0,0,0.0,3,0,2,0,2,0
unequal,4,moderate,True,55,poisson,4,0,0,0,0.0,3,0,2,0,2,0
unequal,4,moderate,True,55,fixed,4,0,0,0,0.0,3,0,2,0,2,0
unequal,4,moderate,True,55,learned,4,0,0,0,0.0,3,0,2,0,2,0
unequal,4,moderate,False,56,poisson,4,0,0,0,0.0,3,0,0,0,1,0
unequal,4,moderate,False,56,fixed,4,0,0,0,0.0,3,0,0,0,1,0
unequal,4,moderate,False,56,learned,4,0,0,0,0.0,3,0,0,0,1,0
unequal,4,moderate,True,56,poisson,4,0,0,0,0.0,3,0,0,0,1,0
unequal,4,moderate,True,56,fixed,4,0,0,0,0.0,3,0,0,0,1,0
unequal,4,moderate,True,56,learned,4,0,0,0,0.0,3,0,0,0,1,0
unequal,4,moderate,False,57,poisson,4,0,0,0,0.0,3,0,2,0,2,0
unequal,4,moderate,False,57,fixed,4,0,0,0,0.0,3,0,2,0,2,0
unequal,4,moderate,False,57,learned,4,0,0,0,0.0,3,0,2,0,2,0
unequal,4,moderate,True,57,poisson,4,0,0,0,0.0,3,0,2,0,2,0
unequal,4,moderate,True,57,fixed,4,0,0,0,0.0,3,0,2,0,2,0
unequal,4,moderate,True,57,learned,4,0,0,0,0.0,3,0,2,0,2,0
unequal,4,moderate,False,58,poisson,0,0,0,0,0.0,3,0,0,0,1,0
unequal,4,moderate,False,58,fixed,0,0,0,0,0.0,3,0,0,0,1,0
unequal,4,moderate,False,58,learned,0,0,0,0,0.0,3,0,0,0,1,0
unequal,4,moderate,True,58,poisson,0,0,0,0,0.0,3,0,0,0,1,0
unequal,4,moderate,True,58,fixed,0,0,0,0,0.0,3,0,0,0,1,0
unequal,4,moderate,True,58,learned,0,0,0,0,0.0,3,0,0,0,1,0
unequal,4,moderate,False,59,poisson,2,0,0,0,0.0,3,0,1,0,2,0
unequal,4,moderate,False,59,fixed,2,0,0,0,0.0,3,0,1,0,2,0
unequal,4,moderate,False,59,learned,2,0,0,0,0.0,3,0,1,0,2,0
unequal,4,moderate,True,59,poisson,2,0,0,0,0.0,3,0,1,0,2,0
unequal,4,moderate,True,59,fixed,2,0,0,0,0.0,3,0,1,0,2,0
unequal,4,moderate,True,59,learned,2,0,0,0,0.0,3,0,1,0,2,0
unequal,4,moderate,False,60,poisson,2,0,0,0,0.0,3,0,2,0,2,0
unequal,4,moderate,False,60,fixed,2,2,0,0,0.0,3,1,2,1,2,1
unequal,4,moderate,False,60,learned,2,2,0,0,0.0,3,1,2,1,2,1
unequal,4,moderate,True,60,poisson,2,0,0,0,0.0,3,0,2,0,2,0
unequal,4,moderate,True,60,fixed,2,2,0,0,0.0,3,1,2,1,2,1
unequal,4,moderate,True,60,learned,2,2,0,0,0.0,3,1,2,1,2,1
unequal,4,moderate,False,61,poisson,4,2,2,1,1.0,3,0,1,0,1,0
unequal,4,moderate,False,61,fixed,4,0,0,0,0.0,3,0,1,0,1,0
unequal,4,moderate,False,61,learned,4,0,0,0,0.0,3,0,1,0,1,0
unequal,4,moderate,True,61,poisson,4,2,2,1,1.0,3,0,1,0,1,0
unequal,4,moderate,True,61,fixed,4,0,0,0,0.0,3,0,1,0,1,0
unequal,4,moderate,True,61,learned,4,0,0,0,0.0,3,0,1,0,1,0
unequal,4,moderate,False,62,poisson,2,0,0,0,0.0,3,0,1,0,1,0
unequal,4,moderate,False,62,fixed,2,2,0,0,0.0,3,1,1,1,1,1
unequal,4,moderate,False,62,learned,2,2,0,0,0.0,3,1,1,1,1,1
unequal,4,moderate,True,62,poisson,2,0,0,0,0.0,3,0,1,0,1,0
unequal,4,moderate,True,62,fixed,2,2,0,0,0.0,3,1,1,1,1,1
unequal,4,moderate,True,62,learned,2,2,0,0,0.0,3,1,1,1,1,1
unequal,4,moderate,False,63,poisson,2,0,0,0,0.0,3,0,3,0,3,0
unequal,4,moderate,False,63,fixed,2,0,0,0,0.0,3,0,3,0,3,0
unequal,4,moderate,False,63,learned,2,0,0,0,0.0,3,0,3,0,3,0
unequal,4,moderate,True,63,poisson,2,0,0,0,0.0,3,0,3,0,3,0
unequal,4,moderate,True,63,fixed,2,0,0,0,0.0,3,0,3,0,3,0
unequal,4,moderate,True,63,learned,2,0,0,0,0.0,3,0,3,0,3,0
unequal,4,moderate,False,64,poisson,6,0,0,0,0.0,3,0,1,0,1,0
unequal,4,moderate,False,64,fixed,6,0,0,0,0.0,3,0,1,0,1,0
unequal,4,moderate,False,64,learned,6,0,0,0,0.0,3,0,1,0,1,0
unequal,4,moderate,True,64,poisson,6,0,0,0,0.0,3,0,1,0,1,0
unequal,4,moderate,True,64,fixed,6,0,0,0,0.0,3,0,1,0,1,0
unequal,4,moderate,True,64,learned,6,0,0,0,0.0,3,0,1,0,1,0
unequal,4,moderate,False,65,poisson,0,0,0,0,0.0,3,0,2,0,3,0
unequal,4,moderate,False,65,fixed,0,0,0,0,0.0,3,0,2,0,3,0
unequal,4,moderate,False,65,learned,0,0,0,0,0.0,3,0,2,0,3,0
unequal,4,moderate,True,65,poisson,0,0,0,0,0.0,3,0,2,0,3,0
unequal,4,moderate,True,65,fixed,0,0,0,0,0.0,3,0,2,0,3,0
unequal,4,moderate,True,65,learned,0,0,0,0,0.0,3,0,2,0,3,0
unequal,4,moderate,False,66,poisson,2,0,0,0,0.0,3,0,0,0,0,0
unequal,4,moderate,False,66,fixed,2,0,0,0,0.0,3,0,0,0,0,0
unequal,4,moderate,False,66,learned,2,0,0,0,0.0,3,0,0,0,0,0
unequal,4,moderate,True,66,poisson,2,0,0,0,0.0,3,0,0,0,0,0
unequal,4,moderate,True,66,fixed,2,0,0,0,0.0,3,0,0,0,0,0
unequal,4,moderate,True,66,learned,2,0,0,0,0.0,3,0,0,0,0,0
unequal,4,moderate,False,67,poisson,4,0,0,0,0.0,3,0,2,0,2,0
unequal,4,moderate,False,67,fixed,4,2,0,0,0.0,3,1,2,1,2,1
unequal,4,moderate,False,67,learned,4,2,0,0,0.0,3,1,2,1,2,1
unequal,4,moderate,True,67,poisson,4,0,0,0,0.0,3,0,2,0,2,0
unequal,4,moderate,True,67,fixed,4,2,0,0,0.0,3,1,2,1,2,1
unequal,4,moderate,True,67,learned,4,2,0,0,0.0,3,1,2,1,2,1
unequal,4,moderate,False,68,poisson,4,0,0,0,0.0,3,0,2,0,3,0
unequal,4,moderate,False,68,fixed,4,2,0,0,0.0,3,1,2,1,3,1
unequal,4,moderate,False,68,learned,4,0,0,0,0.0,3,0,2,0,3,0
unequal,4,moderate,True,68,poisson,4,0,0,0,0.0,3,0,2,0,3,0
unequal,4,moderate,True,68,fixed,4,2,0,0,0.0,3,1,2,1,3,1
unequal,4,moderate,True,68,learned,4,0,0,0,0.0,3,0,2,0,3,0
unequal,4,moderate,False,69,poisson,4,0,0,0,0.0,3,0,2,0,2,0
unequal,4,moderate,False,69,fixed,4,2,0,0,0.0,3,1,2,1,2,1
unequal,4,moderate,False,69,learned,4,2,0,0,0.0,3,1,2,1,2,1
unequal,4,moderate,True,69,poisson,4,0,0,0,0.0,3,0,2,0,2,0
unequal,4,moderate,True,69,fixed,4,2,0,0,0.0,3,1,2,1,2,1
unequal,4,moderate,True,69,learned,4,2,0,0,0.0,3,1,2,1,2,1
unequal,4,moderate,False,70,poisson,8,0,0,0,0.0,3,0,2,0,2,0
unequal,4,moderate,False,70,fixed,8,2,0,0,0.0,3,1,2,1,2,1
unequal,4,moderate,False,70,learned,8,2,0,0,0.0,3,1,2,1,2,1
unequal,4,moderate,True,70,poisson,8,0,0,0,0.0,3,0,2,0,2,0
unequal,4,moderate,True,70,fixed,8,2,0,0,0.0,3,1,2,1,2,1
unequal,4,moderate,True,70,learned,8,2,0,0,0.0,3,1,2,1,2,1
unequal,4,moderate,False,71,poisson,8,0,0,0,0.0,3,0,1,0,1,0
unequal,4,moderate,False,71,fixed,8,2,0,0,0.0,3,1,1,1,1,1
unequal,4,moderate,False,71,learned,8,2,0,0,0.0,3,1,1,1,1,1
unequal,4,moderate,True,71,poisson,8,0,0,0,0.0,3,0,1,0,1,0
unequal,4,moderate,True,71,fixed,8,2,0,0,0.0,3,1,1,1,1,1
unequal,4,moderate,True,71,learned,8,2,0,0,0.0,3,1,1,1,1,1
unequal,4,moderate,False,72,poisson,4,0,0,0,0.0,3,0,2,0,2,0
unequal,4,moderate,False,72,fixed,4,2,0,0,0.0,3,1,2,1,2,1
unequal,4,moderate,False,72,learned,4,2,0,0,0.0,3,1,2,1,2,1
unequal,4,moderate,True,72,poisson,4,0,0,0,0.0,3,0,2,0,2,0
unequal,4,moderate,True,72,fixed,4,2,0,0,0.0,3,1,2,1,2,1
unequal,4,moderate,True,72,learned,4,2,0,0,0.0,3,1,2,1,2,1
unequal,4,moderate,False,73,poisson,2,0,0,0,0.0,3,0,1,0,2,0
unequal,4,moderate,False,73,fixed,2,2,0,0,0.0,3,1,1,1,2,1
unequal,4,moderate,False,73,learned,2,2,0,0,0.0,3,1,1,1,2,1
unequal,4,moderate,True,73,poisson,2,0,0,0,0.0,3,0,1,0,2,0
unequal,4,moderate,True,73,fixed,2,2,0,0,0.0,3,1,1,1,2,1
unequal,4,moderate,True,73,learned,2,2,0,0,0.0,3,1,1,1,2,1
unequal,4,moderate,False,74,poisson,0,0,0,0,0.0,3,0,1,0,1,0
unequal,4,moderate,False,74,fixed,0,0,0,0,0.0,3,0,1,0,1,0
unequal,4,moderate,False,74,learned,0,0,0,0,0.0,3,0,1,0,1,0
unequal,4,moderate,True,74,poisson,0,0,0,0,0.0,3,0,1,0,1,0
unequal,4,moderate,True,74,fixed,0,0,0,0,0.0,3,0,1,0,1,0
unequal,4,moderate,True,74,learned,0,0,0,0,0.0,3,0,1,0,1,0
unequal,4,moderate,False,75,poisson,6,0,0,0,0.0,3,0,2,0,2,0
unequal,4,moderate,False,75,fixed,6,0,0,0,0.0,3,0,2,0,2,0
unequal,4,moderate,False,75,learned,6,0,0,0,0.0,3,0,2,0,2,0
unequal,4,moderate,True,75,poisson,6,0,0,0,0.0,3,0,2,0,2,0
unequal,4,moderate,True,75,fixed,6,0,0,0,0.0,3,0,2,0,2,0
unequal,4,moderate,True,75,learned,6,0,0,0,0.0,3,0,2,0,2,0
unequal,4,moderate,False,76,poisson,2,0,0,0,0.0,3,0,1,0,1,0
unequal,4,moderate,False,76,fixed,2,0,0,0,0.0,3,0,1,0,1,0
unequal,4,moderate,False,76,learned,2,0,0,0,0.0,3,0,1,0,1,0
unequal,4,moderate,True,76,poisson,2,0,0,0,0.0,3,0,1,0,1,0
unequal,4,moderate,True,76,fixed,2,0,0,0,0.0,3,0,1,0,1,0
unequal,4,moderate,True,76,learned,2,0,0,0,0.0,3,0,1,0,1,0
unequal,4,moderate,False,77,poisson,2,0,0,0,0.0,3,0,0,0,1,0
unequal,4,moderate,False,77,fixed,2,0,0,0,0.0,3,0,0,0,1,0
unequal,4,moderate,False,77,learned,2,0,0,0,0.0,3,0,0,0,1,0
unequal,4,moderate,True,77,poisson,2,0,0,0,0.0,3,0,0,0,1,0
unequal,4,moderate,True,77,fixed,2,0,0,0,0.0,3,0,0,0,1,0
unequal,4,moderate,True,77,learned,2,0,0,0,0.0,3,0,0,0,1,0
unequal,4,moderate,False,78,poisson,6,0,0,0,0.0,3,0,3,0,3,0
unequal,4,moderate,False,78,fixed,6,2,0,0,0.0,3,1,3,1,3,1
unequal,4,moderate,False,78,learned,6,2,0,0,0.0,3,1,3,1,3,1
unequal,4,moderate,True,78,poisson,6,0,0,0,0.0,3,0,3,0,3,0
unequal,4,moderate,True,78,fixed,6,2,0,0,0.0,3,1,3,1,3,1
unequal,4,moderate,True,78,learned,6,2,0,0,0.0,3,1,3,1,3,1
unequal,4,moderate,False,79,poisson,2,2,0,0,0.0,3,1,3,1,3,1
unequal,4,moderate,False,79,fixed,2,2,0,0,0.0,3,1,3,1,3,1
unequal,4,moderate,False,79,learned,2,2,0,0,0.0,3,1,3,1,3,1
unequal,4,moderate,True,79,poisson,2,2,0,0,0.0,3,1,3,1,3,1
unequal,4,moderate,True,79,fixed,2,2,0,0,0.0,3,1,3,1,3,1
unequal,4,moderate,True,79,learned,2,2,0,0,0.0,3,1,3,1,3,1
unequal,4,moderate,False,80,poisson,4,0,0,0,0.0,3,0,2,0,2,0
unequal,4,moderate,False,80,fixed,4,0,0,0,0.0,3,0,2,0,2,0
unequal,4,moderate,False,80,learned,4,0,0,0,0.0,3,0,2,0,2,0
unequal,4,moderate,True,80,poisson,4,0,0,0,0.0,3,0,2,0,2,0
unequal,4,moderate,True,80,fixed,4,0,0,0,0.0,3,0,2,0,2,0
unequal,4,moderate,True,80,learned,4,0,0,0,0.0,3,0,2,0,2,0
unequal,4,moderate,False,81,poisson,6,0,0,0,0.0,3,0,2,0,2,0
unequal,4,moderate,False,81,fixed,6,2,0,0,0.0,3,1,2,1,2,1
unequal,4,moderate,False,81,learned,6,2,0,0,0.0,3,1,2,1,2,1
unequal,4,moderate,True,81,poisson,6,0,0,0,0.0,3,0,2,0,2,0
unequal,4,moderate,True,81,fixed,6,2,0,0,0.0,3,1,2,1,2,1
unequal,4,moderate,True,81,learned,6,2,0,0,0.0,3,1,2,1,2,1
unequal,4,moderate,False,82,poisson,4,0,0,0,0.0,3,0,1,0,1,0
unequal,4,moderate,False,82,fixed,4,2,0,0,0.0,3,1,1,1,1,1
unequal,4,moderate,False,82,learned,4,2,0,0,0.0,3,1,1,1,1,1
unequal,4,moderate,True,82,poisson,4,0,0,0,0.0,3,0,1,0,1,0
unequal,4,moderate,True,82,fixed,4,2,0,0,0.0,3,1,1,1,1,1
unequal,4,moderate,True,82,learned,4,2,0,0,0.0,3,1,1,1,1,1
unequal,4,moderate,False,83,poisson,6,0,0,0,0.0,3,0,2,0,2,0
unequal,4,moderate,False,83,fixed,6,2,0,0,0.0,3,1,2,1,2,1
unequal,4,moderate,False,83,learned,6,2,0,0,0.0,3,1,2,1,2,1
unequal,4,moderate,True,83,poisson,6,0,0,0,0.0,3,0,2,0,2,0
unequal,4,moderate,True,83,fixed,6,2,0,0,0.0,3,1,2,1,2,1
unequal,4,moderate,True,83,learned,6,2,0,0,0.0,3,1,2,1,2,1
unequal,4,moderate,False,84,poisson,6,0,0,0,0.0,3,0,2,0,2,0
unequal,4,moderate,False,84,fixed,6,2,0,0,0.0,3,1,2,1,2,1
unequal,4,moderate,False,84,learned,6,2,0,0,0.0,3,1,2,1,2,1
unequal,4,moderate,True,84,poisson,6,0,0,0,0.0,3,0,2,0,2,0
unequal,4,moderate,True,84,fixed,6,2,0,0,0.0,3,1,2,1,2,1
unequal,4,moderate,True,84,learned,6,2,0,0,0.0,3,1,2,1,2,1
unequal,4,moderate,False,85,poisson,2,0,0,0,0.0,3,0,2,0,2,0
unequal,4,moderate,False,85,fixed,2,0,0,0,0.0,3,0,2,0,2,0
unequal,4,moderate,False,85,learned,2,0,0,0,0.0,3,0,2,0,2,0
unequal,4,moderate,True,85,poisson,2,0,0,0,0.0,3,0,2,0,2,0
unequal,4,moderate,True,85,fixed,2,0,0,0,0.0,3,0,2,0,2,0
unequal,4,moderate,True,85,learned,2,0,0,0,0.0,3,0,2,0,2,0
unequal,4,moderate,False,86,poisson,0,0,0,0,0.0,3,0,1,0,2,0
unequal,4,moderate,False,86,fixed,0,0,0,0,0.0,3,0,1,0,2,0
unequal,4,moderate,False,86,learned,0,0,0,0,0.0,3,0,1,0,2,0
unequal,4,moderate,True,86,poisson,0,0,0,0,0.0,3,0,1,0,2,0
unequal,4,moderate,True,86,fixed,0,0,0,0,0.0,3,0,1,0,2,0
unequal,4,moderate,True,86,learned,0,0,0,0,0.0,3,0,1,0,2,0
unequal,4,moderate,False,87,poisson,2,0,0,0,0.0,3,0,2,0,2,0
unequal,4,moderate,False,87,fixed,2,0,0,0,0.0,3,0,2,0,2,0
unequal,4,moderate,False,87,learned,2,0,0,0,0.0,3,0,2,0,2,0
unequal,4,moderate,True,87,poisson,2,0,0,0,0.0,3,0,2,0,2,0
unequal,4,moderate,True,87,fixed,2,0,0,0,0.0,3,0,2,0,2,0
unequal,4,moderate,True,87,learned,2,0,0,0,0.0,3,0,2,0,2,0
unequal,4,moderate,False,88,poisson,0,0,0,0,0.0,3,0,0,0,2,0
unequal,4,moderate,False,88,fixed,0,0,0,0,0.0,3,0,0,0,2,0
unequal,4,moderate,False,88,learned,0,0,0,0,0.0,3,0,0,0,2,0
unequal,4,moderate,True,88,poisson,0,0,0,0,0.0,3,0,0,0,2,0
unequal,4,moderate,True,88,fixed,0,0,0,0,0.0,3,0,0,0,2,0
unequal,4,moderate,True,88,learned,0,0,0,0,0.0,3,0,0,0,2,0
unequal,4,moderate,False,89,poisson,4,0,0,0,0.0,3,0,1,0,2,0
unequal,4,moderate,False,89,fixed,4,0,0,0,0.0,3,0,1,0,2,0
unequal,4,moderate,False,89,learned,4,0,0,0,0.0,3,0,1,0,2,0
unequal,4,moderate,True,89,poisson,4,0,0,0,0.0,3,0,1,0,2,0
unequal,4,moderate,True,89,fixed,4,0,0,0,0.0,3,0,1,0,2,0
unequal,4,moderate,True,89,learned,4,0,0,0,0.0,3,0,1,0,2,0
unequal,4,moderate,False,90,poisson,0,0,0,0,0.0,3,0,1,0,1,0
unequal,4,moderate,False,90,fixed,0,0,0,0,0.0,3,0,1,0,1,0
unequal,4,moderate,False,90,learned,0,0,0,0,0.0,3,0,1,0,1,0
unequal,4,moderate,True,90,poisson,0,0,0,0,0.0,3,0,1,0,1,0
unequal,4,moderate,True,90,fixed,0,0,0,0,0.0,3,0,1,0,1,0
unequal,4,moderate,True,90,learned,0,0,0,0,0.0,3,0,1,0,1,0
unequal,4,moderate,False,91,poisson,4,0,0,0,0.0,3,0,1,0,3,0
unequal,4,moderate,False,91,fixed,4,0,0,0,0.0,3,0,1,0,3,0
unequal,4,moderate,False,91,learned,4,0,0,0,0.0,3,0,1,0,3,0
unequal,4,moderate,True,91,poisson,4,0,0,0,0.0,3,0,1,0,3,0
unequal,4,moderate,True,91,fixed,4,0,0,0,0.0,3,0,1,0,3,0
unequal,4,moderate,True,91,learned,4,0,0,0,0.0,3,0,1,0,3,0
unequal,4,moderate,False,92,poisson,4,0,0,0,0.0,3,0,2,0,2,0
unequal,4,moderate,False,92,fixed,4,0,0,0,0.0,3,0,2,0,2,0
unequal,4,moderate,False,92,learned,4,0,0,0,0.0,3,0,2,0,2,0
unequal,4,moderate,True,92,poisson,4,0,0,0,0.0,3,0,2,0,2,0
unequal,4,moderate,True,92,fixed,4,0,0,0,0.0,3,0,2,0,2,0
unequal,4,moderate,True,92,learned,4,0,0,0,0.0,3,0,2,0,2,0
unequal,4,moderate,False,93,poisson,2,0,0,0,0.0,3,0,2,0,3,0
unequal,4,moderate,False,93,fixed,2,2,0,0,0.0,3,1,2,1,3,1
unequal,4,moderate,False,93,learned,2,2,0,0,0.0,3,1,2,1,3,1
unequal,4,moderate,True,93,poisson,2,0,0,0,0.0,3,0,2,0,3,0
unequal,4,moderate,True,93,fixed,2,2,0,0,0.0,3,1,2,1,3,1
unequal,4,moderate,True,93,learned,2,2,0,0,0.0,3,1,2,1,3,1
unequal,4,moderate,False,94,poisson,0,0,0,0,0.0,3,0,2,0,3,0
unequal,4,moderate,False,94,fixed,0,0,0,0,0.0,3,0,2,0,3,0
unequal,4,moderate,False,94,learned,0,0,0,0,0.0,3,0,2,0,3,0
unequal,4,moderate,True,94,poisson,0,0,0,0,0.0,3,0,2,0,3,0
unequal,4,moderate,True,94,fixed,0,0,0,0,0.0,3,0,2,0,3,0
unequal,4,moderate,True,94,learned,0,0,0,0,0.0,3,0,2,0,3,0
unequal,4,moderate,False,95,poisson,4,2,2,1,1.0,3,0,1,0,1,0
unequal,4,moderate,False,95,fixed,4,0,0,0,0.0,3,0,1,0,1,0
unequal,4,moderate,False,95,learned,4,0,0,0,0.0,3,0,1,0,1,0
unequal,4,moderate,True,95,poisson,4,2,2,1,1.0,3,0,1,0,1,0
unequal,4,moderate,True,95,fixed,4,0,0,0,0.0,3,0,1,0,1,0
unequal,4,moderate,True,95,learned,4,0,0,0,0.0,3,0,1,0,1,0
unequal,4,moderate,False,96,poisson,2,0,0,0,0.0,3,0,0,0,0,0
unequal,4,moderate,False,96,fixed,2,0,0,0,0.0,3,0,0,0,0,0
unequal,4,moderate,False,96,learned,2,0,0,0,0.0,3,0,0,0,0,0
unequal,4,moderate,True,96,poisson,2,0,0,0,0.0,3,0,0,0,0,0
unequal,4,moderate,True,96,fixed,2,0,0,0,0.0,3,0,0,0,0,0
unequal,4,moderate,True,96,learned,2,0,0,0,0.0,3,0,0,0,0,0
unequal,4,moderate,False,97,poisson,8,0,0,0,0.0,3,0,3,0,3,0
unequal,4,moderate,False,97,fixed,8,2,0,0,0.0,3,1,3,1,3,1
unequal,4,moderate,False,97,learned,8,2,0,0,0.0,3,1,3,1,3,1
unequal,4,moderate,True,97,poisson,8,0,0,0,0.0,3,0,3,0,3,0
unequal,4,moderate,True,97,fixed,8,2,0,0,0.0,3,1,3,1,3,1
unequal,4,moderate,True,97,learned,8,2,0,0,0.0,3,1,3,1,3,1
unequal,4,moderate,False,98,poisson,6,0,0,0,0.0,3,0,3,0,3,0
unequal,4,moderate,False,98,fixed,6,0,0,0,0.0,3,0,3,0,3,0
unequal,4,moderate,False,98,learned,6,0,0,0,0.0,3,0,3,0,3,0
unequal,4,moderate,True,98,poisson,6,0,0,0,0.0,3,0,3,0,3,0
unequal,4,moderate,True,98,fixed,6,0,0,0,0.0,3,0,3,0,3,0
unequal,4,moderate,True,98,learned,6,0,0,0,0.0,3,0,3,0,3,0
unequal,4,moderate,False,99,poisson,2,0,0,0,0.0,3,0,2,0,2,0
unequal,4,moderate,False,99,fixed,2,0,0,0,0.0,3,0,2,0,2,0
unequal,4,moderate,False,99,learned,2,0,0,0,0.0,3,0,2,0,2,0
unequal,4,moderate,True,99,poisson,2,0,0,0,0.0,3,0,2,0,2,0
unequal,4,moderate,True,99,fixed,2,0,0,0,0.0,3,0,2,0,2,0
unequal,4,moderate,True,99,learned,2,0,0,0,0.0,3,0,2,0,2,0
unequal,4,heterogeneous,False,0,poisson,4,0,0,0,0.0,3,0,1,0,1,0
unequal,4,heterogeneous,False,0,fixed,4,0,0,0,0.0,3,0,1,0,1,0
unequal,4,heterogeneous,False,0,learned,4,0,0,0,0.0,3,0,1,0,1,0
unequal,4,heterogeneous,True,0,poisson,4,0,0,0,0.0,3,0,1,0,1,0
unequal,4,heterogeneous,True,0,fixed,4,0,0,0,0.0,3,0,1,0,1,0
unequal,4,heterogeneous,True,0,learned,4,0,0,0,0.0,3,0,1,0,1,0
unequal,4,heterogeneous,False,1,poisson,4,0,0,0,0.0,3,0,1,0,1,0
unequal,4,heterogeneous,False,1,fixed,4,2,0,0,0.0,3,1,1,1,1,1
unequal,4,heterogeneous,False,1,learned,4,2,0,0,0.0,3,1,1,1,1,1
unequal,4,heterogeneous,True,1,poisson,4,0,0,0,0.0,3,0,1,0,1,0
unequal,4,heterogeneous,True,1,fixed,4,2,0,0,0.0,3,1,1,1,1,1
unequal,4,heterogeneous,True,1,learned,4,2,0,0,0.0,3,1,1,1,1,1
unequal,4,heterogeneous,False,2,poisson,2,0,0,0,0.0,3,0,1,0,1,0
unequal,4,heterogeneous,False,2,fixed,2,0,0,0,0.0,3,0,1,0,1,0
unequal,4,heterogeneous,False,2,learned,2,0,0,0,0.0,3,0,1,0,1,0
unequal,4,heterogeneous,True,2,poisson,2,0,0,0,0.0,3,0,1,0,1,0
unequal,4,heterogeneous,True,2,fixed,2,0,0,0,0.0,3,0,1,0,1,0
unequal,4,heterogeneous,True,2,learned,2,0,0,0,0.0,3,0,1,0,1,0
unequal,4,heterogeneous,False,3,poisson,4,0,0,0,0.0,3,0,2,0,2,0
unequal,4,heterogeneous,False,3,fixed,4,0,0,0,0.0,3,0,2,0,2,0
unequal,4,heterogeneous,False,3,learned,4,0,0,0,0.0,3,0,2,0,2,0
unequal,4,heterogeneous,True,3,poisson,4,0,0,0,0.0,3,0,2,0,2,0
unequal,4,heterogeneous,True,3,fixed,4,0,0,0,0.0,3,0,2,0,2,0
unequal,4,heterogeneous,True,3,learned,4,0,0,0,0.0,3,0,2,0,2,0
unequal,4,heterogeneous,False,4,poisson,4,0,0,0,0.0,3,0,2,0,2,0
unequal,4,heterogeneous,False,4,fixed,4,0,0,0,0.0,3,0,2,0,2,0
unequal,4,heterogeneous,False,4,learned,4,0,0,0,0.0,3,0,2,0,2,0
unequal,4,heterogeneous,True,4,poisson,4,0,0,0,0.0,3,0,2,0,2,0
unequal,4,heterogeneous,True,4,fixed,4,0,0,0,0.0,3,0,2,0,2,0
unequal,4,heterogeneous,True,4,learned,4,0,0,0,0.0,3,0,2,0,2,0
unequal,4,heterogeneous,False,5,poisson,4,2,2,1,1.0,3,0,1,0,1,0
unequal,4,heterogeneous,False,5,fixed,4,0,0,0,0.0,3,0,1,0,1,0
unequal,4,heterogeneous,False,5,learned,4,0,0,0,0.0,3,0,1,0,1,0
unequal,4,heterogeneous,True,5,poisson,4,2,2,1,1.0,3,0,1,0,1,0
unequal,4,heterogeneous,True,5,fixed,4,0,0,0,0.0,3,0,1,0,1,0
unequal,4,heterogeneous,True,5,learned,4,0,0,0,0.0,3,0,1,0,1,0
unequal,4,heterogeneous,False,6,poisson,2,0,0,0,0.0,3,0,0,0,0,0
unequal,4,heterogeneous,False,6,fixed,2,0,0,0,0.0,3,0,0,0,0,0
unequal,4,heterogeneous,False,6,learned,2,0,0,0,0.0,3,0,0,0,0,0
unequal,4,heterogeneous,True,6,poisson,2,0,0,0,0.0,3,0,0,0,0,0
unequal,4,heterogeneous,True,6,fixed,2,0,0,0,0.0,3,0,0,0,0,0
unequal,4,heterogeneous,True,6,learned,2,0,0,0,0.0,3,0,0,0,0,0
unequal,4,heterogeneous,False,7,poisson,2,0,0,0,0.0,3,0,1,0,1,0
unequal,4,heterogeneous,False,7,fixed,2,0,0,0,0.0,3,0,1,0,1,0
unequal,4,heterogeneous,False,7,learned,2,0,0,0,0.0,3,0,1,0,1,0
unequal,4,heterogeneous,True,7,poisson,2,0,0,0,0.0,3,0,1,0,1,0
unequal,4,heterogeneous,True,7,fixed,2,0,0,0,0.0,3,0,1,0,1,0
unequal,4,heterogeneous,True,7,learned,2,0,0,0,0.0,3,0,1,0,1,0
unequal,4,heterogeneous,False,8,poisson,2,0,0,0,0.0,3,0,1,0,1,0
unequal,4,heterogeneous,False,8,fixed,2,0,0,0,0.0,3,0,1,0,1,0
unequal,4,heterogeneous,False,8,learned,2,0,0,0,0.0,3,0,1,0,1,0
unequal,4,heterogeneous,True,8,poisson,2,0,0,0,0.0,3,0,1,0,1,0
unequal,4,heterogeneous,True,8,fixed,2,0,0,0,0.0,3,0,1,0,1,0
unequal,4,heterogeneous,True,8,learned,2,0,0,0,0.0,3,0,1,0,1,0
unequal,4,heterogeneous,False,9,poisson,4,0,0,0,0.0,3,0,1,0,1,0
unequal,4,heterogeneous,False,9,fixed,4,0,0,0,0.0,3,0,1,0,1,0
unequal,4,heterogeneous,False,9,learned,4,0,0,0,0.0,3,0,1,0,1,0
unequal,4,heterogeneous,True,9,poisson,4,0,0,0,0.0,3,0,1,0,1,0
unequal,4,heterogeneous,True,9,fixed,4,0,0,0,0.0,3,0,1,0,1,0
unequal,4,heterogeneous,True,9,learned,4,0,0,0,0.0,3,0,1,0,1,0
unequal,4,heterogeneous,False,10,poisson,4,0,0,0,0.0,3,0,0,0,0,0
unequal,4,heterogeneous,False,10,fixed,4,0,0,0,0.0,3,0,0,0,0,0
unequal,4,heterogeneous,False,10,learned,4,0,0,0,0.0,3,0,0,0,0,0
unequal,4,heterogeneous,True,10,poisson,4,0,0,0,0.0,3,0,0,0,0,0
unequal,4,heterogeneous,True,10,fixed,4,0,0,0,0.0,3,0,0,0,0,0
unequal,4,heterogeneous,True,10,learned,4,0,0,0,0.0,3,0,0,0,0,0
unequal,4,heterogeneous,False,11,poisson,6,0,0,0,0.0,3,0,2,0,3,0
unequal,4,heterogeneous,False,11,fixed,6,2,0,0,0.0,3,1,2,1,3,1
unequal,4,heterogeneous,False,11,learned,6,2,0,0,0.0,3,1,2,1,3,1
unequal,4,heterogeneous,True,11,poisson,6,0,0,0,0.0,3,0,2,0,3,0
unequal,4,heterogeneous,True,11,fixed,6,2,0,0,0.0,3,1,2,1,3,1
unequal,4,heterogeneous,True,11,learned,6,2,0,0,0.0,3,1,2,1,3,1
unequal,4,heterogeneous,False,12,poisson,0,0,0,0,0.0,3,0,1,0,1,0
unequal,4,heterogeneous,False,12,fixed,0,0,0,0,0.0,3,0,1,0,1,0
unequal,4,heterogeneous,False,12,learned,0,0,0,0,0.0,3,0,1,0,1,0
unequal,4,heterogeneous,True,12,poisson,0,0,0,0,0.0,3,0,1,0,1,0
unequal,4,heterogeneous,True,12,fixed,0,0,0,0,0.0,3,0,1,0,1,0
unequal,4,heterogeneous,True,12,learned,0,0,0,0,0.0,3,0,1,0,1,0
unequal,4,heterogeneous,False,13,poisson,4,0,0,0,0.0,3,0,2,0,2,0
unequal,4,heterogeneous,False,13,fixed,4,0,0,0,0.0,3,0,2,0,2,0
unequal,4,heterogeneous,False,13,learned,4,0,0,0,0.0,3,0,2,0,2,0
unequal,4,heterogeneous,True,13,poisson,4,0,0,0,0.0,3,0,2,0,2,0
unequal,4,heterogeneous,True,13,fixed,4,0,0,0,0.0,3,0,2,0,2,0
unequal,4,heterogeneous,True,13,learned,4,0,0,0,0.0,3,0,2,0,2,0
unequal,4,heterogeneous,False,14,poisson,2,0,0,0,0.0,3,0,1,0,1,0
unequal,4,heterogeneous,False,14,fixed,2,0,0,0,0.0,3,0,1,0,1,0
unequal,4,heterogeneous,False,14,learned,2,0,0,0,0.0,3,0,1,0,1,0
unequal,4,heterogeneous,True,14,poisson,2,0,0,0,0.0,3,0,1,0,1,0
unequal,4,heterogeneous,True,14,fixed,2,0,0,0,0.0,3,0,1,0,1,0
unequal,4,heterogeneous,True,14,learned,2,0,0,0,0.0,3,0,1,0,1,0
unequal,4,heterogeneous,False,15,poisson,2,0,0,0,0.0,3,0,3,0,3,0
unequal,4,heterogeneous,False,15,fixed,2,0,0,0,0.0,3,0,3,0,3,0
unequal,4,heterogeneous,False,15,learned,2,0,0,0,0.0,3,0,3,0,3,0
unequal,4,heterogeneous,True,15,poisson,2,0,0,0,0.0,3,0,3,0,3,0
unequal,4,heterogeneous,True,15,fixed,2,0,0,0,0.0,3,0,3,0,3,0
unequal,4,heterogeneous,True,15,learned,2,0,0,0,0.0,3,0,3,0,3,0
unequal,4,heterogeneous,False,16,poisson,0,0,0,0,0.0,3,0,1,0,1,0
unequal,4,heterogeneous,False,16,fixed,0,0,0,0,0.0,3,0,1,0,1,0
unequal,4,heterogeneous,False,16,learned,0,0,0,0,0.0,3,0,1,0,1,0
unequal,4,heterogeneous,True,16,poisson,0,0,0,0,0.0,3,0,1,0,1,0
unequal,4,heterogeneous,True,16,fixed,0,0,0,0,0.0,3,0,1,0,1,0
unequal,4,heterogeneous,True,16,learned,0,0,0,0,0.0,3,0,1,0,1,0
unequal,4,heterogeneous,False,17,poisson,4,0,0,0,0.0,3,0,2,0,2,0
unequal,4,heterogeneous,False,17,fixed,4,0,0,0,0.0,3,0,2,0,2,0
unequal,4,heterogeneous,False,17,learned,4,0,0,0,0.0,3,0,2,0,2,0
unequal,4,heterogeneous,True,17,poisson,4,0,0,0,0.0,3,0,2,0,2,0
unequal,4,heterogeneous,True,17,fixed,4,0,0,0,0.0,3,0,2,0,2,0
unequal,4,heterogeneous,True,17,learned,4,0,0,0,0.0,3,0,2,0,2,0
unequal,4,heterogeneous,False,18,poisson,6,0,0,0,0.0,3,0,3,0,3,0
unequal,4,heterogeneous,False,18,fixed,6,0,0,0,0.0,3,0,3,0,3,0
unequal,4,heterogeneous,False,18,learned,6,0,0,0,0.0,3,0,3,0,3,0
unequal,4,heterogeneous,True,18,poisson,6,0,0,0,0.0,3,0,3,0,3,0
unequal,4,heterogeneous,True,18,fixed,6,0,0,0,0.0,3,0,3,0,3,0
unequal,4,heterogeneous,True,18,learned,6,0,0,0,0.0,3,0,3,0,3,0
unequal,4,heterogeneous,False,19,poisson,0,0,0,0,0.0,3,0,1,0,2,0
unequal,4,heterogeneous,False,19,fixed,0,0,0,0,0.0,3,0,1,0,2,0
unequal,4,heterogeneous,False,19,learned,0,0,0,0,0.0,3,0,1,0,2,0
unequal,4,heterogeneous,True,19,poisson,0,0,0,0,0.0,3,0,1,0,2,0
unequal,4,heterogeneous,True,19,fixed,0,0,0,0,0.0,3,0,1,0,2,0
unequal,4,heterogeneous,True,19,learned,0,0,0,0,0.0,3,0,1,0,2,0
unequal,4,heterogeneous,False,20,poisson,2,0,0,0,0.0,3,0,1,0,2,0
unequal,4,heterogeneous,False,20,fixed,2,0,0,0,0.0,3,0,1,0,2,0
unequal,4,heterogeneous,False,20,learned,2,0,0,0,0.0,3,0,1,0,2,0
unequal,4,heterogeneous,True,20,poisson,2,0,0,0,0.0,3,0,1,0,2,0
unequal,4,heterogeneous,True,20,fixed,2,0,0,0,0.0,3,0,1,0,2,0
unequal,4,heterogeneous,True,20,learned,2,0,0,0,0.0,3,0,1,0,2,0
unequal,4,heterogeneous,False,21,poisson,2,0,0,0,0.0,3,0,0,0,0,0
unequal,4,heterogeneous,False,21,fixed,2,0,0,0,0.0,3,0,0,0,0,0
unequal,4,heterogeneous,False,21,learned,2,0,0,0,0.0,3,0,0,0,0,0
unequal,4,heterogeneous,True,21,poisson,2,0,0,0,0.0,3,0,0,0,0,0
unequal,4,heterogeneous,True,21,fixed,2,0,0,0,0.0,3,0,0,0,0,0
unequal,4,heterogeneous,True,21,learned,2,0,0,0,0.0,3,0,0,0,0,0
unequal,4,heterogeneous,False,22,poisson,2,2,2,1,1.0,3,0,1,0,2,0
unequal,4,heterogeneous,False,22,fixed,2,0,0,0,0.0,3,0,1,0,2,0
unequal,4,heterogeneous,False,22,learned,2,0,0,0,0.0,3,0,1,0,2,0
unequal,4,heterogeneous,True,22,poisson,2,2,2,1,1.0,3,0,1,0,2,0
unequal,4,heterogeneous,True,22,fixed,2,0,0,0,0.0,3,0,1,0,2,0
unequal,4,heterogeneous,True,22,learned,2,0,0,0,0.0,3,0,1,0,2,0
unequal,4,heterogeneous,False,23,poisson,2,0,0,0,0.0,3,0,1,0,1,0
unequal,4,heterogeneous,False,23,fixed,2,0,0,0,0.0,3,0,1,0,1,0
unequal,4,heterogeneous,False,23,learned,2,0,0,0,0.0,3,0,1,0,1,0
unequal,4,heterogeneous,True,23,poisson,2,0,0,0,0.0,3,0,1,0,1,0
unequal,4,heterogeneous,True,23,fixed,2,0,0,0,0.0,3,0,1,0,1,0
unequal,4,heterogeneous,True,23,learned,2,0,0,0,0.0,3,0,1,0,1,0
unequal,4,heterogeneous,False,24,poisson,4,0,0,0,0.0,3,0,2,0,2,0
unequal,4,heterogeneous,False,24,fixed,4,0,0,0,0.0,3,0,2,0,2,0
unequal,4,heterogeneous,False,24,learned,4,0,0,0,0.0,3,0,2,0,2,0
unequal,4,heterogeneous,True,24,poisson,4,0,0,0,0.0,3,0,2,0,2,0
unequal,4,heterogeneous,True,24,fixed,4,0,0,0,0.0,3,0,2,0,2,0
unequal,4,heterogeneous,True,24,learned,4,0,0,0,0.0,3,0,2,0,2,0
unequal,4,heterogeneous,False,25,poisson,0,0,0,0,0.0,3,0,0,0,1,0
unequal,4,heterogeneous,False,25,fixed,0,0,0,0,0.0,3,0,0,0,1,0
unequal,4,heterogeneous,False,25,learned,0,0,0,0,0.0,3,0,0,0,1,0
unequal,4,heterogeneous,True,25,poisson,0,0,0,0,0.0,3,0,0,0,1,0
unequal,4,heterogeneous,True,25,fixed,0,0,0,0,0.0,3,0,0,0,1,0
unequal,4,heterogeneous,True,25,learned,0,0,0,0,0.0,3,0,0,0,1,0
unequal,4,heterogeneous,False,26,poisson,6,0,0,0,0.0,3,0,2,0,2,0
unequal,4,heterogeneous,False,26,fixed,6,0,0,0,0.0,3,0,2,0,2,0
unequal,4,heterogeneous,False,26,learned,6,0,0,0,0.0,3,0,2,0,2,0
unequal,4,heterogeneous,True,26,poisson,6,0,0,0,0.0,3,0,2,0,2,0
unequal,4,heterogeneous,True,26,fixed,6,0,0,0,0.0,3,0,2,0,2,0
unequal,4,heterogeneous,True,26,learned,6,0,0,0,0.0,3,0,2,0,2,0
unequal,4,heterogeneous,False,27,poisson,2,0,0,0,0.0,3,0,1,0,1,0
unequal,4,heterogeneous,False,27,fixed,2,0,0,0,0.0,3,0,1,0,1,0
unequal,4,heterogeneous,False,27,learned,2,0,0,0,0.0,3,0,1,0,1,0
unequal,4,heterogeneous,True,27,poisson,2,0,0,0,0.0,3,0,1,0,1,0
unequal,4,heterogeneous,True,27,fixed,2,0,0,0,0.0,3,0,1,0,1,0
unequal,4,heterogeneous,True,27,learned,2,0,0,0,0.0,3,0,1,0,1,0
unequal,4,heterogeneous,False,28,poisson,0,0,0,0,0.0,3,0,2,0,3,0
unequal,4,heterogeneous,False,28,fixed,0,0,0,0,0.0,3,0,2,0,3,0
unequal,4,heterogeneous,False,28,learned,0,0,0,0,0.0,3,0,2,0,3,0
unequal,4,heterogeneous,True,28,poisson,0,0,0,0,0.0,3,0,2,0,3,0
unequal,4,heterogeneous,True,28,fixed,0,0,0,0,0.0,3,0,2,0,3,0
unequal,4,heterogeneous,True,28,learned,0,0,0,0,0.0,3,0,2,0,3,0
unequal,4,heterogeneous,False,29,poisson,4,0,0,0,0.0,3,0,3,0,3,0
unequal,4,heterogeneous,False,29,fixed,4,0,0,0,0.0,3,0,3,0,3,0
unequal,4,heterogeneous,False,29,learned,4,0,0,0,0.0,3,0,3,0,3,0
unequal,4,heterogeneous,True,29,poisson,4,0,0,0,0.0,3,0,3,0,3,0
unequal,4,heterogeneous,True,29,fixed,4,0,0,0,0.0,3,0,3,0,3,0
unequal,4,heterogeneous,True,29,learned,4,0,0,0,0.0,3,0,3,0,3,0
unequal,4,heterogeneous,False,30,poisson,0,0,0,0,0.0,3,0,1,0,1,0
unequal,4,heterogeneous,False,30,fixed,0,0,0,0,0.0,3,0,1,0,1,0
unequal,4,heterogeneous,False,30,learned,0,0,0,0,0.0,3,0,1,0,1,0
unequal,4,heterogeneous,True,30,poisson,0,0,0,0,0.0,3,0,1,0,1,0
unequal,4,heterogeneous,True,30,fixed,0,0,0,0,0.0,3,0,1,0,1,0
unequal,4,heterogeneous,True,30,learned,0,0,0,0,0.0,3,0,1,0,1,0
unequal,4,heterogeneous,False,31,poisson,0,0,0,0,0.0,3,0,0,0,1,0
unequal,4,heterogeneous,False,31,fixed,0,0,0,0,0.0,3,0,0,0,1,0
unequal,4,heterogeneous,False,31,learned,0,0,0,0,0.0,3,0,0,0,1,0
unequal,4,heterogeneous,True,31,poisson,0,0,0,0,0.0,3,0,0,0,1,0
unequal,4,heterogeneous,True,31,fixed,0,0,0,0,0.0,3,0,0,0,1,0
unequal,4,heterogeneous,True,31,learned,0,0,0,0,0.0,3,0,0,0,1,0
unequal,4,heterogeneous,False,32,poisson,2,0,0,0,0.0,3,0,1,0,1,0
unequal,4,heterogeneous,False,32,fixed,2,0,0,0,0.0,3,0,1,0,1,0
unequal,4,heterogeneous,False,32,learned,2,0,0,0,0.0,3,0,1,0,1,0
unequal,4,heterogeneous,True,32,poisson,2,0,0,0,0.0,3,0,1,0,1,0
unequal,4,heterogeneous,True,32,fixed,2,0,0,0,0.0,3,0,1,0,1,0
unequal,4,heterogeneous,True,32,learned,2,0,0,0,0.0,3,0,1,0,1,0
unequal,4,heterogeneous,False,33,poisson,0,0,0,0,0.0,3,0,2,0,2,0
unequal,4,heterogeneous,False,33,fixed,0,0,0,0,0.0,3,0,2,0,2,0
unequal,4,heterogeneous,False,33,learned,0,0,0,0,0.0,3,0,2,0,2,0
unequal,4,heterogeneous,True,33,poisson,0,0,0,0,0.0,3,0,2,0,2,0
unequal,4,heterogeneous,True,33,fixed,0,0,0,0,0.0,3,0,2,0,2,0
unequal,4,heterogeneous,True,33,learned,0,0,0,0,0.0,3,0,2,0,2,0
unequal,4,heterogeneous,False,34,poisson,0,0,0,0,0.0,3,0,2,0,2,0
unequal,4,heterogeneous,False,34,fixed,0,0,0,0,0.0,3,0,2,0,2,0
unequal,4,heterogeneous,False,34,learned,0,0,0,0,0.0,3,0,2,0,2,0
unequal,4,heterogeneous,True,34,poisson,0,0,0,0,0.0,3,0,2,0,2,0
unequal,4,heterogeneous,True,34,fixed,0,0,0,0,0.0,3,0,2,0,2,0
unequal,4,heterogeneous,True,34,learned,0,0,0,0,0.0,3,0,2,0,2,0
unequal,4,heterogeneous,False,35,poisson,0,0,0,0,0.0,3,0,2,0,2,0
unequal,4,heterogeneous,False,35,fixed,0,0,0,0,0.0,3,0,2,0,2,0
unequal,4,heterogeneous,False,35,learned,0,0,0,0,0.0,3,0,2,0,2,0
unequal,4,heterogeneous,True,35,poisson,0,0,0,0,0.0,3,0,2,0,2,0
unequal,4,heterogeneous,True,35,fixed,0,0,0,0,0.0,3,0,2,0,2,0
unequal,4,heterogeneous,True,35,learned,0,0,0,0,0.0,3,0,2,0,2,0
unequal,4,heterogeneous,False,36,poisson,0,0,0,0,0.0,3,0,2,0,3,0
unequal,4,heterogeneous,False,36,fixed,0,0,0,0,0.0,3,0,2,0,3,0
unequal,4,heterogeneous,False,36,learned,0,0,0,0,0.0,3,0,2,0,3,0
unequal,4,heterogeneous,True,36,poisson,0,0,0,0,0.0,3,0,2,0,3,0
unequal,4,heterogeneous,True,36,fixed,0,0,0,0,0.0,3,0,2,0,3,0
unequal,4,heterogeneous,True,36,learned,0,0,0,0,0.0,3,0,2,0,3,0
unequal,4,heterogeneous,False,37,poisson,2,0,0,0,0.0,3,0,1,0,2,0
unequal,4,heterogeneous,False,37,fixed,2,0,0,0,0.0,3,0,1,0,2,0
unequal,4,heterogeneous,False,37,learned,2,0,0,0,0.0,3,0,1,0,2,0
unequal,4,heterogeneous,True,37,poisson,2,0,0,0,0.0,3,0,1,0,2,0
unequal,4,heterogeneous,True,37,fixed,2,0,0,0,0.0,3,0,1,0,2,0
unequal,4,heterogeneous,True,37,learned,2,0,0,0,0.0,3,0,1,0,2,0
unequal,4,heterogeneous,False,38,poisson,2,0,0,0,0.0,3,0,3,0,3,0
unequal,4,heterogeneous,False,38,fixed,2,0,0,0,0.0,3,0,3,0,3,0
unequal,4,heterogeneous,False,38,learned,2,0,0,0,0.0,3,0,3,0,3,0
unequal,4,heterogeneous,True,38,poisson,2,0,0,0,0.0,3,0,3,0,3,0
unequal,4,heterogeneous,True,38,fixed,2,0,0,0,0.0,3,0,3,0,3,0
unequal,4,heterogeneous,True,38,learned,2,0,0,0,0.0,3,0,3,0,3,0
unequal,4,heterogeneous,False,39,poisson,0,0,0,0,0.0,3,0,1,0,1,0
unequal,4,heterogeneous,False,39,fixed,0,0,0,0,0.0,3,0,1,0,1,0
unequal,4,heterogeneous,False,39,learned,0,0,0,0,0.0,3,0,1,0,1,0
unequal,4,heterogeneous,True,39,poisson,0,0,0,0,0.0,3,0,1,0,1,0
unequal,4,heterogeneous,True,39,fixed,0,0,0,0,0.0,3,0,1,0,1,0
unequal,4,heterogeneous,True,39,learned,0,0,0,0,0.0,3,0,1,0,1,0
unequal,4,heterogeneous,False,40,poisson,8,0,0,0,0.0,3,0,2,0,2,0
unequal,4,heterogeneous,False,40,fixed,8,2,0,0,0.0,3,1,2,1,2,1
unequal,4,heterogeneous,False,40,learned,8,2,0,0,0.0,3,1,2,1,2,1
unequal,4,heterogeneous,True,40,poisson,8,0,0,0,0.0,3,0,2,0,2,0
unequal,4,heterogeneous,True,40,fixed,8,2,0,0,0.0,3,1,2,1,2,1
unequal,4,heterogeneous,True,40,learned,8,2,0,0,0.0,3,1,2,1,2,1
unequal,4,heterogeneous,False,41,poisson,2,2,2,1,1.0,3,0,1,0,2,0
unequal,4,heterogeneous,False,41,fixed,2,0,0,0,0.0,3,0,1,0,2,0
unequal,4,heterogeneous,False,41,learned,2,0,0,0,0.0,3,0,1,0,2,0
unequal,4,heterogeneous,True,41,poisson,2,2,2,1,1.0,3,0,1,0,2,0
unequal,4,heterogeneous,True,41,fixed,2,0,0,0,0.0,3,0,1,0,2,0
unequal,4,heterogeneous,True,41,learned,2,0,0,0,0.0,3,0,1,0,2,0
unequal,4,heterogeneous,False,42,poisson,0,0,0,0,0.0,3,0,2,0,2,0
unequal,4,heterogeneous,False,42,fixed,0,0,0,0,0.0,3,0,2,0,2,0
unequal,4,heterogeneous,False,42,learned,0,0,0,0,0.0,3,0,2,0,2,0
unequal,4,heterogeneous,True,42,poisson,0,0,0,0,0.0,3,0,2,0,2,0
unequal,4,heterogeneous,True,42,fixed,0,0,0,0,0.0,3,0,2,0,2,0
unequal,4,heterogeneous,True,42,learned,0,0,0,0,0.0,3,0,2,0,2,0
unequal,4,heterogeneous,False,43,poisson,2,0,0,0,0.0,3,0,1,0,1,0
unequal,4,heterogeneous,False,43,fixed,2,2,2,1,1.0,3,0,1,0,1,0
unequal,4,heterogeneous,False,43,learned,2,2,2,1,1.0,3,0,1,0,1,0
unequal,4,heterogeneous,True,43,poisson,2,0,0,0,0.0,3,0,1,0,1,0
unequal,4,heterogeneous,True,43,fixed,2,2,2,1,1.0,3,0,1,0,1,0
unequal,4,heterogeneous,True,43,learned,2,2,2,1,1.0,3,0,1,0,1,0
unequal,4,heterogeneous,False,44,poisson,0,0,0,0,0.0,3,0,0,0,1,0
unequal,4,heterogeneous,False,44,fixed,0,0,0,0,0.0,3,0,0,0,1,0
unequal,4,heterogeneous,False,44,learned,0,0,0,0,0.0,3,0,0,0,1,0
unequal,4,heterogeneous,True,44,poisson,0,0,0,0,0.0,3,0,0,0,1,0
unequal,4,heterogeneous,True,44,fixed,0,0,0,0,0.0,3,0,0,0,1,0
unequal,4,heterogeneous,True,44,learned,0,0,0,0,0.0,3,0,0,0,1,0
unequal,4,heterogeneous,False,45,poisson,2,0,0,0,0.0,3,0,0,0,0,0
unequal,4,heterogeneous,False,45,fixed,2,0,0,0,0.0,3,0,0,0,0,0
unequal,4,heterogeneous,False,45,learned,2,0,0,0,0.0,3,0,0,0,0,0
unequal,4,heterogeneous,True,45,poisson,2,0,0,0,0.0,3,0,0,0,0,0
unequal,4,heterogeneous,True,45,fixed,2,0,0,0,0.0,3,0,0,0,0,0
unequal,4,heterogeneous,True,45,learned,2,0,0,0,0.0,3,0,0,0,0,0
unequal,4,heterogeneous,False,46,poisson,0,0,0,0,0.0,3,0,1,0,1,0
unequal,4,heterogeneous,False,46,fixed,0,0,0,0,0.0,3,0,1,0,1,0
unequal,4,heterogeneous,False,46,learned,0,0,0,0,0.0,3,0,1,0,1,0
unequal,4,heterogeneous,True,46,poisson,0,0,0,0,0.0,3,0,1,0,1,0
unequal,4,heterogeneous,True,46,fixed,0,0,0,0,0.0,3,0,1,0,1,0
unequal,4,heterogeneous,True,46,learned,0,0,0,0,0.0,3,0,1,0,1,0
unequal,4,heterogeneous,False,47,poisson,4,0,0,0,0.0,3,0,2,0,2,0
unequal,4,heterogeneous,False,47,fixed,4,0,0,0,0.0,3,0,2,0,2,0
unequal,4,heterogeneous,False,47,learned,4,0,0,0,0.0,3,0,2,0,2,0
unequal,4,heterogeneous,True,47,poisson,4,0,0,0,0.0,3,0,2,0,2,0
unequal,4,heterogeneous,True,47,fixed,4,0,0,0,0.0,3,0,2,0,2,0
unequal,4,heterogeneous,True,47,learned,4,0,0,0,0.0,3,0,2,0,2,0
unequal,4,heterogeneous,False,48,poisson,2,0,0,0,0.0,3,0,0,0,0,0
unequal,4,heterogeneous,False,48,fixed,2,0,0,0,0.0,3,0,0,0,0,0
unequal,4,heterogeneous,False,48,learned,2,0,0,0,0.0,3,0,0,0,0,0
unequal,4,heterogeneous,True,48,poisson,2,0,0,0,0.0,3,0,0,0,0,0
unequal,4,heterogeneous,True,48,fixed,2,0,0,0,0.0,3,0,0,0,0,0
unequal,4,heterogeneous,True,48,learned,2,0,0,0,0.0,3,0,0,0,0,0
unequal,4,heterogeneous,False,49,poisson,4,0,0,0,0.0,3,0,2,0,2,0
unequal,4,heterogeneous,False,49,fixed,4,2,0,0,0.0,3,1,2,1,2,1
unequal,4,heterogeneous,False,49,learned,4,2,0,0,0.0,3,1,2,1,2,1
unequal,4,heterogeneous,True,49,poisson,4,0,0,0,0.0,3,0,2,0,2,0
unequal,4,heterogeneous,True,49,fixed,4,2,0,0,0.0,3,1,2,1,2,1
unequal,4,heterogeneous,True,49,learned,4,2,0,0,0.0,3,1,2,1,2,1
unequal,4,heterogeneous,False,50,poisson,2,0,0,0,0.0,3,0,0,0,1,0
unequal,4,heterogeneous,False,50,fixed,2,0,0,0,0.0,3,0,0,0,1,0
unequal,4,heterogeneous,False,50,learned,2,0,0,0,0.0,3,0,0,0,1,0
unequal,4,heterogeneous,True,50,poisson,2,0,0,0,0.0,3,0,0,0,1,0
unequal,4,heterogeneous,True,50,fixed,2,0,0,0,0.0,3,0,0,0,1,0
unequal,4,heterogeneous,True,50,learned,2,0,0,0,0.0,3,0,0,0,1,0
unequal,4,heterogeneous,False,51,poisson,2,2,2,1,1.0,3,0,1,0,1,0
unequal,4,heterogeneous,False,51,fixed,2,0,0,0,0.0,3,0,1,0,1,0
unequal,4,heterogeneous,False,51,learned,2,0,0,0,0.0,3,0,1,0,1,0
unequal,4,heterogeneous,True,51,poisson,2,2,2,1,1.0,3,0,1,0,1,0
unequal,4,heterogeneous,True,51,fixed,2,0,0,0,0.0,3,0,1,0,1,0
unequal,4,heterogeneous,True,51,learned,2,0,0,0,0.0,3,0,1,0,1,0
unequal,4,heterogeneous,False,52,poisson,4,0,0,0,0.0,3,0,1,0,1,0
unequal,4,heterogeneous,False,52,fixed,4,0,0,0,0.0,3,0,1,0,1,0
unequal,4,heterogeneous,False,52,learned,4,0,0,0,0.0,3,0,1,0,1,0
unequal,4,heterogeneous,True,52,poisson,4,0,0,0,0.0,3,0,1,0,1,0
unequal,4,heterogeneous,True,52,fixed,4,0,0,0,0.0,3,0,1,0,1,0
unequal,4,heterogeneous,True,52,learned,4,0,0,0,0.0,3,0,1,0,1,0
unequal,4,heterogeneous,False,53,poisson,2,0,0,0,0.0,3,0,1,0,1,0
unequal,4,heterogeneous,False,53,fixed,2,0,0,0,0.0,3,0,1,0,1,0
unequal,4,heterogeneous,False,53,learned,2,0,0,0,0.0,3,0,1,0,1,0
unequal,4,heterogeneous,True,53,poisson,2,0,0,0,0.0,3,0,1,0,1,0
unequal,4,heterogeneous,True,53,fixed,2,0,0,0,0.0,3,0,1,0,1,0
unequal,4,heterogeneous,True,53,learned,2,0,0,0,0.0,3,0,1,0,1,0
unequal,4,heterogeneous,False,54,poisson,2,0,0,0,0.0,3,0,2,0,3,0
unequal,4,heterogeneous,False,54,fixed,2,0,0,0,0.0,3,0,2,0,3,0
unequal,4,heterogeneous,False,54,learned,2,0,0,0,0.0,3,0,2,0,3,0
unequal,4,heterogeneous,True,54,poisson,2,0,0,0,0.0,3,0,2,0,3,0
unequal,4,heterogeneous,True,54,fixed,2,0,0,0,0.0,3,0,2,0,3,0
unequal,4,heterogeneous,True,54,learned,2,0,0,0,0.0,3,0,2,0,3,0
unequal,4,heterogeneous,False,55,poisson,0,0,0,0,0.0,3,0,2,0,2,0
unequal,4,heterogeneous,False,55,fixed,0,0,0,0,0.0,3,0,2,0,2,0
unequal,4,heterogeneous,False,55,learned,0,0,0,0,0.0,3,0,2,0,2,0
unequal,4,heterogeneous,True,55,poisson,0,0,0,0,0.0,3,0,2,0,2,0
unequal,4,heterogeneous,True,55,fixed,0,0,0,0,0.0,3,0,2,0,2,0
unequal,4,heterogeneous,True,55,learned,0,0,0,0,0.0,3,0,2,0,2,0
unequal,4,heterogeneous,False,56,poisson,2,0,0,0,0.0,3,0,1,0,1,0
unequal,4,heterogeneous,False,56,fixed,2,0,0,0,0.0,3,0,1,0,1,0
unequal,4,heterogeneous,False,56,learned,2,0,0,0,0.0,3,0,1,0,1,0
unequal,4,heterogeneous,True,56,poisson,2,0,0,0,0.0,3,0,1,0,1,0
unequal,4,heterogeneous,True,56,fixed,2,0,0,0,0.0,3,0,1,0,1,0
unequal,4,heterogeneous,True,56,learned,2,0,0,0,0.0,3,0,1,0,1,0
unequal,4,heterogeneous,False,57,poisson,6,0,0,0,0.0,3,0,0,0,0,0
unequal,4,heterogeneous,False,57,fixed,6,0,0,0,0.0,3,0,0,0,0,0
unequal,4,heterogeneous,False,57,learned,6,0,0,0,0.0,3,0,0,0,0,0
unequal,4,heterogeneous,True,57,poisson,6,0,0,0,0.0,3,0,0,0,0,0
unequal,4,heterogeneous,True,57,fixed,6,0,0,0,0.0,3,0,0,0,0,0
unequal,4,heterogeneous,True,57,learned,6,0,0,0,0.0,3,0,0,0,0,0
unequal,4,heterogeneous,False,58,poisson,2,0,0,0,0.0,3,0,3,0,3,0
unequal,4,heterogeneous,False,58,fixed,2,0,0,0,0.0,3,0,3,0,3,0
unequal,4,heterogeneous,False,58,learned,2,0,0,0,0.0,3,0,3,0,3,0
unequal,4,heterogeneous,True,58,poisson,2,0,0,0,0.0,3,0,3,0,3,0
unequal,4,heterogeneous,True,58,fixed,2,0,0,0,0.0,3,0,3,0,3,0
unequal,4,heterogeneous,True,58,learned,2,0,0,0,0.0,3,0,3,0,3,0
unequal,4,heterogeneous,False,59,poisson,2,0,0,0,0.0,3,0,1,0,1,0
unequal,4,heterogeneous,False,59,fixed,2,0,0,0,0.0,3,0,1,0,1,0
unequal,4,heterogeneous,False,59,learned,2,0,0,0,0.0,3,0,1,0,1,0
unequal,4,heterogeneous,True,59,poisson,2,0,0,0,0.0,3,0,1,0,1,0
unequal,4,heterogeneous,True,59,fixed,2,0,0,0,0.0,3,0,1,0,1,0
unequal,4,heterogeneous,True,59,learned,2,0,0,0,0.0,3,0,1,0,1,0
unequal,4,heterogeneous,False,60,poisson,2,0,0,0,0.0,3,0,1,0,1,0
unequal,4,heterogeneous,False,60,fixed,2,0,0,0,0.0,3,0,1,0,1,0
unequal,4,heterogeneous,False,60,learned,2,0,0,0,0.0,3,0,1,0,1,0
unequal,4,heterogeneous,True,60,poisson,2,0,0,0,0.0,3,0,1,0,1,0
unequal,4,heterogeneous,True,60,fixed,2,0,0,0,0.0,3,0,1,0,1,0
unequal,4,heterogeneous,True,60,learned,2,0,0,0,0.0,3,0,1,0,1,0
unequal,4,heterogeneous,False,61,poisson,4,0,0,0,0.0,3,0,2,0,2,0
unequal,4,heterogeneous,False,61,fixed,4,0,0,0,0.0,3,0,2,0,2,0
unequal,4,heterogeneous,False,61,learned,4,0,0,0,0.0,3,0,2,0,2,0
unequal,4,heterogeneous,True,61,poisson,4,0,0,0,0.0,3,0,2,0,2,0
unequal,4,heterogeneous,True,61,fixed,4,0,0,0,0.0,3,0,2,0,2,0
unequal,4,heterogeneous,True,61,learned,4,0,0,0,0.0,3,0,2,0,2,0
unequal,4,heterogeneous,False,62,poisson,0,0,0,0,0.0,3,0,0,0,1,0
unequal,4,heterogeneous,False,62,fixed,0,0,0,0,0.0,3,0,0,0,1,0
unequal,4,heterogeneous,False,62,learned,0,0,0,0,0.0,3,0,0,0,1,0
unequal,4,heterogeneous,True,62,poisson,0,0,0,0,0.0,3,0,0,0,1,0
unequal,4,heterogeneous,True,62,fixed,0,0,0,0,0.0,3,0,0,0,1,0
unequal,4,heterogeneous,True,62,learned,0,0,0,0,0.0,3,0,0,0,1,0
unequal,4,heterogeneous,False,63,poisson,8,0,0,0,0.0,3,0,2,0,2,0
unequal,4,heterogeneous,False,63,fixed,8,2,0,0,0.0,3,1,2,1,2,1
unequal,4,heterogeneous,False,63,learned,8,2,0,0,0.0,3,1,2,1,2,1
unequal,4,heterogeneous,True,63,poisson,8,0,0,0,0.0,3,0,2,0,2,0
unequal,4,heterogeneous,True,63,fixed,8,0,0,0,0.0,3,0,2,0,2,0
unequal,4,heterogeneous,True,63,learned,8,0,0,0,0.0,3,0,2,0,2,0
unequal,4,heterogeneous,False,64,poisson,2,0,0,0,0.0,3,0,0,0,1,0
unequal,4,heterogeneous,False,64,fixed,2,0,0,0,0.0,3,0,0,0,1,0
unequal,4,heterogeneous,False,64,learned,2,0,0,0,0.0,3,0,0,0,1,0
unequal,4,heterogeneous,True,64,poisson,2,0,0,0,0.0,3,0,0,0,1,0
unequal,4,heterogeneous,True,64,fixed,2,0,0,0,0.0,3,0,0,0,1,0
unequal,4,heterogeneous,True,64,learned,2,0,0,0,0.0,3,0,0,0,1,0
unequal,4,heterogeneous,False,65,poisson,4,0,0,0,0.0,3,0,3,0,3,0
unequal,4,heterogeneous,False,65,fixed,4,0,0,0,0.0,3,0,3,0,3,0
unequal,4,heterogeneous,False,65,learned,4,0,0,0,0.0,3,0,3,0,3,0
unequal,4,heterogeneous,True,65,poisson,4,0,0,0,0.0,3,0,3,0,3,0
unequal,4,heterogeneous,True,65,fixed,4,0,0,0,0.0,3,0,3,0,3,0
unequal,4,heterogeneous,True,65,learned,4,0,0,0,0.0,3,0,3,0,3,0
unequal,4,heterogeneous,False,66,poisson,4,0,0,0,0.0,3,0,2,0,2,0
unequal,4,heterogeneous,False,66,fixed,4,0,0,0,0.0,3,0,2,0,2,0
unequal,4,heterogeneous,False,66,learned,4,0,0,0,0.0,3,0,2,0,2,0
unequal,4,heterogeneous,True,66,poisson,4,0,0,0,0.0,3,0,2,0,2,0
unequal,4,heterogeneous,True,66,fixed,4,0,0,0,0.0,3,0,2,0,2,0
unequal,4,heterogeneous,True,66,learned,4,0,0,0,0.0,3,0,2,0,2,0
unequal,4,heterogeneous,False,67,poisson,2,0,0,0,0.0,3,0,2,0,3,0
unequal,4,heterogeneous,False,67,fixed,2,0,0,0,0.0,3,0,2,0,3,0
unequal,4,heterogeneous,False,67,learned,2,0,0,0,0.0,3,0,2,0,3,0
unequal,4,heterogeneous,True,67,poisson,2,0,0,0,0.0,3,0,2,0,3,0
unequal,4,heterogeneous,True,67,fixed,2,0,0,0,0.0,3,0,2,0,3,0
unequal,4,heterogeneous,True,67,learned,2,0,0,0,0.0,3,0,2,0,3,0
unequal,4,heterogeneous,False,68,poisson,2,0,0,0,0.0,3,0,2,0,2,0
unequal,4,heterogeneous,False,68,fixed,2,2,0,0,0.0,3,1,2,1,2,1
unequal,4,heterogeneous,False,68,learned,2,2,0,0,0.0,3,1,2,1,2,1
unequal,4,heterogeneous,True,68,poisson,2,0,0,0,0.0,3,0,2,0,2,0
unequal,4,heterogeneous,True,68,fixed,2,2,0,0,0.0,3,1,2,1,2,1
unequal,4,heterogeneous,True,68,learned,2,2,0,0,0.0,3,1,2,1,2,1
unequal,4,heterogeneous,False,69,poisson,0,0,0,0,0.0,3,0,0,0,1,0
unequal,4,heterogeneous,False,69,fixed,0,0,0,0,0.0,3,0,0,0,1,0
unequal,4,heterogeneous,False,69,learned,0,0,0,0,0.0,3,0,0,0,1,0
unequal,4,heterogeneous,True,69,poisson,0,0,0,0,0.0,3,0,0,0,1,0
unequal,4,heterogeneous,True,69,fixed,0,0,0,0,0.0,3,0,0,0,1,0
unequal,4,heterogeneous,True,69,learned,0,0,0,0,0.0,3,0,0,0,1,0
unequal,4,heterogeneous,False,70,poisson,4,0,0,0,0.0,3,0,1,0,2,0
unequal,4,heterogeneous,False,70,fixed,4,0,0,0,0.0,3,0,1,0,2,0
unequal,4,heterogeneous,False,70,learned,4,0,0,0,0.0,3,0,1,0,2,0
unequal,4,heterogeneous,True,70,poisson,4,0,0,0,0.0,3,0,1,0,2,0
unequal,4,heterogeneous,True,70,fixed,4,0,0,0,0.0,3,0,1,0,2,0
unequal,4,heterogeneous,True,70,learned,4,0,0,0,0.0,3,0,1,0,2,0
unequal,4,heterogeneous,False,71,poisson,2,0,0,0,0.0,3,0,2,0,2,0
unequal,4,heterogeneous,False,71,fixed,2,0,0,0,0.0,3,0,2,0,2,0
unequal,4,heterogeneous,False,71,learned,2,0,0,0,0.0,3,0,2,0,2,0
unequal,4,heterogeneous,True,71,poisson,2,0,0,0,0.0,3,0,2,0,2,0
unequal,4,heterogeneous,True,71,fixed,2,0,0,0,0.0,3,0,2,0,2,0
unequal,4,heterogeneous,True,71,learned,2,0,0,0,0.0,3,0,2,0,2,0
unequal,4,heterogeneous,False,72,poisson,2,2,2,1,1.0,3,0,0,0,0,0
unequal,4,heterogeneous,False,72,fixed,2,2,2,1,1.0,3,0,0,0,0,0
unequal,4,heterogeneous,False,72,learned,2,2,2,1,1.0,3,0,0,0,0,0
unequal,4,heterogeneous,True,72,poisson,2,2,2,1,1.0,3,0,0,0,0,0
unequal,4,heterogeneous,True,72,fixed,2,2,2,1,1.0,3,0,0,0,0,0
unequal,4,heterogeneous,True,72,learned,2,2,2,1,1.0,3,0,0,0,0,0
unequal,4,heterogeneous,False,73,poisson,0,0,0,0,0.0,3,0,0,0,2,0
unequal,4,heterogeneous,False,73,fixed,0,0,0,0,0.0,3,0,0,0,2,0
unequal,4,heterogeneous,False,73,learned,0,0,0,0,0.0,3,0,0,0,2,0
unequal,4,heterogeneous,True,73,poisson,0,0,0,0,0.0,3,0,0,0,2,0
unequal,4,heterogeneous,True,73,fixed,0,0,0,0,0.0,3,0,0,0,2,0
unequal,4,heterogeneous,True,73,learned,0,0,0,0,0.0,3,0,0,0,2,0
unequal,4,heterogeneous,False,74,poisson,6,0,0,0,0.0,3,0,3,0,3,0
unequal,4,heterogeneous,False,74,fixed,6,0,0,0,0.0,3,0,3,0,3,0
unequal,4,heterogeneous,False,74,learned,6,0,0,0,0.0,3,0,3,0,3,0
unequal,4,heterogeneous,True,74,poisson,6,0,0,0,0.0,3,0,3,0,3,0
unequal,4,heterogeneous,True,74,fixed,6,0,0,0,0.0,3,0,3,0,3,0
unequal,4,heterogeneous,True,74,learned,6,0,0,0,0.0,3,0,3,0,3,0
unequal,4,heterogeneous,False,75,poisson,2,2,0,0,0.0,3,1,1,1,2,1
unequal,4,heterogeneous,False,75,fixed,2,0,0,0,0.0,3,0,1,0,2,0
unequal,4,heterogeneous,False,75,learned,2,0,0,0,0.0,3,0,1,0,2,0
unequal,4,heterogeneous,True,75,poisson,2,2,0,0,0.0,3,1,1,1,2,1
unequal,4,heterogeneous,True,75,fixed,2,0,0,0,0.0,3,0,1,0,2,0
unequal,4,heterogeneous,True,75,learned,2,0,0,0,0.0,3,0,1,0,2,0
unequal,4,heterogeneous,False,76,poisson,4,0,0,0,0.0,3,0,2,0,3,0
unequal,4,heterogeneous,False,76,fixed,4,2,0,0,0.0,3,1,2,1,3,1
unequal,4,heterogeneous,False,76,learned,4,2,0,0,0.0,3,1,2,1,3,1
unequal,4,heterogeneous,True,76,poisson,4,0,0,0,0.0,3,0,2,0,3,0
unequal,4,heterogeneous,True,76,fixed,4,2,0,0,0.0,3,1,2,1,3,1
unequal,4,heterogeneous,True,76,learned,4,2,0,0,0.0,3,1,2,1,3,1
unequal,4,heterogeneous,False,77,poisson,4,0,0,0,0.0,3,0,1,0,1,0
unequal,4,heterogeneous,False,77,fixed,4,0,0,0,0.0,3,0,1,0,1,0
unequal,4,heterogeneous,False,77,learned,4,0,0,0,0.0,3,0,1,0,1,0
unequal,4,heterogeneous,True,77,poisson,4,0,0,0,0.0,3,0,1,0,1,0
unequal,4,heterogeneous,True,77,fixed,4,0,0,0,0.0,3,0,1,0,1,0
unequal,4,heterogeneous,True,77,learned,4,0,0,0,0.0,3,0,1,0,1,0
unequal,4,heterogeneous,False,78,poisson,0,0,0,0,0.0,3,0,1,0,2,0
unequal,4,heterogeneous,False,78,fixed,0,0,0,0,0.0,3,0,1,0,2,0
unequal,4,heterogeneous,False,78,learned,0,0,0,0,0.0,3,0,1,0,2,0
unequal,4,heterogeneous,True,78,poisson,0,0,0,0,0.0,3,0,1,0,2,0
unequal,4,heterogeneous,True,78,fixed,0,0,0,0,0.0,3,0,1,0,2,0
unequal,4,heterogeneous,True,78,learned,0,0,0,0,0.0,3,0,1,0,2,0
unequal,4,heterogeneous,False,79,poisson,4,0,0,0,0.0,3,0,2,0,3,0
unequal,4,heterogeneous,False,79,fixed,4,2,0,0,0.0,3,1,2,1,3,1
unequal,4,heterogeneous,False,79,learned,4,2,0,0,0.0,3,1,2,1,3,1
unequal,4,heterogeneous,True,79,poisson,4,0,0,0,0.0,3,0,2,0,3,0
unequal,4,heterogeneous,True,79,fixed,4,2,0,0,0.0,3,1,2,1,3,1
unequal,4,heterogeneous,True,79,learned,4,2,0,0,0.0,3,1,2,1,3,1
unequal,4,heterogeneous,False,80,poisson,0,0,0,0,0.0,3,0,0,0,1,0
unequal,4,heterogeneous,False,80,fixed,0,0,0,0,0.0,3,0,0,0,1,0
unequal,4,heterogeneous,False,80,learned,0,0,0,0,0.0,3,0,0,0,1,0
unequal,4,heterogeneous,True,80,poisson,0,0,0,0,0.0,3,0,0,0,1,0
unequal,4,heterogeneous,True,80,fixed,0,0,0,0,0.0,3,0,0,0,1,0
unequal,4,heterogeneous,True,80,learned,0,0,0,0,0.0,3,0,0,0,1,0
unequal,4,heterogeneous,False,81,poisson,2,0,0,0,0.0,3,0,0,0,1,0
unequal,4,heterogeneous,False,81,fixed,2,0,0,0,0.0,3,0,0,0,1,0
unequal,4,heterogeneous,False,81,learned,2,0,0,0,0.0,3,0,0,0,1,0
unequal,4,heterogeneous,True,81,poisson,2,0,0,0,0.0,3,0,0,0,1,0
unequal,4,heterogeneous,True,81,fixed,2,0,0,0,0.0,3,0,0,0,1,0
unequal,4,heterogeneous,True,81,learned,2,0,0,0,0.0,3,0,0,0,1,0
unequal,4,heterogeneous,False,82,poisson,6,0,0,0,0.0,3,0,3,0,3,0
unequal,4,heterogeneous,False,82,fixed,6,0,0,0,0.0,3,0,3,0,3,0
unequal,4,heterogeneous,False,82,learned,6,0,0,0,0.0,3,0,3,0,3,0
unequal,4,heterogeneous,True,82,poisson,6,0,0,0,0.0,3,0,3,0,3,0
unequal,4,heterogeneous,True,82,fixed,6,0,0,0,0.0,3,0,3,0,3,0
unequal,4,heterogeneous,True,82,learned,6,0,0,0,0.0,3,0,3,0,3,0
unequal,4,heterogeneous,False,83,poisson,0,0,0,0,0.0,3,0,1,0,1,0
unequal,4,heterogeneous,False,83,fixed,0,0,0,0,0.0,3,0,1,0,1,0
unequal,4,heterogeneous,False,83,learned,0,0,0,0,0.0,3,0,1,0,1,0
unequal,4,heterogeneous,True,83,poisson,0,0,0,0,0.0,3,0,1,0,1,0
unequal,4,heterogeneous,True,83,fixed,0,0,0,0,0.0,3,0,1,0,1,0
unequal,4,heterogeneous,True,83,learned,0,0,0,0,0.0,3,0,1,0,1,0
unequal,4,heterogeneous,False,84,poisson,4,0,0,0,0.0,3,0,1,0,1,0
unequal,4,heterogeneous,False,84,fixed,4,2,0,0,0.0,3,1,1,1,1,1
unequal,4,heterogeneous,False,84,learned,4,2,0,0,0.0,3,1,1,1,1,1
unequal,4,heterogeneous,True,84,poisson,4,0,0,0,0.0,3,0,1,0,1,0
unequal,4,heterogeneous,True,84,fixed,4,2,0,0,0.0,3,1,1,1,1,1
unequal,4,heterogeneous,True,84,learned,4,2,0,0,0.0,3,1,1,1,1,1
unequal,4,heterogeneous,False,85,poisson,0,0,0,0,0.0,3,0,0,0,1,0
unequal,4,heterogeneous,False,85,fixed,0,0,0,0,0.0,3,0,0,0,1,0
unequal,4,heterogeneous,False,85,learned,0,0,0,0,0.0,3,0,0,0,1,0
unequal,4,heterogeneous,True,85,poisson,0,0,0,0,0.0,3,0,0,0,1,0
unequal,4,heterogeneous,True,85,fixed,0,0,0,0,0.0,3,0,0,0,1,0
unequal,4,heterogeneous,True,85,learned,0,0,0,0,0.0,3,0,0,0,1,0
unequal,4,heterogeneous,False,86,poisson,2,2,0,0,0.0,3,1,1,1,1,1
unequal,4,heterogeneous,False,86,fixed,2,0,0,0,0.0,3,0,1,0,1,0
unequal,4,heterogeneous,False,86,learned,2,0,0,0,0.0,3,0,1,0,1,0
unequal,4,heterogeneous,True,86,poisson,2,2,0,0,0.0,3,1,1,1,1,1
unequal,4,heterogeneous,True,86,fixed,2,0,0,0,0.0,3,0,1,0,1,0
unequal,4,heterogeneous,True,86,learned,2,0,0,0,0.0,3,0,1,0,1,0
unequal,4,heterogeneous,False,87,poisson,0,0,0,0,0.0,3,0,1,0,1,0
unequal,4,heterogeneous,False,87,fixed,0,0,0,0,0.0,3,0,1,0,1,0
unequal,4,heterogeneous,False,87,learned,0,0,0,0,0.0,3,0,1,0,1,0
unequal,4,heterogeneous,True,87,poisson,0,0,0,0,0.0,3,0,1,0,1,0
unequal,4,heterogeneous,True,87,fixed,0,0,0,0,0.0,3,0,1,0,1,0
unequal,4,heterogeneous,True,87,learned,0,0,0,0,0.0,3,0,1,0,1,0
unequal,4,heterogeneous,False,88,poisson,2,0,0,0,0.0,3,0,2,0,2,0
unequal,4,heterogeneous,False,88,fixed,2,0,0,0,0.0,3,0,2,0,2,0
unequal,4,heterogeneous,False,88,learned,2,0,0,0,0.0,3,0,2,0,2,0
unequal,4,heterogeneous,True,88,poisson,2,0,0,0,0.0,3,0,2,0,2,0
unequal,4,heterogeneous,True,88,fixed,2,0,0,0,0.0,3,0,2,0,2,0
unequal,4,heterogeneous,True,88,learned,2,0,0,0,0.0,3,0,2,0,2,0
unequal,4,heterogeneous,False,89,poisson,2,0,0,0,0.0,3,0,0,0,1,0
unequal,4,heterogeneous,False,89,fixed,2,0,0,0,0.0,3,0,0,0,1,0
unequal,4,heterogeneous,False,89,learned,2,0,0,0,0.0,3,0,0,0,1,0
unequal,4,heterogeneous,True,89,poisson,2,0,0,0,0.0,3,0,0,0,1,0
unequal,4,heterogeneous,True,89,fixed,2,0,0,0,0.0,3,0,0,0,1,0
unequal,4,heterogeneous,True,89,learned,2,0,0,0,0.0,3,0,0,0,1,0
unequal,4,heterogeneous,False,90,poisson,4,0,0,0,0.0,3,0,2,0,2,0
unequal,4,heterogeneous,False,90,fixed,4,0,0,0,0.0,3,0,2,0,2,0
unequal,4,heterogeneous,False,90,learned,4,0,0,0,0.0,3,0,2,0,2,0
unequal,4,heterogeneous,True,90,poisson,4,0,0,0,0.0,3,0,2,0,2,0
unequal,4,heterogeneous,True,90,fixed,4,0,0,0,0.0,3,0,2,0,2,0
unequal,4,heterogeneous,True,90,learned,4,0,0,0,0.0,3,0,2,0,2,0
unequal,4,heterogeneous,False,91,poisson,2,2,2,1,1.0,3,0,0,0,0,0
unequal,4,heterogeneous,False,91,fixed,2,0,0,0,0.0,3,0,0,0,0,0
unequal,4,heterogeneous,False,91,learned,2,0,0,0,0.0,3,0,0,0,0,0
unequal,4,heterogeneous,True,91,poisson,2,2,2,1,1.0,3,0,0,0,0,0
unequal,4,heterogeneous,True,91,fixed,2,0,0,0,0.0,3,0,0,0,0,0
unequal,4,heterogeneous,True,91,learned,2,0,0,0,0.0,3,0,0,0,0,0
unequal,4,heterogeneous,False,92,poisson,4,0,0,0,0.0,3,0,3,0,3,0
unequal,4,heterogeneous,False,92,fixed,4,0,0,0,0.0,3,0,3,0,3,0
unequal,4,heterogeneous,False,92,learned,4,0,0,0,0.0,3,0,3,0,3,0
unequal,4,heterogeneous,True,92,poisson,4,0,0,0,0.0,3,0,3,0,3,0
unequal,4,heterogeneous,True,92,fixed,4,0,0,0,0.0,3,0,3,0,3,0
unequal,4,heterogeneous,True,92,learned,4,0,0,0,0.0,3,0,3,0,3,0
unequal,4,heterogeneous,False,93,poisson,4,0,0,0,0.0,3,0,1,0,2,0
unequal,4,heterogeneous,False,93,fixed,4,0,0,0,0.0,3,0,1,0,2,0
unequal,4,heterogeneous,False,93,learned,4,0,0,0,0.0,3,0,1,0,2,0
unequal,4,heterogeneous,True,93,poisson,4,0,0,0,0.0,3,0,1,0,2,0
unequal,4,heterogeneous,True,93,fixed,4,0,0,0,0.0,3,0,1,0,2,0
unequal,4,heterogeneous,True,93,learned,4,0,0,0,0.0,3,0,1,0,2,0
unequal,4,heterogeneous,False,94,poisson,6,0,0,0,0.0,3,0,2,0,2,0
unequal,4,heterogeneous,False,94,fixed,6,2,0,0,0.0,3,1,2,1,2,1
unequal,4,heterogeneous,False,94,learned,6,2,0,0,0.0,3,1,2,1,2,1
unequal,4,heterogeneous,True,94,poisson,6,0,0,0,0.0,3,0,2,0,2,0
unequal,4,heterogeneous,True,94,fixed,6,2,0,0,0.0,3,1,2,1,2,1
unequal,4,heterogeneous,True,94,learned,6,2,0,0,0.0,3,1,2,1,2,1
unequal,4,heterogeneous,False,95,poisson,4,0,0,0,0.0,3,0,0,0,0,0
unequal,4,heterogeneous,False,95,fixed,4,0,0,0,0.0,3,0,0,0,0,0
unequal,4,heterogeneous,False,95,learned,4,0,0,0,0.0,3,0,0,0,0,0
unequal,4,heterogeneous,True,95,poisson,4,0,0,0,0.0,3,0,0,0,0,0
unequal,4,heterogeneous,True,95,fixed,4,0,0,0,0.0,3,0,0,0,0,0
unequal,4,heterogeneous,True,95,learned,4,0,0,0,0.0,3,0,0,0,0,0
unequal,4,heterogeneous,False,96,poisson,0,0,0,0,0.0,3,0,1,0,1,0
unequal,4,heterogeneous,False,96,fixed,0,0,0,0,0.0,3,0,1,0,1,0
unequal,4,heterogeneous,False,96,learned,0,0,0,0,0.0,3,0,1,0,1,0
unequal,4,heterogeneous,True,96,poisson,0,0,0,0,0.0,3,0,1,0,1,0
unequal,4,heterogeneous,True,96,fixed,0,0,0,0,0.0,3,0,1,0,1,0
unequal,4,heterogeneous,True,96,learned,0,0,0,0,0.0,3,0,1,0,1,0
unequal,4,heterogeneous,False,97,poisson,0,0,0,0,0.0,3,0,1,0,1,0
unequal,4,heterogeneous,False,97,fixed,0,0,0,0,0.0,3,0,1,0,1,0
unequal,4,heterogeneous,False,97,learned,0,0,0,0,0.0,3,0,1,0,1,0
unequal,4,heterogeneous,True,97,poisson,0,0,0,0,0.0,3,0,1,0,1,0
unequal,4,heterogeneous,True,97,fixed,0,0,0,0,0.0,3,0,1,0,1,0
unequal,4,heterogeneous,True,97,learned,0,0,0,0,0.0,3,0,1,0,1,0
unequal,4,heterogeneous,False,98,poisson,2,0,0,0,0.0,3,0,0,0,1,0
unequal,4,heterogeneous,False,98,fixed,2,0,0,0,0.0,3,0,0,0,1,0
unequal,4,heterogeneous,False,98,learned,2,0,0,0,0.0,3,0,0,0,1,0
unequal,4,heterogeneous,True,98,poisson,2,0,0,0,0.0,3,0,0,0,1,0
unequal,4,heterogeneous,True,98,fixed,2,0,0,0,0.0,3,0,0,0,1,0
unequal,4,heterogeneous,True,98,learned,2,0,0,0,0.0,3,0,0,0,1,0
unequal,4,heterogeneous,False,99,poisson,4,0,0,0,0.0,3,0,1,0,1,0
unequal,4,heterogeneous,False,99,fixed,4,2,0,0,0.0,3,1,1,1,1,1
unequal,4,heterogeneous,False,99,learned,4,2,0,0,0.0,3,1,1,1,1,1
unequal,4,heterogeneous,True,99,poisson,4,0,0,0,0.0,3,0,1,0,1,0
unequal,4,heterogeneous,True,99,fixed,4,2,0,0,0.0,3,1,1,1,1,1
unequal,4,heterogeneous,True,99,learned,4,2,0,0,0.0,3,1,1,1,1,1
uncertain,2,null,False,0,poisson,4,0,0,0,0.0,0,0,0,0,0,0
uncertain,2,null,False,0,fixed,4,0,0,0,0.0,0,0,0,0,0,0
uncertain,2,null,False,0,learned,4,0,0,0,0.0,0,0,0,0,0,0
uncertain,2,null,True,0,poisson,4,0,0,0,0.0,0,0,0,0,0,0
uncertain,2,null,True,0,fixed,4,0,0,0,0.0,0,0,0,0,0,0
uncertain,2,null,True,0,learned,4,0,0,0,0.0,0,0,0,0,0,0
uncertain,2,null,False,1,poisson,0,0,0,0,0.0,0,0,0,0,0,0
uncertain,2,null,False,1,fixed,0,0,0,0,0.0,0,0,0,0,0,0
uncertain,2,null,False,1,learned,0,0,0,0,0.0,0,0,0,0,0,0
uncertain,2,null,True,1,poisson,0,0,0,0,0.0,0,0,0,0,0,0
uncertain,2,null,True,1,fixed,0,0,0,0,0.0,0,0,0,0,0,0
uncertain,2,null,True,1,learned,0,0,0,0,0.0,0,0,0,0,0,0
uncertain,2,null,False,2,poisson,2,0,0,0,0.0,0,0,0,0,0,0
uncertain,2,null,False,2,fixed,2,0,0,0,0.0,0,0,0,0,0,0
uncertain,2,null,False,2,learned,2,0,0,0,0.0,0,0,0,0,0,0
uncertain,2,null,True,2,poisson,2,0,0,0,0.0,0,0,0,0,0,0
uncertain,2,null,True,2,fixed,2,0,0,0,0.0,0,0,0,0,0,0
uncertain,2,null,True,2,learned,2,0,0,0,0.0,0,0,0,0,0,0
uncertain,2,null,False,3,poisson,2,0,0,0,0.0,0,0,0,0,0,0
uncertain,2,null,False,3,fixed,2,0,0,0,0.0,0,0,0,0,0,0
uncertain,2,null,False,3,learned,2,0,0,0,0.0,0,0,0,0,0,0
uncertain,2,null,True,3,poisson,2,0,0,0,0.0,0,0,0,0,0,0
uncertain,2,null,True,3,fixed,2,0,0,0,0.0,0,0,0,0,0,0
uncertain,2,null,True,3,learned,2,0,0,0,0.0,0,0,0,0,0,0
uncertain,2,null,False,4,poisson,4,0,0,0,0.0,0,0,0,0,0,0
uncertain,2,null,False,4,fixed,4,0,0,0,0.0,0,0,0,0,0,0
uncertain,2,null,False,4,learned,4,0,0,0,0.0,0,0,0,0,0,0
uncertain,2,null,True,4,poisson,4,0,0,0,0.0,0,0,0,0,0,0
uncertain,2,null,True,4,fixed,4,0,0,0,0.0,0,0,0,0,0,0
uncertain,2,null,True,4,learned,4,0,0,0,0.0,0,0,0,0,0,0
uncertain,2,null,False,5,poisson,0,0,0,0,0.0,0,0,0,0,0,0
uncertain,2,null,False,5,fixed,0,0,0,0,0.0,0,0,0,0,0,0
uncertain,2,null,False,5,learned,0,0,0,0,0.0,0,0,0,0,0,0
uncertain,2,null,True,5,poisson,0,0,0,0,0.0,0,0,0,0,0,0
uncertain,2,null,True,5,fixed,0,0,0,0,0.0,0,0,0,0,0,0
uncertain,2,null,True,5,learned,0,0,0,0,0.0,0,0,0,0,0,0
uncertain,2,null,False,6,poisson,4,0,0,0,0.0,0,0,0,0,0,0
uncertain,2,null,False,6,fixed,4,0,0,0,0.0,0,0,0,0,0,0
uncertain,2,null,False,6,learned,4,0,0,0,0.0,0,0,0,0,0,0
uncertain,2,null,True,6,poisson,4,0,0,0,0.0,0,0,0,0,0,0
uncertain,2,null,True,6,fixed,4,0,0,0,0.0,0,0,0,0,0,0
uncertain,2,null,True,6,learned,4,0,0,0,0.0,0,0,0,0,0,0
uncertain,2,null,False,7,poisson,8,0,0,0,0.0,0,0,0,0,0,0
uncertain,2,null,False,7,fixed,8,0,0,0,0.0,0,0,0,0,0,0
uncertain,2,null,False,7,learned,8,0,0,0,0.0,0,0,0,0,0,0
uncertain,2,null,True,7,poisson,8,0,0,0,0.0,0,0,0,0,0,0
uncertain,2,null,True,7,fixed,8,0,0,0,0.0,0,0,0,0,0,0
uncertain,2,null,True,7,learned,8,0,0,0,0.0,0,0,0,0,0,0
uncertain,2,null,False,8,poisson,0,0,0,0,0.0,0,0,0,0,0,0
uncertain,2,null,False,8,fixed,0,0,0,0,0.0,0,0,0,0,0,0
uncertain,2,null,False,8,learned,0,0,0,0,0.0,0,0,0,0,0,0
uncertain,2,null,True,8,poisson,0,0,0,0,0.0,0,0,0,0,0,0
uncertain,2,null,True,8,fixed,0,0,0,0,0.0,0,0,0,0,0,0
uncertain,2,null,True,8,learned,0,0,0,0,0.0,0,0,0,0,0,0
uncertain,2,null,False,9,poisson,2,0,0,0,0.0,0,0,0,0,0,0
uncertain,2,null,False,9,fixed,2,0,0,0,0.0,0,0,0,0,0,0
uncertain,2,null,False,9,learned,2,0,0,0,0.0,0,0,0,0,0,0
uncertain,2,null,True,9,poisson,2,0,0,0,0.0,0,0,0,0,0,0
uncertain,2,null,True,9,fixed,2,0,0,0,0.0,0,0,0,0,0,0
uncertain,2,null,True,9,learned,2,0,0,0,0.0,0,0,0,0,0,0
uncertain,2,null,False,10,poisson,0,0,0,0,0.0,0,0,0,0,0,0
uncertain,2,null,False,10,fixed,0,0,0,0,0.0,0,0,0,0,0,0
uncertain,2,null,False,10,learned,0,0,0,0,0.0,0,0,0,0,0,0
uncertain,2,null,True,10,poisson,0,0,0,0,0.0,0,0,0,0,0,0
uncertain,2,null,True,10,fixed,0,0,0,0,0.0,0,0,0,0,0,0
uncertain,2,null,True,10,learned,0,0,0,0,0.0,0,0,0,0,0,0
uncertain,2,null,False,11,poisson,0,0,0,0,0.0,0,0,0,0,0,0
uncertain,2,null,False,11,fixed,0,0,0,0,0.0,0,0,0,0,0,0
uncertain,2,null,False,11,learned,0,0,0,0,0.0,0,0,0,0,0,0
uncertain,2,null,True,11,poisson,0,0,0,0,0.0,0,0,0,0,0,0
uncertain,2,null,True,11,fixed,0,0,0,0,0.0,0,0,0,0,0,0
uncertain,2,null,True,11,learned,0,0,0,0,0.0,0,0,0,0,0,0
uncertain,2,null,False,12,poisson,2,0,0,0,0.0,0,0,0,0,0,0
uncertain,2,null,False,12,fixed,2,0,0,0,0.0,0,0,0,0,0,0
uncertain,2,null,False,12,learned,2,0,0,0,0.0,0,0,0,0,0,0
uncertain,2,null,True,12,poisson,2,0,0,0,0.0,0,0,0,0,0,0
uncertain,2,null,True,12,fixed,2,0,0,0,0.0,0,0,0,0,0,0
uncertain,2,null,True,12,learned,2,0,0,0,0.0,0,0,0,0,0,0
uncertain,2,null,False,13,poisson,0,0,0,0,0.0,0,0,0,0,0,0
uncertain,2,null,False,13,fixed,0,0,0,0,0.0,0,0,0,0,0,0
uncertain,2,null,False,13,learned,0,0,0,0,0.0,0,0,0,0,0,0
uncertain,2,null,True,13,poisson,0,0,0,0,0.0,0,0,0,0,0,0
uncertain,2,null,True,13,fixed,0,0,0,0,0.0,0,0,0,0,0,0
uncertain,2,null,True,13,learned,0,0,0,0,0.0,0,0,0,0,0,0
uncertain,2,null,False,14,poisson,0,0,0,0,0.0,0,0,0,0,0,0
uncertain,2,null,False,14,fixed,0,0,0,0,0.0,0,0,0,0,0,0
uncertain,2,null,False,14,learned,0,0,0,0,0.0,0,0,0,0,0,0
uncertain,2,null,True,14,poisson,0,0,0,0,0.0,0,0,0,0,0,0
uncertain,2,null,True,14,fixed,0,0,0,0,0.0,0,0,0,0,0,0
uncertain,2,null,True,14,learned,0,0,0,0,0.0,0,0,0,0,0,0
uncertain,2,null,False,15,poisson,0,0,0,0,0.0,0,0,0,0,0,0
uncertain,2,null,False,15,fixed,0,0,0,0,0.0,0,0,0,0,0,0
uncertain,2,null,False,15,learned,0,0,0,0,0.0,0,0,0,0,0,0
uncertain,2,null,True,15,poisson,0,0,0,0,0.0,0,0,0,0,0,0
uncertain,2,null,True,15,fixed,0,0,0,0,0.0,0,0,0,0,0,0
uncertain,2,null,True,15,learned,0,0,0,0,0.0,0,0,0,0,0,0
uncertain,2,null,False,16,poisson,2,2,2,1,1.0,0,0,0,0,0,0
uncertain,2,null,False,16,fixed,2,2,2,1,1.0,0,0,0,0,0,0
uncertain,2,null,False,16,learned,2,2,2,1,1.0,0,0,0,0,0,0
uncertain,2,null,True,16,poisson,2,2,2,1,1.0,0,0,0,0,0,0
uncertain,2,null,True,16,fixed,2,2,2,1,1.0,0,0,0,0,0,0
uncertain,2,null,True,16,learned,2,2,2,1,1.0,0,0,0,0,0,0
uncertain,2,null,False,17,poisson,2,0,0,0,0.0,0,0,0,0,0,0
uncertain,2,null,False,17,fixed,2,0,0,0,0.0,0,0,0,0,0,0
uncertain,2,null,False,17,learned,2,0,0,0,0.0,0,0,0,0,0,0
uncertain,2,null,True,17,poisson,2,0,0,0,0.0,0,0,0,0,0,0
uncertain,2,null,True,17,fixed,2,0,0,0,0.0,0,0,0,0,0,0
uncertain,2,null,True,17,learned,2,0,0,0,0.0,0,0,0,0,0,0
uncertain,2,null,False,18,poisson,2,0,0,0,0.0,0,0,0,0,0,0
uncertain,2,null,False,18,fixed,2,0,0,0,0.0,0,0,0,0,0,0
uncertain,2,null,False,18,learned,2,0,0,0,0.0,0,0,0,0,0,0
uncertain,2,null,True,18,poisson,2,0,0,0,0.0,0,0,0,0,0,0
uncertain,2,null,True,18,fixed,2,0,0,0,0.0,0,0,0,0,0,0
uncertain,2,null,True,18,learned,2,0,0,0,0.0,0,0,0,0,0,0
uncertain,2,null,False,19,poisson,0,0,0,0,0.0,0,0,0,0,0,0
uncertain,2,null,False,19,fixed,0,0,0,0,0.0,0,0,0,0,0,0
uncertain,2,null,False,19,learned,0,0,0,0,0.0,0,0,0,0,0,0
uncertain,2,null,True,19,poisson,0,0,0,0,0.0,0,0,0,0,0,0
uncertain,2,null,True,19,fixed,0,0,0,0,0.0,0,0,0,0,0,0
uncertain,2,null,True,19,learned,0,0,0,0,0.0,0,0,0,0,0,0
uncertain,2,null,False,20,poisson,2,2,2,1,1.0,0,0,0,0,0,0
uncertain,2,null,False,20,fixed,2,2,2,1,1.0,0,0,0,0,0,0
uncertain,2,null,False,20,learned,2,2,2,1,1.0,0,0,0,0,0,0
uncertain,2,null,True,20,poisson,2,2,2,1,1.0,0,0,0,0,0,0
uncertain,2,null,True,20,fixed,2,0,0,0,0.0,0,0,0,0,0,0
uncertain,2,null,True,20,learned,2,0,0,0,0.0,0,0,0,0,0,0
uncertain,2,null,False,21,poisson,0,0,0,0,0.0,0,0,0,0,0,0
uncertain,2,null,False,21,fixed,0,0,0,0,0.0,0,0,0,0,0,0
uncertain,2,null,False,21,learned,0,0,0,0,0.0,0,0,0,0,0,0
uncertain,2,null,True,21,poisson,0,0,0,0,0.0,0,0,0,0,0,0
uncertain,2,null,True,21,fixed,0,0,0,0,0.0,0,0,0,0,0,0
uncertain,2,null,True,21,learned,0,0,0,0,0.0,0,0,0,0,0,0
uncertain,2,null,False,22,poisson,2,0,0,0,0.0,0,0,0,0,0,0
uncertain,2,null,False,22,fixed,2,0,0,0,0.0,0,0,0,0,0,0
uncertain,2,null,False,22,learned,2,0,0,0,0.0,0,0,0,0,0,0
uncertain,2,null,True,22,poisson,2,0,0,0,0.0,0,0,0,0,0,0
uncertain,2,null,True,22,fixed,2,0,0,0,0.0,0,0,0,0,0,0
uncertain,2,null,True,22,learned,2,0,0,0,0.0,0,0,0,0,0,0
uncertain,2,null,False,23,poisson,4,0,0,0,0.0,0,0,0,0,0,0
uncertain,2,null,False,23,fixed,4,0,0,0,0.0,0,0,0,0,0,0
uncertain,2,null,False,23,learned,4,0,0,0,0.0,0,0,0,0,0,0
uncertain,2,null,True,23,poisson,4,0,0,0,0.0,0,0,0,0,0,0
uncertain,2,null,True,23,fixed,4,0,0,0,0.0,0,0,0,0,0,0
uncertain,2,null,True,23,learned,4,0,0,0,0.0,0,0,0,0,0,0
uncertain,2,null,False,24,poisson,2,0,0,0,0.0,0,0,0,0,0,0
uncertain,2,null,False,24,fixed,2,0,0,0,0.0,0,0,0,0,0,0
uncertain,2,null,False,24,learned,2,0,0,0,0.0,0,0,0,0,0,0
uncertain,2,null,True,24,poisson,2,0,0,0,0.0,0,0,0,0,0,0
uncertain,2,null,True,24,fixed,2,0,0,0,0.0,0,0,0,0,0,0
uncertain,2,null,True,24,learned,2,0,0,0,0.0,0,0,0,0,0,0
uncertain,2,null,False,25,poisson,2,0,0,0,0.0,0,0,0,0,0,0
uncertain,2,null,False,25,fixed,2,0,0,0,0.0,0,0,0,0,0,0
uncertain,2,null,False,25,learned,2,0,0,0,0.0,0,0,0,0,0,0
uncertain,2,null,True,25,poisson,2,0,0,0,0.0,0,0,0,0,0,0
uncertain,2,null,True,25,fixed,2,0,0,0,0.0,0,0,0,0,0,0
uncertain,2,null,True,25,learned,2,0,0,0,0.0,0,0,0,0,0,0
uncertain,2,null,False,26,poisson,4,0,0,0,0.0,0,0,0,0,0,0
uncertain,2,null,False,26,fixed,4,0,0,0,0.0,0,0,0,0,0,0
uncertain,2,null,False,26,learned,4,0,0,0,0.0,0,0,0,0,0,0
uncertain,2,null,True,26,poisson,4,0,0,0,0.0,0,0,0,0,0,0
uncertain,2,null,True,26,fixed,4,0,0,0,0.0,0,0,0,0,0,0
uncertain,2,null,True,26,learned,4,0,0,0,0.0,0,0,0,0,0,0
uncertain,2,null,False,27,poisson,0,0,0,0,0.0,0,0,0,0,0,0
uncertain,2,null,False,27,fixed,0,0,0,0,0.0,0,0,0,0,0,0
uncertain,2,null,False,27,learned,0,0,0,0,0.0,0,0,0,0,0,0
uncertain,2,null,True,27,poisson,0,0,0,0,0.0,0,0,0,0,0,0
uncertain,2,null,True,27,fixed,0,0,0,0,0.0,0,0,0,0,0,0
uncertain,2,null,True,27,learned,0,0,0,0,0.0,0,0,0,0,0,0
uncertain,2,null,False,28,poisson,0,0,0,0,0.0,0,0,0,0,0,0
uncertain,2,null,False,28,fixed,0,0,0,0,0.0,0,0,0,0,0,0
uncertain,2,null,False,28,learned,0,0,0,0,0.0,0,0,0,0,0,0
uncertain,2,null,True,28,poisson,0,0,0,0,0.0,0,0,0,0,0,0
uncertain,2,null,True,28,fixed,0,0,0,0,0.0,0,0,0,0,0,0
uncertain,2,null,True,28,learned,0,0,0,0,0.0,0,0,0,0,0,0
uncertain,2,null,False,29,poisson,0,0,0,0,0.0,0,0,0,0,0,0
uncertain,2,null,False,29,fixed,0,0,0,0,0.0,0,0,0,0,0,0
uncertain,2,null,False,29,learned,0,0,0,0,0.0,0,0,0,0,0,0
uncertain,2,null,True,29,poisson,0,0,0,0,0.0,0,0,0,0,0,0
uncertain,2,null,True,29,fixed,0,0,0,0,0.0,0,0,0,0,0,0
uncertain,2,null,True,29,learned,0,0,0,0,0.0,0,0,0,0,0,0
uncertain,2,null,False,30,poisson,6,0,0,0,0.0,0,0,0,0,0,0
uncertain,2,null,False,30,fixed,6,0,0,0,0.0,0,0,0,0,0,0
uncertain,2,null,False,30,learned,6,0,0,0,0.0,0,0,0,0,0,0
uncertain,2,null,True,30,poisson,6,0,0,0,0.0,0,0,0,0,0,0
uncertain,2,null,True,30,fixed,6,0,0,0,0.0,0,0,0,0,0,0
uncertain,2,null,True,30,learned,6,0,0,0,0.0,0,0,0,0,0,0
uncertain,2,null,False,31,poisson,0,0,0,0,0.0,0,0,0,0,0,0
uncertain,2,null,False,31,fixed,0,0,0,0,0.0,0,0,0,0,0,0
uncertain,2,null,False,31,learned,0,0,0,0,0.0,0,0,0,0,0,0
uncertain,2,null,True,31,poisson,0,0,0,0,0.0,0,0,0,0,0,0
uncertain,2,null,True,31,fixed,0,0,0,0,0.0,0,0,0,0,0,0
uncertain,2,null,True,31,learned,0,0,0,0,0.0,0,0,0,0,0,0
uncertain,2,null,False,32,poisson,0,0,0,0,0.0,0,0,0,0,0,0
uncertain,2,null,False,32,fixed,0,0,0,0,0.0,0,0,0,0,0,0
uncertain,2,null,False,32,learned,0,0,0,0,0.0,0,0,0,0,0,0
uncertain,2,null,True,32,poisson,0,0,0,0,0.0,0,0,0,0,0,0
uncertain,2,null,True,32,fixed,0,0,0,0,0.0,0,0,0,0,0,0
uncertain,2,null,True,32,learned,0,0,0,0,0.0,0,0,0,0,0,0
uncertain,2,null,False,33,poisson,0,0,0,0,0.0,0,0,0,0,0,0
uncertain,2,null,False,33,fixed,0,0,0,0,0.0,0,0,0,0,0,0
uncertain,2,null,False,33,learned,0,0,0,0,0.0,0,0,0,0,0,0
uncertain,2,null,True,33,poisson,0,0,0,0,0.0,0,0,0,0,0,0
uncertain,2,null,True,33,fixed,0,0,0,0,0.0,0,0,0,0,0,0
uncertain,2,null,True,33,learned,0,0,0,0,0.0,0,0,0,0,0,0
uncertain,2,null,False,34,poisson,2,0,0,0,0.0,0,0,0,0,0,0
uncertain,2,null,False,34,fixed,2,0,0,0,0.0,0,0,0,0,0,0
uncertain,2,null,False,34,learned,2,0,0,0,0.0,0,0,0,0,0,0
uncertain,2,null,True,34,poisson,2,0,0,0,0.0,0,0,0,0,0,0
uncertain,2,null,True,34,fixed,2,0,0,0,0.0,0,0,0,0,0,0
uncertain,2,null,True,34,learned,2,0,0,0,0.0,0,0,0,0,0,0
uncertain,2,null,False,35,poisson,0,0,0,0,0.0,0,0,0,0,0,0
uncertain,2,null,False,35,fixed,0,0,0,0,0.0,0,0,0,0,0,0
uncertain,2,null,False,35,learned,0,0,0,0,0.0,0,0,0,0,0,0
uncertain,2,null,True,35,poisson,0,0,0,0,0.0,0,0,0,0,0,0
uncertain,2,null,True,35,fixed,0,0,0,0,0.0,0,0,0,0,0,0
uncertain,2,null,True,35,learned,0,0,0,0,0.0,0,0,0,0,0,0
uncertain,2,null,False,36,poisson,2,0,0,0,0.0,0,0,0,0,0,0
uncertain,2,null,False,36,fixed,2,0,0,0,0.0,0,0,0,0,0,0
uncertain,2,null,False,36,learned,2,0,0,0,0.0,0,0,0,0,0,0
uncertain,2,null,True,36,poisson,2,0,0,0,0.0,0,0,0,0,0,0
uncertain,2,null,True,36,fixed,2,0,0,0,0.0,0,0,0,0,0,0
uncertain,2,null,True,36,learned,2,0,0,0,0.0,0,0,0,0,0,0
uncertain,2,null,False,37,poisson,0,0,0,0,0.0,0,0,0,0,0,0
uncertain,2,null,False,37,fixed,0,0,0,0,0.0,0,0,0,0,0,0
uncertain,2,null,False,37,learned,0,0,0,0,0.0,0,0,0,0,0,0
uncertain,2,null,True,37,poisson,0,0,0,0,0.0,0,0,0,0,0,0
uncertain,2,null,True,37,fixed,0,0,0,0,0.0,0,0,0,0,0,0
uncertain,2,null,True,37,learned,0,0,0,0,0.0,0,0,0,0,0,0
uncertain,2,null,False,38,poisson,2,0,0,0,0.0,0,0,0,0,0,0
uncertain,2,null,False,38,fixed,2,0,0,0,0.0,0,0,0,0,0,0
uncertain,2,null,False,38,learned,2,0,0,0,0.0,0,0,0,0,0,0
uncertain,2,null,True,38,poisson,2,0,0,0,0.0,0,0,0,0,0,0
uncertain,2,null,True,38,fixed,2,0,0,0,0.0,0,0,0,0,0,0
uncertain,2,null,True,38,learned,2,0,0,0,0.0,0,0,0,0,0,0
uncertain,2,null,False,39,poisson,2,0,0,0,0.0,0,0,0,0,0,0
uncertain,2,null,False,39,fixed,2,0,0,0,0.0,0,0,0,0,0,0
uncertain,2,null,False,39,learned,2,0,0,0,0.0,0,0,0,0,0,0
uncertain,2,null,True,39,poisson,2,0,0,0,0.0,0,0,0,0,0,0
uncertain,2,null,True,39,fixed,2,0,0,0,0.0,0,0,0,0,0,0
uncertain,2,null,True,39,learned,2,0,0,0,0.0,0,0,0,0,0,0
uncertain,2,null,False,40,poisson,2,0,0,0,0.0,0,0,0,0,0,0
uncertain,2,null,False,40,fixed,2,0,0,0,0.0,0,0,0,0,0,0
uncertain,2,null,False,40,learned,2,0,0,0,0.0,0,0,0,0,0,0
uncertain,2,null,True,40,poisson,2,0,0,0,0.0,0,0,0,0,0,0
uncertain,2,null,True,40,fixed,2,0,0,0,0.0,0,0,0,0,0,0
uncertain,2,null,True,40,learned,2,0,0,0,0.0,0,0,0,0,0,0
uncertain,2,null,False,41,poisson,0,0,0,0,0.0,0,0,0,0,0,0
uncertain,2,null,False,41,fixed,0,0,0,0,0.0,0,0,0,0,0,0
uncertain,2,null,False,41,learned,0,0,0,0,0.0,0,0,0,0,0,0
uncertain,2,null,True,41,poisson,0,0,0,0,0.0,0,0,0,0,0,0
uncertain,2,null,True,41,fixed,0,0,0,0,0.0,0,0,0,0,0,0
uncertain,2,null,True,41,learned,0,0,0,0,0.0,0,0,0,0,0,0
uncertain,2,null,False,42,poisson,2,0,0,0,0.0,0,0,0,0,0,0
uncertain,2,null,False,42,fixed,2,0,0,0,0.0,0,0,0,0,0,0
uncertain,2,null,False,42,learned,2,0,0,0,0.0,0,0,0,0,0,0
uncertain,2,null,True,42,poisson,2,0,0,0,0.0,0,0,0,0,0,0
uncertain,2,null,True,42,fixed,2,0,0,0,0.0,0,0,0,0,0,0
uncertain,2,null,True,42,learned,2,0,0,0,0.0,0,0,0,0,0,0
uncertain,2,null,False,43,poisson,2,2,2,1,1.0,0,0,0,0,0,0
uncertain,2,null,False,43,fixed,2,0,0,0,0.0,0,0,0,0,0,0
uncertain,2,null,False,43,learned,2,0,0,0,0.0,0,0,0,0,0,0
uncertain,2,null,True,43,poisson,2,2,2,1,1.0,0,0,0,0,0,0
uncertain,2,null,True,43,fixed,2,0,0,0,0.0,0,0,0,0,0,0
uncertain,2,null,True,43,learned,2,0,0,0,0.0,0,0,0,0,0,0
uncertain,2,null,False,44,poisson,0,0,0,0,0.0,0,0,0,0,0,0
uncertain,2,null,False,44,fixed,0,0,0,0,0.0,0,0,0,0,0,0
uncertain,2,null,False,44,learned,0,0,0,0,0.0,0,0,0,0,0,0
uncertain,2,null,True,44,poisson,0,0,0,0,0.0,0,0,0,0,0,0
uncertain,2,null,True,44,fixed,0,0,0,0,0.0,0,0,0,0,0,0
uncertain,2,null,True,44,learned,0,0,0,0,0.0,0,0,0,0,0,0
uncertain,2,null,False,45,poisson,0,0,0,0,0.0,0,0,0,0,0,0
uncertain,2,null,False,45,fixed,0,0,0,0,0.0,0,0,0,0,0,0
uncertain,2,null,False,45,learned,0,0,0,0,0.0,0,0,0,0,0,0
uncertain,2,null,True,45,poisson,0,0,0,0,0.0,0,0,0,0,0,0
uncertain,2,null,True,45,fixed,0,0,0,0,0.0,0,0,0,0,0,0
uncertain,2,null,True,45,learned,0,0,0,0,0.0,0,0,0,0,0,0
uncertain,2,null,False,46,poisson,4,0,0,0,0.0,0,0,0,0,0,0
uncertain,2,null,False,46,fixed,4,0,0,0,0.0,0,0,0,0,0,0
uncertain,2,null,False,46,learned,4,0,0,0,0.0,0,0,0,0,0,0
uncertain,2,null,True,46,poisson,4,0,0,0,0.0,0,0,0,0,0,0
uncertain,2,null,True,46,fixed,4,0,0,0,0.0,0,0,0,0,0,0
uncertain,2,null,True,46,learned,4,0,0,0,0.0,0,0,0,0,0,0
uncertain,2,null,False,47,poisson,4,2,2,1,1.0,0,0,0,0,0,0
uncertain,2,null,False,47,fixed,4,0,0,0,0.0,0,0,0,0,0,0
uncertain,2,null,False,47,learned,4,0,0,0,0.0,0,0,0,0,0,0
uncertain,2,null,True,47,poisson,4,2,2,1,1.0,0,0,0,0,0,0
uncertain,2,null,True,47,fixed,4,0,0,0,0.0,0,0,0,0,0,0
uncertain,2,null,True,47,learned,4,0,0,0,0.0,0,0,0,0,0,0
uncertain,2,null,False,48,poisson,2,0,0,0,0.0,0,0,0,0,0,0
uncertain,2,null,False,48,fixed,2,0,0,0,0.0,0,0,0,0,0,0
uncertain,2,null,False,48,learned,2,0,0,0,0.0,0,0,0,0,0,0
uncertain,2,null,True,48,poisson,2,0,0,0,0.0,0,0,0,0,0,0
uncertain,2,null,True,48,fixed,2,0,0,0,0.0,0,0,0,0,0,0
uncertain,2,null,True,48,learned,2,0,0,0,0.0,0,0,0,0,0,0
uncertain,2,null,False,49,poisson,0,0,0,0,0.0,0,0,0,0,0,0
uncertain,2,null,False,49,fixed,0,0,0,0,0.0,0,0,0,0,0,0
uncertain,2,null,False,49,learned,0,0,0,0,0.0,0,0,0,0,0,0
uncertain,2,null,True,49,poisson,0,0,0,0,0.0,0,0,0,0,0,0
uncertain,2,null,True,49,fixed,0,0,0,0,0.0,0,0,0,0,0,0
uncertain,2,null,True,49,learned,0,0,0,0,0.0,0,0,0,0,0,0
uncertain,2,null,False,50,poisson,2,2,2,1,1.0,0,0,0,0,0,0
uncertain,2,null,False,50,fixed,2,2,2,1,1.0,0,0,0,0,0,0
uncertain,2,null,False,50,learned,2,2,2,1,1.0,0,0,0,0,0,0
uncertain,2,null,True,50,poisson,2,2,2,1,1.0,0,0,0,0,0,0
uncertain,2,null,True,50,fixed,2,0,0,0,0.0,0,0,0,0,0,0
uncertain,2,null,True,50,learned,2,0,0,0,0.0,0,0,0,0,0,0
uncertain,2,null,False,51,poisson,2,0,0,0,0.0,0,0,0,0,0,0
uncertain,2,null,False,51,fixed,2,0,0,0,0.0,0,0,0,0,0,0
uncertain,2,null,False,51,learned,2,0,0,0,0.0,0,0,0,0,0,0
uncertain,2,null,True,51,poisson,2,0,0,0,0.0,0,0,0,0,0,0
uncertain,2,null,True,51,fixed,2,0,0,0,0.0,0,0,0,0,0,0
uncertain,2,null,True,51,learned,2,0,0,0,0.0,0,0,0,0,0,0
uncertain,2,null,False,52,poisson,2,0,0,0,0.0,0,0,0,0,0,0
uncertain,2,null,False,52,fixed,2,0,0,0,0.0,0,0,0,0,0,0
uncertain,2,null,False,52,learned,2,0,0,0,0.0,0,0,0,0,0,0
uncertain,2,null,True,52,poisson,2,0,0,0,0.0,0,0,0,0,0,0
uncertain,2,null,True,52,fixed,2,0,0,0,0.0,0,0,0,0,0,0
uncertain,2,null,True,52,learned,2,0,0,0,0.0,0,0,0,0,0,0
uncertain,2,null,False,53,poisson,0,0,0,0,0.0,0,0,0,0,0,0
uncertain,2,null,False,53,fixed,0,0,0,0,0.0,0,0,0,0,0,0
uncertain,2,null,False,53,learned,0,0,0,0,0.0,0,0,0,0,0,0
uncertain,2,null,True,53,poisson,0,0,0,0,0.0,0,0,0,0,0,0
uncertain,2,null,True,53,fixed,0,0,0,0,0.0,0,0,0,0,0,0
uncertain,2,null,True,53,learned,0,0,0,0,0.0,0,0,0,0,0,0
uncertain,2,null,False,54,poisson,0,0,0,0,0.0,0,0,0,0,0,0
uncertain,2,null,False,54,fixed,0,0,0,0,0.0,0,0,0,0,0,0
uncertain,2,null,False,54,learned,0,0,0,0,0.0,0,0,0,0,0,0
uncertain,2,null,True,54,poisson,0,0,0,0,0.0,0,0,0,0,0,0
uncertain,2,null,True,54,fixed,0,0,0,0,0.0,0,0,0,0,0,0
uncertain,2,null,True,54,learned,0,0,0,0,0.0,0,0,0,0,0,0
uncertain,2,null,False,55,poisson,0,0,0,0,0.0,0,0,0,0,0,0
uncertain,2,null,False,55,fixed,0,0,0,0,0.0,0,0,0,0,0,0
uncertain,2,null,False,55,learned,0,0,0,0,0.0,0,0,0,0,0,0
uncertain,2,null,True,55,poisson,0,0,0,0,0.0,0,0,0,0,0,0
uncertain,2,null,True,55,fixed,0,0,0,0,0.0,0,0,0,0,0,0
uncertain,2,null,True,55,learned,0,0,0,0,0.0,0,0,0,0,0,0
uncertain,2,null,False,56,poisson,2,0,0,0,0.0,0,0,0,0,0,0
uncertain,2,null,False,56,fixed,2,0,0,0,0.0,0,0,0,0,0,0
uncertain,2,null,False,56,learned,2,0,0,0,0.0,0,0,0,0,0,0
uncertain,2,null,True,56,poisson,2,0,0,0,0.0,0,0,0,0,0,0
uncertain,2,null,True,56,fixed,2,0,0,0,0.0,0,0,0,0,0,0
uncertain,2,null,True,56,learned,2,0,0,0,0.0,0,0,0,0,0,0
uncertain,2,null,False,57,poisson,2,0,0,0,0.0,0,0,0,0,0,0
uncertain,2,null,False,57,fixed,2,0,0,0,0.0,0,0,0,0,0,0
uncertain,2,null,False,57,learned,2,0,0,0,0.0,0,0,0,0,0,0
uncertain,2,null,True,57,poisson,2,0,0,0,0.0,0,0,0,0,0,0
uncertain,2,null,True,57,fixed,2,0,0,0,0.0,0,0,0,0,0,0
uncertain,2,null,True,57,learned,2,0,0,0,0.0,0,0,0,0,0,0
uncertain,2,null,False,58,poisson,0,0,0,0,0.0,0,0,0,0,0,0
uncertain,2,null,False,58,fixed,0,0,0,0,0.0,0,0,0,0,0,0
uncertain,2,null,False,58,learned,0,0,0,0,0.0,0,0,0,0,0,0
uncertain,2,null,True,58,poisson,0,0,0,0,0.0,0,0,0,0,0,0
uncertain,2,null,True,58,fixed,0,0,0,0,0.0,0,0,0,0,0,0
uncertain,2,null,True,58,learned,0,0,0,0,0.0,0,0,0,0,0,0
uncertain,2,null,False,59,poisson,0,0,0,0,0.0,0,0,0,0,0,0
uncertain,2,null,False,59,fixed,0,0,0,0,0.0,0,0,0,0,0,0
uncertain,2,null,False,59,learned,0,0,0,0,0.0,0,0,0,0,0,0
uncertain,2,null,True,59,poisson,0,0,0,0,0.0,0,0,0,0,0,0
uncertain,2,null,True,59,fixed,0,0,0,0,0.0,0,0,0,0,0,0
uncertain,2,null,True,59,learned,0,0,0,0,0.0,0,0,0,0,0,0
uncertain,2,null,False,60,poisson,0,0,0,0,0.0,0,0,0,0,0,0
uncertain,2,null,False,60,fixed,0,0,0,0,0.0,0,0,0,0,0,0
uncertain,2,null,False,60,learned,0,0,0,0,0.0,0,0,0,0,0,0
uncertain,2,null,True,60,poisson,0,0,0,0,0.0,0,0,0,0,0,0
uncertain,2,null,True,60,fixed,0,0,0,0,0.0,0,0,0,0,0,0
uncertain,2,null,True,60,learned,0,0,0,0,0.0,0,0,0,0,0,0
uncertain,2,null,False,61,poisson,0,0,0,0,0.0,0,0,0,0,0,0
uncertain,2,null,False,61,fixed,0,0,0,0,0.0,0,0,0,0,0,0
uncertain,2,null,False,61,learned,0,0,0,0,0.0,0,0,0,0,0,0
uncertain,2,null,True,61,poisson,0,0,0,0,0.0,0,0,0,0,0,0
uncertain,2,null,True,61,fixed,0,0,0,0,0.0,0,0,0,0,0,0
uncertain,2,null,True,61,learned,0,0,0,0,0.0,0,0,0,0,0,0
uncertain,2,null,False,62,poisson,2,0,0,0,0.0,0,0,0,0,0,0
uncertain,2,null,False,62,fixed,2,0,0,0,0.0,0,0,0,0,0,0
uncertain,2,null,False,62,learned,2,0,0,0,0.0,0,0,0,0,0,0
uncertain,2,null,True,62,poisson,2,0,0,0,0.0,0,0,0,0,0,0
uncertain,2,null,True,62,fixed,2,0,0,0,0.0,0,0,0,0,0,0
uncertain,2,null,True,62,learned,2,0,0,0,0.0,0,0,0,0,0,0
uncertain,2,null,False,63,poisson,0,0,0,0,0.0,0,0,0,0,0,0
uncertain,2,null,False,63,fixed,0,0,0,0,0.0,0,0,0,0,0,0
uncertain,2,null,False,63,learned,0,0,0,0,0.0,0,0,0,0,0,0
uncertain,2,null,True,63,poisson,0,0,0,0,0.0,0,0,0,0,0,0
uncertain,2,null,True,63,fixed,0,0,0,0,0.0,0,0,0,0,0,0
uncertain,2,null,True,63,learned,0,0,0,0,0.0,0,0,0,0,0,0
uncertain,2,null,False,64,poisson,0,0,0,0,0.0,0,0,0,0,0,0
uncertain,2,null,False,64,fixed,0,0,0,0,0.0,0,0,0,0,0,0
uncertain,2,null,False,64,learned,0,0,0,0,0.0,0,0,0,0,0,0
uncertain,2,null,True,64,poisson,0,0,0,0,0.0,0,0,0,0,0,0
uncertain,2,null,True,64,fixed,0,0,0,0,0.0,0,0,0,0,0,0
uncertain,2,null,True,64,learned,0,0,0,0,0.0,0,0,0,0,0,0
uncertain,2,null,False,65,poisson,2,0,0,0,0.0,0,0,0,0,0,0
uncertain,2,null,False,65,fixed,2,0,0,0,0.0,0,0,0,0,0,0
uncertain,2,null,False,65,learned,2,0,0,0,0.0,0,0,0,0,0,0
uncertain,2,null,True,65,poisson,2,0,0,0,0.0,0,0,0,0,0,0
uncertain,2,null,True,65,fixed,2,0,0,0,0.0,0,0,0,0,0,0
uncertain,2,null,True,65,learned,2,0,0,0,0.0,0,0,0,0,0,0
uncertain,2,null,False,66,poisson,4,0,0,0,0.0,0,0,0,0,0,0
uncertain,2,null,False,66,fixed,4,0,0,0,0.0,0,0,0,0,0,0
uncertain,2,null,False,66,learned,4,0,0,0,0.0,0,0,0,0,0,0
uncertain,2,null,True,66,poisson,4,0,0,0,0.0,0,0,0,0,0,0
uncertain,2,null,True,66,fixed,4,0,0,0,0.0,0,0,0,0,0,0
uncertain,2,null,True,66,learned,4,0,0,0,0.0,0,0,0,0,0,0
uncertain,2,null,False,67,poisson,0,0,0,0,0.0,0,0,0,0,0,0
uncertain,2,null,False,67,fixed,0,0,0,0,0.0,0,0,0,0,0,0
uncertain,2,null,False,67,learned,0,0,0,0,0.0,0,0,0,0,0,0
uncertain,2,null,True,67,poisson,0,0,0,0,0.0,0,0,0,0,0,0
uncertain,2,null,True,67,fixed,0,0,0,0,0.0,0,0,0,0,0,0
uncertain,2,null,True,67,learned,0,0,0,0,0.0,0,0,0,0,0,0
uncertain,2,null,False,68,poisson,0,0,0,0,0.0,0,0,0,0,0,0
uncertain,2,null,False,68,fixed,0,0,0,0,0.0,0,0,0,0,0,0
uncertain,2,null,False,68,learned,0,0,0,0,0.0,0,0,0,0,0,0
uncertain,2,null,True,68,poisson,0,0,0,0,0.0,0,0,0,0,0,0
uncertain,2,null,True,68,fixed,0,0,0,0,0.0,0,0,0,0,0,0
uncertain,2,null,True,68,learned,0,0,0,0,0.0,0,0,0,0,0,0
uncertain,2,null,False,69,poisson,2,0,0,0,0.0,0,0,0,0,0,0
uncertain,2,null,False,69,fixed,2,0,0,0,0.0,0,0,0,0,0,0
uncertain,2,null,False,69,learned,2,0,0,0,0.0,0,0,0,0,0,0
uncertain,2,null,True,69,poisson,2,0,0,0,0.0,0,0,0,0,0,0
uncertain,2,null,True,69,fixed,2,0,0,0,0.0,0,0,0,0,0,0
uncertain,2,null,True,69,learned,2,0,0,0,0.0,0,0,0,0,0,0
uncertain,2,null,False,70,poisson,0,0,0,0,0.0,0,0,0,0,0,0
uncertain,2,null,False,70,fixed,0,0,0,0,0.0,0,0,0,0,0,0
uncertain,2,null,False,70,learned,0,0,0,0,0.0,0,0,0,0,0,0
uncertain,2,null,True,70,poisson,0,0,0,0,0.0,0,0,0,0,0,0
uncertain,2,null,True,70,fixed,0,0,0,0,0.0,0,0,0,0,0,0
uncertain,2,null,True,70,learned,0,0,0,0,0.0,0,0,0,0,0,0
uncertain,2,null,False,71,poisson,0,0,0,0,0.0,0,0,0,0,0,0
uncertain,2,null,False,71,fixed,0,0,0,0,0.0,0,0,0,0,0,0
uncertain,2,null,False,71,learned,0,0,0,0,0.0,0,0,0,0,0,0
uncertain,2,null,True,71,poisson,0,0,0,0,0.0,0,0,0,0,0,0
uncertain,2,null,True,71,fixed,0,0,0,0,0.0,0,0,0,0,0,0
uncertain,2,null,True,71,learned,0,0,0,0,0.0,0,0,0,0,0,0
uncertain,2,null,False,72,poisson,2,0,0,0,0.0,0,0,0,0,0,0
uncertain,2,null,False,72,fixed,2,0,0,0,0.0,0,0,0,0,0,0
uncertain,2,null,False,72,learned,2,0,0,0,0.0,0,0,0,0,0,0
uncertain,2,null,True,72,poisson,2,0,0,0,0.0,0,0,0,0,0,0
uncertain,2,null,True,72,fixed,2,0,0,0,0.0,0,0,0,0,0,0
uncertain,2,null,True,72,learned,2,0,0,0,0.0,0,0,0,0,0,0
uncertain,2,null,False,73,poisson,0,0,0,0,0.0,0,0,0,0,0,0
uncertain,2,null,False,73,fixed,0,0,0,0,0.0,0,0,0,0,0,0
uncertain,2,null,False,73,learned,0,0,0,0,0.0,0,0,0,0,0,0
uncertain,2,null,True,73,poisson,0,0,0,0,0.0,0,0,0,0,0,0
uncertain,2,null,True,73,fixed,0,0,0,0,0.0,0,0,0,0,0,0
uncertain,2,null,True,73,learned,0,0,0,0,0.0,0,0,0,0,0,0
uncertain,2,null,False,74,poisson,0,0,0,0,0.0,0,0,0,0,0,0
uncertain,2,null,False,74,fixed,0,0,0,0,0.0,0,0,0,0,0,0
uncertain,2,null,False,74,learned,0,0,0,0,0.0,0,0,0,0,0,0
uncertain,2,null,True,74,poisson,0,0,0,0,0.0,0,0,0,0,0,0
uncertain,2,null,True,74,fixed,0,0,0,0,0.0,0,0,0,0,0,0
uncertain,2,null,True,74,learned,0,0,0,0,0.0,0,0,0,0,0,0
uncertain,2,null,False,75,poisson,2,0,0,0,0.0,0,0,0,0,0,0
uncertain,2,null,False,75,fixed,2,0,0,0,0.0,0,0,0,0,0,0
uncertain,2,null,False,75,learned,2,0,0,0,0.0,0,0,0,0,0,0
uncertain,2,null,True,75,poisson,2,0,0,0,0.0,0,0,0,0,0,0
uncertain,2,null,True,75,fixed,2,0,0,0,0.0,0,0,0,0,0,0
uncertain,2,null,True,75,learned,2,0,0,0,0.0,0,0,0,0,0,0
uncertain,2,null,False,76,poisson,2,0,0,0,0.0,0,0,0,0,0,0
uncertain,2,null,False,76,fixed,2,0,0,0,0.0,0,0,0,0,0,0
uncertain,2,null,False,76,learned,2,0,0,0,0.0,0,0,0,0,0,0
uncertain,2,null,True,76,poisson,2,0,0,0,0.0,0,0,0,0,0,0
uncertain,2,null,True,76,fixed,2,0,0,0,0.0,0,0,0,0,0,0
uncertain,2,null,True,76,learned,2,0,0,0,0.0,0,0,0,0,0,0
uncertain,2,null,False,77,poisson,0,0,0,0,0.0,0,0,0,0,0,0
uncertain,2,null,False,77,fixed,0,0,0,0,0.0,0,0,0,0,0,0
uncertain,2,null,False,77,learned,0,0,0,0,0.0,0,0,0,0,0,0
uncertain,2,null,True,77,poisson,0,0,0,0,0.0,0,0,0,0,0,0
uncertain,2,null,True,77,fixed,0,0,0,0,0.0,0,0,0,0,0,0
uncertain,2,null,True,77,learned,0,0,0,0,0.0,0,0,0,0,0,0
uncertain,2,null,False,78,poisson,2,0,0,0,0.0,0,0,0,0,0,0
uncertain,2,null,False,78,fixed,2,0,0,0,0.0,0,0,0,0,0,0
uncertain,2,null,False,78,learned,2,0,0,0,0.0,0,0,0,0,0,0
uncertain,2,null,True,78,poisson,2,0,0,0,0.0,0,0,0,0,0,0
uncertain,2,null,True,78,fixed,2,0,0,0,0.0,0,0,0,0,0,0
uncertain,2,null,True,78,learned,2,0,0,0,0.0,0,0,0,0,0,0
uncertain,2,null,False,79,poisson,2,0,0,0,0.0,0,0,0,0,0,0
uncertain,2,null,False,79,fixed,2,0,0,0,0.0,0,0,0,0,0,0
uncertain,2,null,False,79,learned,2,0,0,0,0.0,0,0,0,0,0,0
uncertain,2,null,True,79,poisson,2,0,0,0,0.0,0,0,0,0,0,0
uncertain,2,null,True,79,fixed,2,0,0,0,0.0,0,0,0,0,0,0
uncertain,2,null,True,79,learned,2,0,0,0,0.0,0,0,0,0,0,0
uncertain,2,null,False,80,poisson,0,0,0,0,0.0,0,0,0,0,0,0
uncertain,2,null,False,80,fixed,0,0,0,0,0.0,0,0,0,0,0,0
uncertain,2,null,False,80,learned,0,0,0,0,0.0,0,0,0,0,0,0
uncertain,2,null,True,80,poisson,0,0,0,0,0.0,0,0,0,0,0,0
uncertain,2,null,True,80,fixed,0,0,0,0,0.0,0,0,0,0,0,0
uncertain,2,null,True,80,learned,0,0,0,0,0.0,0,0,0,0,0,0
uncertain,2,null,False,81,poisson,2,0,0,0,0.0,0,0,0,0,0,0
uncertain,2,null,False,81,fixed,2,0,0,0,0.0,0,0,0,0,0,0
uncertain,2,null,False,81,learned,2,0,0,0,0.0,0,0,0,0,0,0
uncertain,2,null,True,81,poisson,2,0,0,0,0.0,0,0,0,0,0,0
uncertain,2,null,True,81,fixed,2,0,0,0,0.0,0,0,0,0,0,0
uncertain,2,null,True,81,learned,2,0,0,0,0.0,0,0,0,0,0,0
uncertain,2,null,False,82,poisson,0,0,0,0,0.0,0,0,0,0,0,0
uncertain,2,null,False,82,fixed,0,0,0,0,0.0,0,0,0,0,0,0
uncertain,2,null,False,82,learned,0,0,0,0,0.0,0,0,0,0,0,0
uncertain,2,null,True,82,poisson,0,0,0,0,0.0,0,0,0,0,0,0
uncertain,2,null,True,82,fixed,0,0,0,0,0.0,0,0,0,0,0,0
uncertain,2,null,True,82,learned,0,0,0,0,0.0,0,0,0,0,0,0
uncertain,2,null,False,83,poisson,0,0,0,0,0.0,0,0,0,0,0,0
uncertain,2,null,False,83,fixed,0,0,0,0,0.0,0,0,0,0,0,0
uncertain,2,null,False,83,learned,0,0,0,0,0.0,0,0,0,0,0,0
uncertain,2,null,True,83,poisson,0,0,0,0,0.0,0,0,0,0,0,0
uncertain,2,null,True,83,fixed,0,0,0,0,0.0,0,0,0,0,0,0
uncertain,2,null,True,83,learned,0,0,0,0,0.0,0,0,0,0,0,0
uncertain,2,null,False,84,poisson,0,0,0,0,0.0,0,0,0,0,0,0
uncertain,2,null,False,84,fixed,0,0,0,0,0.0,0,0,0,0,0,0
uncertain,2,null,False,84,learned,0,0,0,0,0.0,0,0,0,0,0,0
uncertain,2,null,True,84,poisson,0,0,0,0,0.0,0,0,0,0,0,0
uncertain,2,null,True,84,fixed,0,0,0,0,0.0,0,0,0,0,0,0
uncertain,2,null,True,84,learned,0,0,0,0,0.0,0,0,0,0,0,0
uncertain,2,null,False,85,poisson,2,0,0,0,0.0,0,0,0,0,0,0
uncertain,2,null,False,85,fixed,2,0,0,0,0.0,0,0,0,0,0,0
uncertain,2,null,False,85,learned,2,0,0,0,0.0,0,0,0,0,0,0
uncertain,2,null,True,85,poisson,2,0,0,0,0.0,0,0,0,0,0,0
uncertain,2,null,True,85,fixed,2,0,0,0,0.0,0,0,0,0,0,0
uncertain,2,null,True,85,learned,2,0,0,0,0.0,0,0,0,0,0,0
uncertain,2,null,False,86,poisson,2,0,0,0,0.0,0,0,0,0,0,0
uncertain,2,null,False,86,fixed,2,0,0,0,0.0,0,0,0,0,0,0
uncertain,2,null,False,86,learned,2,0,0,0,0.0,0,0,0,0,0,0
uncertain,2,null,True,86,poisson,2,0,0,0,0.0,0,0,0,0,0,0
uncertain,2,null,True,86,fixed,2,0,0,0,0.0,0,0,0,0,0,0
uncertain,2,null,True,86,learned,2,0,0,0,0.0,0,0,0,0,0,0
uncertain,2,null,False,87,poisson,2,0,0,0,0.0,0,0,0,0,0,0
uncertain,2,null,False,87,fixed,2,0,0,0,0.0,0,0,0,0,0,0
uncertain,2,null,False,87,learned,2,0,0,0,0.0,0,0,0,0,0,0
uncertain,2,null,True,87,poisson,2,0,0,0,0.0,0,0,0,0,0,0
uncertain,2,null,True,87,fixed,2,0,0,0,0.0,0,0,0,0,0,0
uncertain,2,null,True,87,learned,2,0,0,0,0.0,0,0,0,0,0,0
uncertain,2,null,False,88,poisson,4,0,0,0,0.0,0,0,0,0,0,0
uncertain,2,null,False,88,fixed,4,0,0,0,0.0,0,0,0,0,0,0
uncertain,2,null,False,88,learned,4,0,0,0,0.0,0,0,0,0,0,0
uncertain,2,null,True,88,poisson,4,0,0,0,0.0,0,0,0,0,0,0
uncertain,2,null,True,88,fixed,4,0,0,0,0.0,0,0,0,0,0,0
uncertain,2,null,True,88,learned,4,0,0,0,0.0,0,0,0,0,0,0
uncertain,2,null,False,89,poisson,2,0,0,0,0.0,0,0,0,0,0,0
uncertain,2,null,False,89,fixed,2,0,0,0,0.0,0,0,0,0,0,0
uncertain,2,null,False,89,learned,2,0,0,0,0.0,0,0,0,0,0,0
uncertain,2,null,True,89,poisson,2,0,0,0,0.0,0,0,0,0,0,0
uncertain,2,null,True,89,fixed,2,0,0,0,0.0,0,0,0,0,0,0
uncertain,2,null,True,89,learned,2,0,0,0,0.0,0,0,0,0,0,0
uncertain,2,null,False,90,poisson,0,0,0,0,0.0,0,0,0,0,0,0
uncertain,2,null,False,90,fixed,0,0,0,0,0.0,0,0,0,0,0,0
uncertain,2,null,False,90,learned,0,0,0,0,0.0,0,0,0,0,0,0
uncertain,2,null,True,90,poisson,0,0,0,0,0.0,0,0,0,0,0,0
uncertain,2,null,True,90,fixed,0,0,0,0,0.0,0,0,0,0,0,0
uncertain,2,null,True,90,learned,0,0,0,0,0.0,0,0,0,0,0,0
uncertain,2,null,False,91,poisson,0,0,0,0,0.0,0,0,0,0,0,0
uncertain,2,null,False,91,fixed,0,0,0,0,0.0,0,0,0,0,0,0
uncertain,2,null,False,91,learned,0,0,0,0,0.0,0,0,0,0,0,0
uncertain,2,null,True,91,poisson,0,0,0,0,0.0,0,0,0,0,0,0
uncertain,2,null,True,91,fixed,0,0,0,0,0.0,0,0,0,0,0,0
uncertain,2,null,True,91,learned,0,0,0,0,0.0,0,0,0,0,0,0
uncertain,2,null,False,92,poisson,0,0,0,0,0.0,0,0,0,0,0,0
uncertain,2,null,False,92,fixed,0,0,0,0,0.0,0,0,0,0,0,0
uncertain,2,null,False,92,learned,0,0,0,0,0.0,0,0,0,0,0,0
uncertain,2,null,True,92,poisson,0,0,0,0,0.0,0,0,0,0,0,0
uncertain,2,null,True,92,fixed,0,0,0,0,0.0,0,0,0,0,0,0
uncertain,2,null,True,92,learned,0,0,0,0,0.0,0,0,0,0,0,0
uncertain,2,null,False,93,poisson,0,0,0,0,0.0,0,0,0,0,0,0
uncertain,2,null,False,93,fixed,0,0,0,0,0.0,0,0,0,0,0,0
uncertain,2,null,False,93,learned,0,0,0,0,0.0,0,0,0,0,0,0
uncertain,2,null,True,93,poisson,0,0,0,0,0.0,0,0,0,0,0,0
uncertain,2,null,True,93,fixed,0,0,0,0,0.0,0,0,0,0,0,0
uncertain,2,null,True,93,learned,0,0,0,0,0.0,0,0,0,0,0,0
uncertain,2,null,False,94,poisson,4,0,0,0,0.0,0,0,0,0,0,0
uncertain,2,null,False,94,fixed,4,0,0,0,0.0,0,0,0,0,0,0
uncertain,2,null,False,94,learned,4,0,0,0,0.0,0,0,0,0,0,0
uncertain,2,null,True,94,poisson,4,0,0,0,0.0,0,0,0,0,0,0
uncertain,2,null,True,94,fixed,4,0,0,0,0.0,0,0,0,0,0,0
uncertain,2,null,True,94,learned,4,0,0,0,0.0,0,0,0,0,0,0
uncertain,2,null,False,95,poisson,6,0,0,0,0.0,0,0,0,0,0,0
uncertain,2,null,False,95,fixed,6,0,0,0,0.0,0,0,0,0,0,0
uncertain,2,null,False,95,learned,6,0,0,0,0.0,0,0,0,0,0,0
uncertain,2,null,True,95,poisson,6,0,0,0,0.0,0,0,0,0,0,0
uncertain,2,null,True,95,fixed,6,0,0,0,0.0,0,0,0,0,0,0
uncertain,2,null,True,95,learned,6,0,0,0,0.0,0,0,0,0,0,0
uncertain,2,null,False,96,poisson,0,0,0,0,0.0,0,0,0,0,0,0
uncertain,2,null,False,96,fixed,0,0,0,0,0.0,0,0,0,0,0,0
uncertain,2,null,False,96,learned,0,0,0,0,0.0,0,0,0,0,0,0
uncertain,2,null,True,96,poisson,0,0,0,0,0.0,0,0,0,0,0,0
uncertain,2,null,True,96,fixed,0,0,0,0,0.0,0,0,0,0,0,0
uncertain,2,null,True,96,learned,0,0,0,0,0.0,0,0,0,0,0,0
uncertain,2,null,False,97,poisson,0,0,0,0,0.0,0,0,0,0,0,0
uncertain,2,null,False,97,fixed,0,0,0,0,0.0,0,0,0,0,0,0
uncertain,2,null,False,97,learned,0,0,0,0,0.0,0,0,0,0,0,0
uncertain,2,null,True,97,poisson,0,0,0,0,0.0,0,0,0,0,0,0
uncertain,2,null,True,97,fixed,0,0,0,0,0.0,0,0,0,0,0,0
uncertain,2,null,True,97,learned,0,0,0,0,0.0,0,0,0,0,0,0
uncertain,2,null,False,98,poisson,0,0,0,0,0.0,0,0,0,0,0,0
uncertain,2,null,False,98,fixed,0,0,0,0,0.0,0,0,0,0,0,0
uncertain,2,null,False,98,learned,0,0,0,0,0.0,0,0,0,0,0,0
uncertain,2,null,True,98,poisson,0,0,0,0,0.0,0,0,0,0,0,0
uncertain,2,null,True,98,fixed,0,0,0,0,0.0,0,0,0,0,0,0
uncertain,2,null,True,98,learned,0,0,0,0,0.0,0,0,0,0,0,0
uncertain,2,null,False,99,poisson,4,0,0,0,0.0,0,0,0,0,0,0
uncertain,2,null,False,99,fixed,4,0,0,0,0.0,0,0,0,0,0,0
uncertain,2,null,False,99,learned,4,0,0,0,0.0,0,0,0,0,0,0
uncertain,2,null,True,99,poisson,4,0,0,0,0.0,0,0,0,0,0,0
uncertain,2,null,True,99,fixed,4,0,0,0,0.0,0,0,0,0,0,0
uncertain,2,null,True,99,learned,4,0,0,0,0.0,0,0,0,0,0,0
uncertain,2,moderate,False,0,poisson,0,0,0,0,0.0,3,0,0,0,3,0
uncertain,2,moderate,False,0,fixed,0,0,0,0,0.0,3,0,0,0,3,0
uncertain,2,moderate,False,0,learned,0,0,0,0,0.0,3,0,0,0,3,0
uncertain,2,moderate,True,0,poisson,0,0,0,0,0.0,3,0,0,0,3,0
uncertain,2,moderate,True,0,fixed,0,0,0,0,0.0,3,0,0,0,3,0
uncertain,2,moderate,True,0,learned,0,0,0,0,0.0,3,0,0,0,3,0
uncertain,2,moderate,False,1,poisson,2,2,0,0,0.0,3,1,2,1,2,1
uncertain,2,moderate,False,1,fixed,2,2,0,0,0.0,3,1,2,1,2,1
uncertain,2,moderate,False,1,learned,2,2,0,0,0.0,3,1,2,1,2,1
uncertain,2,moderate,True,1,poisson,2,2,0,0,0.0,3,1,2,1,2,1
uncertain,2,moderate,True,1,fixed,2,2,0,0,0.0,3,1,2,1,2,1
uncertain,2,moderate,True,1,learned,2,2,0,0,0.0,3,1,2,1,2,1
uncertain,2,moderate,False,2,poisson,2,0,0,0,0.0,3,0,0,0,1,0
uncertain,2,moderate,False,2,fixed,2,0,0,0,0.0,3,0,0,0,1,0
uncertain,2,moderate,False,2,learned,2,0,0,0,0.0,3,0,0,0,1,0
uncertain,2,moderate,True,2,poisson,2,0,0,0,0.0,3,0,0,0,1,0
uncertain,2,moderate,True,2,fixed,2,0,0,0,0.0,3,0,0,0,1,0
uncertain,2,moderate,True,2,learned,2,0,0,0,0.0,3,0,0,0,1,0
uncertain,2,moderate,False,3,poisson,4,2,0,0,0.0,3,1,3,1,3,1
uncertain,2,moderate,False,3,fixed,4,2,0,0,0.0,3,1,3,1,3,1
uncertain,2,moderate,False,3,learned,4,2,0,0,0.0,3,1,3,1,3,1
uncertain,2,moderate,True,3,poisson,4,2,0,0,0.0,3,1,3,1,3,1
uncertain,2,moderate,True,3,fixed,4,2,0,0,0.0,3,1,3,1,3,1
uncertain,2,moderate,True,3,learned,4,2,0,0,0.0,3,1,3,1,3,1
uncertain,2,moderate,False,4,poisson,4,0,0,0,0.0,3,0,1,0,1,0
uncertain,2,moderate,False,4,fixed,4,0,0,0,0.0,3,0,1,0,1,0
uncertain,2,moderate,False,4,learned,4,0,0,0,0.0,3,0,1,0,1,0
uncertain,2,moderate,True,4,poisson,4,0,0,0,0.0,3,0,1,0,1,0
uncertain,2,moderate,True,4,fixed,4,0,0,0,0.0,3,0,1,0,1,0
uncertain,2,moderate,True,4,learned,4,0,0,0,0.0,3,0,1,0,1,0
uncertain,2,moderate,False,5,poisson,0,0,0,0,0.0,3,0,1,0,3,0
uncertain,2,moderate,False,5,fixed,0,0,0,0,0.0,3,0,1,0,3,0
uncertain,2,moderate,False,5,learned,0,0,0,0,0.0,3,0,1,0,3,0
uncertain,2,moderate,True,5,poisson,0,0,0,0,0.0,3,0,1,0,3,0
uncertain,2,moderate,True,5,fixed,0,0,0,0,0.0,3,0,1,0,3,0
uncertain,2,moderate,True,5,learned,0,0,0,0,0.0,3,0,1,0,3,0
uncertain,2,moderate,False,6,poisson,6,0,0,0,0.0,3,0,2,0,2,0
uncertain,2,moderate,False,6,fixed,6,0,0,0,0.0,3,0,2,0,2,0
uncertain,2,moderate,False,6,learned,6,0,0,0,0.0,3,0,2,0,2,0
uncertain,2,moderate,True,6,poisson,6,0,0,0,0.0,3,0,2,0,2,0
uncertain,2,moderate,True,6,fixed,6,0,0,0,0.0,3,0,2,0,2,0
uncertain,2,moderate,True,6,learned,6,0,0,0,0.0,3,0,2,0,2,0
uncertain,2,moderate,False,7,poisson,0,0,0,0,0.0,3,0,0,0,0,0
uncertain,2,moderate,False,7,fixed,0,0,0,0,0.0,3,0,0,0,0,0
uncertain,2,moderate,False,7,learned,0,0,0,0,0.0,3,0,0,0,0,0
uncertain,2,moderate,True,7,poisson,0,0,0,0,0.0,3,0,0,0,0,0
uncertain,2,moderate,True,7,fixed,0,0,0,0,0.0,3,0,0,0,0,0
uncertain,2,moderate,True,7,learned,0,0,0,0,0.0,3,0,0,0,0,0
uncertain,2,moderate,False,8,poisson,4,2,0,0,0.0,3,1,1,1,1,1
uncertain,2,moderate,False,8,fixed,4,2,0,0,0.0,3,1,1,1,1,1
uncertain,2,moderate,False,8,learned,4,2,0,0,0.0,3,1,1,1,1,1
uncertain,2,moderate,True,8,poisson,4,2,0,0,0.0,3,1,1,1,1,1
uncertain,2,moderate,True,8,fixed,4,2,0,0,0.0,3,1,1,1,1,1
uncertain,2,moderate,True,8,learned,4,2,0,0,0.0,3,1,1,1,1,1
uncertain,2,moderate,False,9,poisson,4,0,0,0,0.0,3,0,1,0,1,0
uncertain,2,moderate,False,9,fixed,4,0,0,0,0.0,3,0,1,0,1,0
uncertain,2,moderate,False,9,learned,4,0,0,0,0.0,3,0,1,0,1,0
uncertain,2,moderate,True,9,poisson,4,0,0,0,0.0,3,0,1,0,1,0
uncertain,2,moderate,True,9,fixed,4,0,0,0,0.0,3,0,1,0,1,0
uncertain,2,moderate,True,9,learned,4,0,0,0,0.0,3,0,1,0,1,0
uncertain,2,moderate,False,10,poisson,0,0,0,0,0.0,3,0,1,0,1,0
uncertain,2,moderate,False,10,fixed,0,0,0,0,0.0,3,0,1,0,1,0
uncertain,2,moderate,False,10,learned,0,0,0,0,0.0,3,0,1,0,1,0
uncertain,2,moderate,True,10,poisson,0,0,0,0,0.0,3,0,1,0,1,0
uncertain,2,moderate,True,10,fixed,0,0,0,0,0.0,3,0,1,0,1,0
uncertain,2,moderate,True,10,learned,0,0,0,0,0.0,3,0,1,0,1,0
uncertain,2,moderate,False,11,poisson,4,0,0,0,0.0,3,0,2,0,2,0
uncertain,2,moderate,False,11,fixed,4,0,0,0,0.0,3,0,2,0,2,0
uncertain,2,moderate,False,11,learned,4,0,0,0,0.0,3,0,2,0,2,0
uncertain,2,moderate,True,11,poisson,4,0,0,0,0.0,3,0,2,0,2,0
uncertain,2,moderate,True,11,fixed,4,0,0,0,0.0,3,0,2,0,2,0
uncertain,2,moderate,True,11,learned,4,0,0,0,0.0,3,0,2,0,2,0
uncertain,2,moderate,False,12,poisson,0,0,0,0,0.0,3,0,0,0,0,0
uncertain,2,moderate,False,12,fixed,0,0,0,0,0.0,3,0,0,0,0,0
uncertain,2,moderate,False,12,learned,0,0,0,0,0.0,3,0,0,0,0,0
uncertain,2,moderate,True,12,poisson,0,0,0,0,0.0,3,0,0,0,0,0
uncertain,2,moderate,True,12,fixed,0,0,0,0,0.0,3,0,0,0,0,0
uncertain,2,moderate,True,12,learned,0,0,0,0,0.0,3,0,0,0,0,0
uncertain,2,moderate,False,13,poisson,6,2,0,0,0.0,3,1,1,1,2,1
uncertain,2,moderate,False,13,fixed,6,2,0,0,0.0,3,1,1,1,2,1
uncertain,2,moderate,False,13,learned,6,2,0,0,0.0,3,1,1,1,2,1
uncertain,2,moderate,True,13,poisson,6,2,0,0,0.0,3,1,1,1,2,1
uncertain,2,moderate,True,13,fixed,6,2,0,0,0.0,3,1,1,1,2,1
uncertain,2,moderate,True,13,learned,6,2,0,0,0.0,3,1,1,1,2,1
uncertain,2,moderate,False,14,poisson,2,0,0,0,0.0,3,0,0,0,2,0
uncertain,2,moderate,False,14,fixed,2,0,0,0,0.0,3,0,0,0,2,0
uncertain,2,moderate,False,14,learned,2,0,0,0,0.0,3,0,0,0,2,0
uncertain,2,moderate,True,14,poisson,2,0,0,0,0.0,3,0,0,0,2,0
uncertain,2,moderate,True,14,fixed,2,0,0,0,0.0,3,0,0,0,2,0
uncertain,2,moderate,True,14,learned,2,0,0,0,0.0,3,0,0,0,2,0
uncertain,2,moderate,False,15,poisson,2,0,0,0,0.0,3,0,0,0,2,0
uncertain,2,moderate,False,15,fixed,2,0,0,0,0.0,3,0,0,0,2,0
uncertain,2,moderate,False,15,learned,2,0,0,0,0.0,3,0,0,0,2,0
uncertain,2,moderate,True,15,poisson,2,0,0,0,0.0,3,0,0,0,2,0
uncertain,2,moderate,True,15,fixed,2,0,0,0,0.0,3,0,0,0,2,0
uncertain,2,moderate,True,15,learned,2,0,0,0,0.0,3,0,0,0,2,0
uncertain,2,moderate,False,16,poisson,0,0,0,0,0.0,3,0,1,0,2,0
uncertain,2,moderate,False,16,fixed,0,0,0,0,0.0,3,0,1,0,2,0
uncertain,2,moderate,False,16,learned,0,0,0,0,0.0,3,0,1,0,2,0
uncertain,2,moderate,True,16,poisson,0,0,0,0,0.0,3,0,1,0,2,0
uncertain,2,moderate,True,16,fixed,0,0,0,0,0.0,3,0,1,0,2,0
uncertain,2,moderate,True,16,learned,0,0,0,0,0.0,3,0,1,0,2,0
uncertain,2,moderate,False,17,poisson,2,2,0,0,0.0,3,1,2,1,2,1
uncertain,2,moderate,False,17,fixed,2,2,0,0,0.0,3,1,2,1,2,1
uncertain,2,moderate,False,17,learned,2,2,0,0,0.0,3,1,2,1,2,1
uncertain,2,moderate,True,17,poisson,2,2,0,0,0.0,3,1,2,1,2,1
uncertain,2,moderate,True,17,fixed,2,2,0,0,0.0,3,1,2,1,2,1
uncertain,2,moderate,True,17,learned,2,2,0,0,0.0,3,1,2,1,2,1
uncertain,2,moderate,False,18,poisson,0,0,0,0,0.0,3,0,0,0,2,0
uncertain,2,moderate,False,18,fixed,0,0,0,0,0.0,3,0,0,0,2,0
uncertain,2,moderate,False,18,learned,0,0,0,0,0.0,3,0,0,0,2,0
uncertain,2,moderate,True,18,poisson,0,0,0,0,0.0,3,0,0,0,2,0
uncertain,2,moderate,True,18,fixed,0,0,0,0,0.0,3,0,0,0,2,0
uncertain,2,moderate,True,18,learned,0,0,0,0,0.0,3,0,0,0,2,0
uncertain,2,moderate,False,19,poisson,2,0,0,0,0.0,3,0,1,0,2,0
uncertain,2,moderate,False,19,fixed,2,0,0,0,0.0,3,0,1,0,2,0
uncertain,2,moderate,False,19,learned,2,0,0,0,0.0,3,0,1,0,2,0
uncertain,2,moderate,True,19,poisson,2,0,0,0,0.0,3,0,1,0,2,0
uncertain,2,moderate,True,19,fixed,2,0,0,0,0.0,3,0,1,0,2,0
uncertain,2,moderate,True,19,learned,2,0,0,0,0.0,3,0,1,0,2,0
uncertain,2,moderate,False,20,poisson,4,2,0,0,0.0,3,1,2,1,2,1
uncertain,2,moderate,False,20,fixed,4,2,0,0,0.0,3,1,2,1,2,1
uncertain,2,moderate,False,20,learned,4,2,0,0,0.0,3,1,2,1,2,1
uncertain,2,moderate,True,20,poisson,4,2,0,0,0.0,3,1,2,1,2,1
uncertain,2,moderate,True,20,fixed,4,2,0,0,0.0,3,1,2,1,2,1
uncertain,2,moderate,True,20,learned,4,2,0,0,0.0,3,1,2,1,2,1
uncertain,2,moderate,False,21,poisson,0,0,0,0,0.0,3,0,1,0,2,0
uncertain,2,moderate,False,21,fixed,0,0,0,0,0.0,3,0,1,0,2,0
uncertain,2,moderate,False,21,learned,0,0,0,0,0.0,3,0,1,0,2,0
uncertain,2,moderate,True,21,poisson,0,0,0,0,0.0,3,0,1,0,2,0
uncertain,2,moderate,True,21,fixed,0,0,0,0,0.0,3,0,1,0,2,0
uncertain,2,moderate,True,21,learned,0,0,0,0,0.0,3,0,1,0,2,0
uncertain,2,moderate,False,22,poisson,4,2,0,0,0.0,3,1,2,1,2,1
uncertain,2,moderate,False,22,fixed,4,2,0,0,0.0,3,1,2,1,2,1
uncertain,2,moderate,False,22,learned,4,2,0,0,0.0,3,1,2,1,2,1
uncertain,2,moderate,True,22,poisson,4,2,0,0,0.0,3,1,2,1,2,1
uncertain,2,moderate,True,22,fixed,4,2,0,0,0.0,3,1,2,1,2,1
uncertain,2,moderate,True,22,learned,4,2,0,0,0.0,3,1,2,1,2,1
uncertain,2,moderate,False,23,poisson,2,2,2,1,1.0,3,0,0,0,2,0
uncertain,2,moderate,False,23,fixed,2,2,2,1,1.0,3,0,0,0,2,0
uncertain,2,moderate,False,23,learned,2,2,2,1,1.0,3,0,0,0,2,0
uncertain,2,moderate,True,23,poisson,2,2,2,1,1.0,3,0,0,0,2,0
uncertain,2,moderate,True,23,fixed,2,0,0,0,0.0,3,0,0,0,2,0
uncertain,2,moderate,True,23,learned,2,0,0,0,0.0,3,0,0,0,2,0
uncertain,2,moderate,False,24,poisson,4,0,0,0,0.0,3,0,2,0,2,0
uncertain,2,moderate,False,24,fixed,4,0,0,0,0.0,3,0,2,0,2,0
uncertain,2,moderate,False,24,learned,4,0,0,0,0.0,3,0,2,0,2,0
uncertain,2,moderate,True,24,poisson,4,0,0,0,0.0,3,0,2,0,2,0
uncertain,2,moderate,True,24,fixed,4,0,0,0,0.0,3,0,2,0,2,0
uncertain,2,moderate,True,24,learned,4,0,0,0,0.0,3,0,2,0,2,0
uncertain,2,moderate,False,25,poisson,8,0,0,0,0.0,3,0,1,0,1,0
uncertain,2,moderate,False,25,fixed,8,0,0,0,0.0,3,0,1,0,1,0
uncertain,2,moderate,False,25,learned,8,0,0,0,0.0,3,0,1,0,1,0
uncertain,2,moderate,True,25,poisson,8,0,0,0,0.0,3,0,1,0,1,0
uncertain,2,moderate,True,25,fixed,8,0,0,0,0.0,3,0,1,0,1,0
uncertain,2,moderate,True,25,learned,8,0,0,0,0.0,3,0,1,0,1,0
uncertain,2,moderate,False,26,poisson,2,0,0,0,0.0,3,0,0,0,0,0
uncertain,2,moderate,False,26,fixed,2,0,0,0,0.0,3,0,0,0,0,0
uncertain,2,moderate,False,26,learned,2,0,0,0,0.0,3,0,0,0,0,0
uncertain,2,moderate,True,26,poisson,2,0,0,0,0.0,3,0,0,0,0,0
uncertain,2,moderate,True,26,fixed,2,0,0,0,0.0,3,0,0,0,0,0
uncertain,2,moderate,True,26,learned,2,0,0,0,0.0,3,0,0,0,0,0
uncertain,2,moderate,False,27,poisson,2,0,0,0,0.0,3,0,1,0,1,0
uncertain,2,moderate,False,27,fixed,2,0,0,0,0.0,3,0,1,0,1,0
uncertain,2,moderate,False,27,learned,2,0,0,0,0.0,3,0,1,0,1,0
uncertain,2,moderate,True,27,poisson,2,0,0,0,0.0,3,0,1,0,1,0
uncertain,2,moderate,True,27,fixed,2,0,0,0,0.0,3,0,1,0,1,0
uncertain,2,moderate,True,27,learned,2,0,0,0,0.0,3,0,1,0,1,0
uncertain,2,moderate,False,28,poisson,2,2,0,0,0.0,3,1,1,1,2,1
uncertain,2,moderate,False,28,fixed,2,0,0,0,0.0,3,0,1,0,2,0
uncertain,2,moderate,False,28,learned,2,0,0,0,0.0,3,0,1,0,2,0
uncertain,2,moderate,True,28,poisson,2,2,0,0,0.0,3,1,1,0,2,0
uncertain,2,moderate,True,28,fixed,2,0,0,0,0.0,3,0,1,0,2,0
uncertain,2,moderate,True,28,learned,2,0,0,0,0.0,3,0,1,0,2,0
uncertain,2,moderate,False,29,poisson,4,4,2,1,0.5,3,1,1,1,1,1
uncertain,2,moderate,False,29,fixed,4,2,0,0,0.0,3,1,1,1,1,1
uncertain,2,moderate,False,29,learned,4,2,0,0,0.0,3,1,1,1,1,1
uncertain,2,moderate,True,29,poisson,4,4,2,1,0.5,3,1,1,1,1,1
uncertain,2,moderate,True,29,fixed,4,2,0,0,0.0,3,1,1,1,1,1
uncertain,2,moderate,True,29,learned,4,2,0,0,0.0,3,1,1,1,1,1
uncertain,2,moderate,False,30,poisson,2,2,2,1,1.0,3,0,1,0,1,0
uncertain,2,moderate,False,30,fixed,2,2,2,1,1.0,3,0,1,0,1,0
uncertain,2,moderate,False,30,learned,2,2,2,1,1.0,3,0,1,0,1,0
uncertain,2,moderate,True,30,poisson,2,2,2,1,1.0,3,0,1,0,1,0
uncertain,2,moderate,True,30,fixed,2,2,2,1,1.0,3,0,1,0,1,0
uncertain,2,moderate,True,30,learned,2,2,2,1,1.0,3,0,1,0,1,0
uncertain,2,moderate,False,31,poisson,2,0,0,0,0.0,3,0,0,0,1,0
uncertain,2,moderate,False,31,fixed,2,0,0,0,0.0,3,0,0,0,1,0
uncertain,2,moderate,False,31,learned,2,0,0,0,0.0,3,0,0,0,1,0
uncertain,2,moderate,True,31,poisson,2,0,0,0,0.0,3,0,0,0,1,0
uncertain,2,moderate,True,31,fixed,2,0,0,0,0.0,3,0,0,0,1,0
uncertain,2,moderate,True,31,learned,2,0,0,0,0.0,3,0,0,0,1,0
uncertain,2,moderate,False,32,poisson,6,2,0,0,0.0,3,1,2,1,2,1
uncertain,2,moderate,False,32,fixed,6,0,0,0,0.0,3,0,2,0,2,0
uncertain,2,moderate,False,32,learned,6,0,0,0,0.0,3,0,2,0,2,0
uncertain,2,moderate,True,32,poisson,6,2,0,0,0.0,3,1,2,1,2,1
uncertain,2,moderate,True,32,fixed,6,0,0,0,0.0,3,0,2,0,2,0
uncertain,2,moderate,True,32,learned,6,0,0,0,0.0,3,0,2,0,2,0
uncertain,2,moderate,False,33,poisson,4,2,0,0,0.0,3,1,1,1,1,1
uncertain,2,moderate,False,33,fixed,4,2,0,0,0.0,3,1,1,1,1,1
uncertain,2,moderate,False,33,learned,4,2,0,0,0.0,3,1,1,1,1,1
uncertain,2,moderate,True,33,poisson,4,2,0,0,0.0,3,1,1,1,1,1
uncertain,2,moderate,True,33,fixed,4,2,0,0,0.0,3,1,1,1,1,1
uncertain,2,moderate,True,33,learned,4,2,0,0,0.0,3,1,1,1,1,1
uncertain,2,moderate,False,34,poisson,2,0,0,0,0.0,3,0,0,0,2,0
uncertain,2,moderate,False,34,fixed,2,0,0,0,0.0,3,0,0,0,2,0
uncertain,2,moderate,False,34,learned,2,0,0,0,0.0,3,0,0,0,2,0
uncertain,2,moderate,True,34,poisson,2,0,0,0,0.0,3,0,0,0,2,0
uncertain,2,moderate,True,34,fixed,2,0,0,0,0.0,3,0,0,0,2,0
uncertain,2,moderate,True,34,learned,2,0,0,0,0.0,3,0,0,0,2,0
uncertain,2,moderate,False,35,poisson,4,0,0,0,0.0,3,0,1,0,1,0
uncertain,2,moderate,False,35,fixed,4,0,0,0,0.0,3,0,1,0,1,0
uncertain,2,moderate,False,35,learned,4,0,0,0,0.0,3,0,1,0,1,0
uncertain,2,moderate,True,35,poisson,4,0,0,0,0.0,3,0,1,0,1,0
uncertain,2,moderate,True,35,fixed,4,0,0,0,0.0,3,0,1,0,1,0
uncertain,2,moderate,True,35,learned,4,0,0,0,0.0,3,0,1,0,1,0
uncertain,2,moderate,False,36,poisson,2,2,0,0,0.0,3,0,0,0,0,0
uncertain,2,moderate,False,36,fixed,2,0,0,0,0.0,3,0,0,0,0,0
uncertain,2,moderate,False,36,learned,2,0,0,0,0.0,3,0,0,0,0,0
uncertain,2,moderate,True,36,poisson,2,2,0,0,0.0,3,0,0,0,0,0
uncertain,2,moderate,True,36,fixed,2,0,0,0,0.0,3,0,0,0,0,0
uncertain,2,moderate,True,36,learned,2,0,0,0,0.0,3,0,0,0,0,0
uncertain,2,moderate,False,37,poisson,2,0,0,0,0.0,3,0,0,0,0,0
uncertain,2,moderate,False,37,fixed,2,0,0,0,0.0,3,0,0,0,0,0
uncertain,2,moderate,False,37,learned,2,0,0,0,0.0,3,0,0,0,0,0
uncertain,2,moderate,True,37,poisson,2,0,0,0,0.0,3,0,0,0,0,0
uncertain,2,moderate,True,37,fixed,2,0,0,0,0.0,3,0,0,0,0,0
uncertain,2,moderate,True,37,learned,2,0,0,0,0.0,3,0,0,0,0,0
uncertain,2,moderate,False,38,poisson,4,0,0,0,0.0,3,0,0,0,0,0
uncertain,2,moderate,False,38,fixed,4,0,0,0,0.0,3,0,0,0,0,0
uncertain,2,moderate,False,38,learned,4,0,0,0,0.0,3,0,0,0,0,0
uncertain,2,moderate,True,38,poisson,4,0,0,0,0.0,3,0,0,0,0,0
uncertain,2,moderate,True,38,fixed,4,0,0,0,0.0,3,0,0,0,0,0
uncertain,2,moderate,True,38,learned,4,0,0,0,0.0,3,0,0,0,0,0
uncertain,2,moderate,False,39,poisson,2,0,0,0,0.0,3,0,1,0,2,0
uncertain,2,moderate,False,39,fixed,2,0,0,0,0.0,3,0,1,0,2,0
uncertain,2,moderate,False,39,learned,2,0,0,0,0.0,3,0,1,0,2,0
uncertain,2,moderate,True,39,poisson,2,0,0,0,0.0,3,0,1,0,2,0
uncertain,2,moderate,True,39,fixed,2,0,0,0,0.0,3,0,1,0,2,0
uncertain,2,moderate,True,39,learned,2,0,0,0,0.0,3,0,1,0,2,0
uncertain,2,moderate,False,40,poisson,6,2,2,1,1.0,3,0,0,0,1,0
uncertain,2,moderate,False,40,fixed,6,0,0,0,0.0,3,0,0,0,1,0
uncertain,2,moderate,False,40,learned,6,0,0,0,0.0,3,0,0,0,1,0
uncertain,2,moderate,True,40,poisson,6,2,2,1,1.0,3,0,0,0,1,0
uncertain,2,moderate,True,40,fixed,6,0,0,0,0.0,3,0,0,0,1,0
uncertain,2,moderate,True,40,learned,6,0,0,0,0.0,3,0,0,0,1,0
uncertain,2,moderate,False,41,poisson,2,0,0,0,0.0,3,0,1,0,1,0
uncertain,2,moderate,False,41,fixed,2,0,0,0,0.0,3,0,1,0,1,0
uncertain,2,moderate,False,41,learned,2,0,0,0,0.0,3,0,1,0,1,0
uncertain,2,moderate,True,41,poisson,2,0,0,0,0.0,3,0,1,0,1,0
uncertain,2,moderate,True,41,fixed,2,0,0,0,0.0,3,0,1,0,1,0
uncertain,2,moderate,True,41,learned,2,0,0,0,0.0,3,0,1,0,1,0
uncertain,2,moderate,False,42,poisson,2,0,0,0,0.0,3,0,0,0,2,0
uncertain,2,moderate,False,42,fixed,2,0,0,0,0.0,3,0,0,0,2,0
uncertain,2,moderate,False,42,learned,2,0,0,0,0.0,3,0,0,0,2,0
uncertain,2,moderate,True,42,poisson,2,0,0,0,0.0,3,0,0,0,2,0
uncertain,2,moderate,True,42,fixed,2,0,0,0,0.0,3,0,0,0,2,0
uncertain,2,moderate,True,42,learned,2,0,0,0,0.0,3,0,0,0,2,0
uncertain,2,moderate,False,43,poisson,0,0,0,0,0.0,3,0,1,0,1,0
uncertain,2,moderate,False,43,fixed,0,0,0,0,0.0,3,0,1,0,1,0
uncertain,2,moderate,False,43,learned,0,0,0,0,0.0,3,0,1,0,1,0
uncertain,2,moderate,True,43,poisson,0,0,0,0,0.0,3,0,1,0,1,0
uncertain,2,moderate,True,43,fixed,0,0,0,0,0.0,3,0,1,0,1,0
uncertain,2,moderate,True,43,learned,0,0,0,0,0.0,3,0,1,0,1,0
uncertain,2,moderate,False,44,poisson,2,0,0,0,0.0,3,0,2,0,2,0
uncertain,2,moderate,False,44,fixed,2,0,0,0,0.0,3,0,2,0,2,0
uncertain,2,moderate,False,44,learned,2,0,0,0,0.0,3,0,2,0,2,0
uncertain,2,moderate,True,44,poisson,2,0,0,0,0.0,3,0,2,0,2,0
uncertain,2,moderate,True,44,fixed,2,0,0,0,0.0,3,0,2,0,2,0
uncertain,2,moderate,True,44,learned,2,0,0,0,0.0,3,0,2,0,2,0
uncertain,2,moderate,False,45,poisson,4,0,0,0,0.0,3,0,0,0,0,0
uncertain,2,moderate,False,45,fixed,4,0,0,0,0.0,3,0,0,0,0,0
uncertain,2,moderate,False,45,learned,4,0,0,0,0.0,3,0,0,0,0,0
uncertain,2,moderate,True,45,poisson,4,0,0,0,0.0,3,0,0,0,0,0
uncertain,2,moderate,True,45,fixed,4,0,0,0,0.0,3,0,0,0,0,0
uncertain,2,moderate,True,45,learned,4,0,0,0,0.0,3,0,0,0,0,0
uncertain,2,moderate,False,46,poisson,0,0,0,0,0.0,3,0,1,0,1,0
uncertain,2,moderate,False,46,fixed,0,0,0,0,0.0,3,0,1,0,1,0
uncertain,2,moderate,False,46,learned,0,0,0,0,0.0,3,0,1,0,1,0
uncertain,2,moderate,True,46,poisson,0,0,0,0,0.0,3,0,1,0,1,0
uncertain,2,moderate,True,46,fixed,0,0,0,0,0.0,3,0,1,0,1,0
uncertain,2,moderate,True,46,learned,0,0,0,0,0.0,3,0,1,0,1,0
uncertain,2,moderate,False,47,poisson,8,0,0,0,0.0,3,0,2,0,3,0
uncertain,2,moderate,False,47,fixed,8,0,0,0,0.0,3,0,2,0,3,0
uncertain,2,moderate,False,47,learned,8,0,0,0,0.0,3,0,2,0,3,0
uncertain,2,moderate,True,47,poisson,8,0,0,0,0.0,3,0,2,0,3,0
uncertain,2,moderate,True,47,fixed,8,0,0,0,0.0,3,0,2,0,3,0
uncertain,2,moderate,True,47,learned,8,0,0,0,0.0,3,0,2,0,3,0
uncertain,2,moderate,False,48,poisson,4,0,0,0,0.0,3,0,0,0,0,0
uncertain,2,moderate,False,48,fixed,4,0,0,0,0.0,3,0,0,0,0,0
uncertain,2,moderate,False,48,learned,4,0,0,0,0.0,3,0,0,0,0,0
uncertain,2,moderate,True,48,poisson,4,0,0,0,0.0,3,0,0,0,0,0
uncertain,2,moderate,True,48,fixed,4,0,0,0,0.0,3,0,0,0,0,0
uncertain,2,moderate,True,48,learned,4,0,0,0,0.0,3,0,0,0,0,0
uncertain,2,moderate,False,49,poisson,2,0,0,0,0.0,3,0,1,0,1,0
uncertain,2,moderate,False,49,fixed,2,0,0,0,0.0,3,0,1,0,1,0
uncertain,2,moderate,False,49,learned,2,0,0,0,0.0,3,0,1,0,1,0
uncertain,2,moderate,True,49,poisson,2,0,0,0,0.0,3,0,1,0,1,0
uncertain,2,moderate,True,49,fixed,2,0,0,0,0.0,3,0,1,0,1,0
uncertain,2,moderate,True,49,learned,2,0,0,0,0.0,3,0,1,0,1,0
uncertain,2,moderate,False,50,poisson,4,0,0,0,0.0,3,0,0,0,1,0
uncertain,2,moderate,False,50,fixed,4,0,0,0,0.0,3,0,0,0,1,0
uncertain,2,moderate,False,50,learned,4,0,0,0,0.0,3,0,0,0,1,0
uncertain,2,moderate,True,50,poisson,4,0,0,0,0.0,3,0,0,0,1,0
uncertain,2,moderate,True,50,fixed,4,0,0,0,0.0,3,0,0,0,1,0
uncertain,2,moderate,True,50,learned,4,0,0,0,0.0,3,0,0,0,1,0
uncertain,2,moderate,False,51,poisson,0,0,0,0,0.0,3,0,1,0,2,0
uncertain,2,moderate,False,51,fixed,0,0,0,0,0.0,3,0,1,0,2,0
uncertain,2,moderate,False,51,learned,0,0,0,0,0.0,3,0,1,0,2,0
uncertain,2,moderate,True,51,poisson,0,0,0,0,0.0,3,0,1,0,2,0
uncertain,2,moderate,True,51,fixed,0,0,0,0,0.0,3,0,1,0,2,0
uncertain,2,moderate,True,51,learned,0,0,0,0,0.0,3,0,1,0,2,0
uncertain,2,moderate,False,52,poisson,2,0,0,0,0.0,3,0,2,0,2,0
uncertain,2,moderate,False,52,fixed,2,0,0,0,0.0,3,0,2,0,2,0
uncertain,2,moderate,False,52,learned,2,0,0,0,0.0,3,0,2,0,2,0
uncertain,2,moderate,True,52,poisson,2,0,0,0,0.0,3,0,2,0,2,0
uncertain,2,moderate,True,52,fixed,2,0,0,0,0.0,3,0,2,0,2,0
uncertain,2,moderate,True,52,learned,2,0,0,0,0.0,3,0,2,0,2,0
uncertain,2,moderate,False,53,poisson,4,2,2,1,1.0,3,0,1,0,1,0
uncertain,2,moderate,False,53,fixed,4,0,0,0,0.0,3,0,1,0,1,0
uncertain,2,moderate,False,53,learned,4,0,0,0,0.0,3,0,1,0,1,0
uncertain,2,moderate,True,53,poisson,4,2,2,1,1.0,3,0,1,0,1,0
uncertain,2,moderate,True,53,fixed,4,0,0,0,0.0,3,0,1,0,1,0
uncertain,2,moderate,True,53,learned,4,0,0,0,0.0,3,0,1,0,1,0
uncertain,2,moderate,False,54,poisson,2,0,0,0,0.0,3,0,1,0,1,0
uncertain,2,moderate,False,54,fixed,2,0,0,0,0.0,3,0,1,0,1,0
uncertain,2,moderate,False,54,learned,2,0,0,0,0.0,3,0,1,0,1,0
uncertain,2,moderate,True,54,poisson,2,0,0,0,0.0,3,0,1,0,1,0
uncertain,2,moderate,True,54,fixed,2,0,0,0,0.0,3,0,1,0,1,0
uncertain,2,moderate,True,54,learned,2,0,0,0,0.0,3,0,1,0,1,0
uncertain,2,moderate,False,55,poisson,2,2,0,0,0.0,3,1,1,1,2,1
uncertain,2,moderate,False,55,fixed,2,2,0,0,0.0,3,1,1,1,2,1
uncertain,2,moderate,False,55,learned,2,2,0,0,0.0,3,1,1,1,2,1
uncertain,2,moderate,True,55,poisson,2,2,0,0,0.0,3,1,1,1,2,1
uncertain,2,moderate,True,55,fixed,2,2,0,0,0.0,3,1,1,1,2,1
uncertain,2,moderate,True,55,learned,2,2,0,0,0.0,3,1,1,1,2,1
uncertain,2,moderate,False,56,poisson,4,2,0,0,0.0,3,1,1,1,2,1
uncertain,2,moderate,False,56,fixed,4,2,0,0,0.0,3,1,1,1,2,1
uncertain,2,moderate,False,56,learned,4,2,0,0,0.0,3,1,1,1,2,1
uncertain,2,moderate,True,56,poisson,4,2,0,0,0.0,3,1,1,1,2,1
uncertain,2,moderate,True,56,fixed,4,2,0,0,0.0,3,1,1,1,2,1
uncertain,2,moderate,True,56,learned,4,2,0,0,0.0,3,1,1,1,2,1
uncertain,2,moderate,False,57,poisson,0,0,0,0,0.0,3,0,1,0,1,0
uncertain,2,moderate,False,57,fixed,0,0,0,0,0.0,3,0,1,0,1,0
uncertain,2,moderate,False,57,learned,0,0,0,0,0.0,3,0,1,0,1,0
uncertain,2,moderate,True,57,poisson,0,0,0,0,0.0,3,0,1,0,1,0
uncertain,2,moderate,True,57,fixed,0,0,0,0,0.0,3,0,1,0,1,0
uncertain,2,moderate,True,57,learned,0,0,0,0,0.0,3,0,1,0,1,0
uncertain,2,moderate,False,58,poisson,0,0,0,0,0.0,3,0,1,0,3,0
uncertain,2,moderate,False,58,fixed,0,0,0,0,0.0,3,0,1,0,3,0
uncertain,2,moderate,False,58,learned,0,0,0,0,0.0,3,0,1,0,3,0
uncertain,2,moderate,True,58,poisson,0,0,0,0,0.0,3,0,1,0,3,0
uncertain,2,moderate,True,58,fixed,0,0,0,0,0.0,3,0,1,0,3,0
uncertain,2,moderate,True,58,learned,0,0,0,0,0.0,3,0,1,0,3,0
uncertain,2,moderate,False,59,poisson,0,0,0,0,0.0,3,0,1,0,1,0
uncertain,2,moderate,False,59,fixed,0,0,0,0,0.0,3,0,1,0,1,0
uncertain,2,moderate,False,59,learned,0,0,0,0,0.0,3,0,1,0,1,0
uncertain,2,moderate,True,59,poisson,0,0,0,0,0.0,3,0,1,0,1,0
uncertain,2,moderate,True,59,fixed,0,0,0,0,0.0,3,0,1,0,1,0
uncertain,2,moderate,True,59,learned,0,0,0,0,0.0,3,0,1,0,1,0
uncertain,2,moderate,False,60,poisson,0,0,0,0,0.0,3,0,1,0,1,0
uncertain,2,moderate,False,60,fixed,0,0,0,0,0.0,3,0,1,0,1,0
uncertain,2,moderate,False,60,learned,0,0,0,0,0.0,3,0,1,0,1,0
uncertain,2,moderate,True,60,poisson,0,0,0,0,0.0,3,0,1,0,1,0
uncertain,2,moderate,True,60,fixed,0,0,0,0,0.0,3,0,1,0,1,0
uncertain,2,moderate,True,60,learned,0,0,0,0,0.0,3,0,1,0,1,0
uncertain,2,moderate,False,61,poisson,4,0,0,0,0.0,3,0,0,0,0,0
uncertain,2,moderate,False,61,fixed,4,0,0,0,0.0,3,0,0,0,0,0
uncertain,2,moderate,False,61,learned,4,0,0,0,0.0,3,0,0,0,0,0
uncertain,2,moderate,True,61,poisson,4,0,0,0,0.0,3,0,0,0,0,0
uncertain,2,moderate,True,61,fixed,4,0,0,0,0.0,3,0,0,0,0,0
uncertain,2,moderate,True,61,learned,4,0,0,0,0.0,3,0,0,0,0,0
uncertain,2,moderate,False,62,poisson,0,0,0,0,0.0,3,0,0,0,1,0
uncertain,2,moderate,False,62,fixed,0,0,0,0,0.0,3,0,0,0,1,0
uncertain,2,moderate,False,62,learned,0,0,0,0,0.0,3,0,0,0,1,0
uncertain,2,moderate,True,62,poisson,0,0,0,0,0.0,3,0,0,0,1,0
uncertain,2,moderate,True,62,fixed,0,0,0,0,0.0,3,0,0,0,1,0
uncertain,2,moderate,True,62,learned,0,0,0,0,0.0,3,0,0,0,1,0
uncertain,2,moderate,False,63,poisson,2,0,0,0,0.0,3,0,2,0,3,0
uncertain,2,moderate,False,63,fixed,2,0,0,0,0.0,3,0,2,0,3,0
uncertain,2,moderate,False,63,learned,2,0,0,0,0.0,3,0,2,0,3,0
uncertain,2,moderate,True,63,poisson,2,0,0,0,0.0,3,0,2,0,3,0
uncertain,2,moderate,True,63,fixed,2,0,0,0,0.0,3,0,2,0,3,0
uncertain,2,moderate,True,63,learned,2,0,0,0,0.0,3,0,2,0,3,0
uncertain,2,moderate,False,64,poisson,4,0,0,0,0.0,3,0,1,0,1,0
uncertain,2,moderate,False,64,fixed,4,0,0,0,0.0,3,0,1,0,1,0
uncertain,2,moderate,False,64,learned,4,0,0,0,0.0,3,0,1,0,1,0
uncertain,2,moderate,True,64,poisson,4,0,0,0,0.0,3,0,1,0,1,0
uncertain,2,moderate,True,64,fixed,4,0,0,0,0.0,3,0,1,0,1,0
uncertain,2,moderate,True,64,learned,4,0,0,0,0.0,3,0,1,0,1,0
uncertain,2,moderate,False,65,poisson,0,0,0,0,0.0,3,0,1,0,1,0
uncertain,2,moderate,False,65,fixed,0,0,0,0,0.0,3,0,1,0,1,0
uncertain,2,moderate,False,65,learned,0,0,0,0,0.0,3,0,1,0,1,0
uncertain,2,moderate,True,65,poisson,0,0,0,0,0.0,3,0,1,0,1,0
uncertain,2,moderate,True,65,fixed,0,0,0,0,0.0,3,0,1,0,1,0
uncertain,2,moderate,True,65,learned,0,0,0,0,0.0,3,0,1,0,1,0
uncertain,2,moderate,False,66,poisson,6,2,0,0,0.0,3,1,2,1,2,1
uncertain,2,moderate,False,66,fixed,6,2,0,0,0.0,3,1,2,1,2,1
uncertain,2,moderate,False,66,learned,6,2,0,0,0.0,3,1,2,1,2,1
uncertain,2,moderate,True,66,poisson,6,2,0,0,0.0,3,1,2,1,2,1
uncertain,2,moderate,True,66,fixed,6,2,0,0,0.0,3,1,2,1,2,1
uncertain,2,moderate,True,66,learned,6,2,0,0,0.0,3,1,2,1,2,1
uncertain,2,moderate,False,67,poisson,4,2,2,1,1.0,3,0,2,0,3,0
uncertain,2,moderate,False,67,fixed,4,0,0,0,0.0,3,0,2,0,3,0
uncertain,2,moderate,False,67,learned,4,0,0,0,0.0,3,0,2,0,3,0
uncertain,2,moderate,True,67,poisson,4,2,2,1,1.0,3,0,2,0,3,0
uncertain,2,moderate,True,67,fixed,4,0,0,0,0.0,3,0,2,0,3,0
uncertain,2,moderate,True,67,learned,4,0,0,0,0.0,3,0,2,0,3,0
uncertain,2,moderate,False,68,poisson,6,0,0,0,0.0,3,0,1,0,2,0
uncertain,2,moderate,False,68,fixed,6,0,0,0,0.0,3,0,1,0,2,0
uncertain,2,moderate,False,68,learned,6,0,0,0,0.0,3,0,1,0,2,0
uncertain,2,moderate,True,68,poisson,6,0,0,0,0.0,3,0,1,0,2,0
uncertain,2,moderate,True,68,fixed,6,0,0,0,0.0,3,0,1,0,2,0
uncertain,2,moderate,True,68,learned,6,0,0,0,0.0,3,0,1,0,2,0
uncertain,2,moderate,False,69,poisson,2,2,0,0,0.0,3,0,0,0,0,0
uncertain,2,moderate,False,69,fixed,2,0,0,0,0.0,3,0,0,0,0,0
uncertain,2,moderate,False,69,learned,2,0,0,0,0.0,3,0,0,0,0,0
uncertain,2,moderate,True,69,poisson,2,2,0,0,0.0,3,0,0,0,0,0
uncertain,2,moderate,True,69,fixed,2,0,0,0,0.0,3,0,0,0,0,0
uncertain,2,moderate,True,69,learned,2,0,0,0,0.0,3,0,0,0,0,0
uncertain,2,moderate,False,70,poisson,2,2,0,0,0.0,3,1,1,1,1,1
uncertain,2,moderate,False,70,fixed,2,0,0,0,0.0,3,0,1,0,1,0
uncertain,2,moderate,False,70,learned,2,0,0,0,0.0,3,0,1,0,1,0
uncertain,2,moderate,True,70,poisson,2,2,0,0,0.0,3,1,1,1,1,1
uncertain,2,moderate,True,70,fixed,2,0,0,0,0.0,3,0,1,0,1,0
uncertain,2,moderate,True,70,learned,2,0,0,0,0.0,3,0,1,0,1,0
uncertain,2,moderate,False,71,poisson,2,0,0,0,0.0,3,0,2,0,2,0
uncertain,2,moderate,False,71,fixed,2,0,0,0,0.0,3,0,2,0,2,0
uncertain,2,moderate,False,71,learned,2,0,0,0,0.0,3,0,2,0,2,0
uncertain,2,moderate,True,71,poisson,2,0,0,0,0.0,3,0,2,0,2,0
uncertain,2,moderate,True,71,fixed,2,0,0,0,0.0,3,0,2,0,2,0
uncertain,2,moderate,True,71,learned,2,0,0,0,0.0,3,0,2,0,2,0
uncertain,2,moderate,False,72,poisson,0,0,0,0,0.0,3,0,0,0,0,0
uncertain,2,moderate,False,72,fixed,0,0,0,0,0.0,3,0,0,0,0,0
uncertain,2,moderate,False,72,learned,0,0,0,0,0.0,3,0,0,0,0,0
uncertain,2,moderate,True,72,poisson,0,0,0,0,0.0,3,0,0,0,0,0
uncertain,2,moderate,True,72,fixed,0,0,0,0,0.0,3,0,0,0,0,0
uncertain,2,moderate,True,72,learned,0,0,0,0,0.0,3,0,0,0,0,0
uncertain,2,moderate,False,73,poisson,2,2,0,0,0.0,3,1,1,1,1,1
uncertain,2,moderate,False,73,fixed,2,2,0,0,0.0,3,1,1,1,1,1
uncertain,2,moderate,False,73,learned,2,2,0,0,0.0,3,1,1,1,1,1
uncertain,2,moderate,True,73,poisson,2,2,0,0,0.0,3,1,1,1,1,1
uncertain,2,moderate,True,73,fixed,2,2,0,0,0.0,3,1,1,1,1,1
uncertain,2,moderate,True,73,learned,2,2,0,0,0.0,3,1,1,1,1,1
uncertain,2,moderate,False,74,poisson,0,0,0,0,0.0,3,0,0,0,2,0
uncertain,2,moderate,False,74,fixed,0,0,0,0,0.0,3,0,0,0,2,0
uncertain,2,moderate,False,74,learned,0,0,0,0,0.0,3,0,0,0,2,0
uncertain,2,moderate,True,74,poisson,0,0,0,0,0.0,3,0,0,0,2,0
uncertain,2,moderate,True,74,fixed,0,0,0,0,0.0,3,0,0,0,2,0
uncertain,2,moderate,True,74,learned,0,0,0,0,0.0,3,0,0,0,2,0
uncertain,2,moderate,False,75,poisson,4,0,0,0,0.0,3,0,1,0,2,0
uncertain,2,moderate,False,75,fixed,4,0,0,0,0.0,3,0,1,0,2,0
uncertain,2,moderate,False,75,learned,4,0,0,0,0.0,3,0,1,0,2,0
uncertain,2,moderate,True,75,poisson,4,0,0,0,0.0,3,0,1,0,2,0
uncertain,2,moderate,True,75,fixed,4,0,0,0,0.0,3,0,1,0,2,0
uncertain,2,moderate,True,75,learned,4,0,0,0,0.0,3,0,1,0,2,0
uncertain,2,moderate,False,76,poisson,4,2,0,0,0.0,3,1,1,0,2,1
uncertain,2,moderate,False,76,fixed,4,2,0,0,0.0,3,1,1,0,2,1
uncertain,2,moderate,False,76,learned,4,2,0,0,0.0,3,1,1,0,2,1
uncertain,2,moderate,True,76,poisson,4,2,0,0,0.0,3,1,1,0,2,1
uncertain,2,moderate,True,76,fixed,4,2,0,0,0.0,3,1,1,0,2,1
uncertain,2,moderate,True,76,learned,4,2,0,0,0.0,3,1,1,0,2,1
uncertain,2,moderate,False,77,poisson,2,0,0,0,0.0,3,0,1,0,2,0
uncertain,2,moderate,False,77,fixed,2,0,0,0,0.0,3,0,1,0,2,0
uncertain,2,moderate,False,77,learned,2,0,0,0,0.0,3,0,1,0,2,0
uncertain,2,moderate,True,77,poisson,2,0,0,0,0.0,3,0,1,0,2,0
uncertain,2,moderate,True,77,fixed,2,0,0,0,0.0,3,0,1,0,2,0
uncertain,2,moderate,True,77,learned,2,0,0,0,0.0,3,0,1,0,2,0
uncertain,2,moderate,False,78,poisson,2,2,0,0,0.0,3,1,1,1,1,1
uncertain,2,moderate,False,78,fixed,2,2,0,0,0.0,3,1,1,1,1,1
uncertain,2,moderate,False,78,learned,2,2,0,0,0.0,3,1,1,1,1,1
uncertain,2,moderate,True,78,poisson,2,2,0,0,0.0,3,1,1,1,1,1
uncertain,2,moderate,True,78,fixed,2,2,0,0,0.0,3,1,1,1,1,1
uncertain,2,moderate,True,78,learned,2,2,0,0,0.0,3,1,1,1,1,1
uncertain,2,moderate,False,79,poisson,0,0,0,0,0.0,3,0,0,0,1,0
uncertain,2,moderate,False,79,fixed,0,0,0,0,0.0,3,0,0,0,1,0
uncertain,2,moderate,False,79,learned,0,0,0,0,0.0,3,0,0,0,1,0
uncertain,2,moderate,True,79,poisson,0,0,0,0,0.0,3,0,0,0,1,0
uncertain,2,moderate,True,79,fixed,0,0,0,0,0.0,3,0,0,0,1,0
uncertain,2,moderate,True,79,learned,0,0,0,0,0.0,3,0,0,0,1,0
uncertain,2,moderate,False,80,poisson,4,0,0,0,0.0,3,0,1,0,1,0
uncertain,2,moderate,False,80,fixed,4,0,0,0,0.0,3,0,1,0,1,0
uncertain,2,moderate,False,80,learned,4,0,0,0,0.0,3,0,1,0,1,0
uncertain,2,moderate,True,80,poisson,4,0,0,0,0.0,3,0,1,0,1,0
uncertain,2,moderate,True,80,fixed,4,0,0,0,0.0,3,0,1,0,1,0
uncertain,2,moderate,True,80,learned,4,0,0,0,0.0,3,0,1,0,1,0
uncertain,2,moderate,False,81,poisson,6,2,0,0,0.0,3,1,1,1,1,1
uncertain,2,moderate,False,81,fixed,6,0,0,0,0.0,3,0,1,0,1,0
uncertain,2,moderate,False,81,learned,6,0,0,0,0.0,3,0,1,0,1,0
uncertain,2,moderate,True,81,poisson,6,2,0,0,0.0,3,1,1,1,1,1
uncertain,2,moderate,True,81,fixed,6,0,0,0,0.0,3,0,1,0,1,0
uncertain,2,moderate,True,81,learned,6,0,0,0,0.0,3,0,1,0,1,0
uncertain,2,moderate,False,82,poisson,0,0,0,0,0.0,3,0,1,0,1,0
uncertain,2,moderate,False,82,fixed,0,0,0,0,0.0,3,0,1,0,1,0
uncertain,2,moderate,False,82,learned,0,0,0,0,0.0,3,0,1,0,1,0
uncertain,2,moderate,True,82,poisson,0,0,0,0,0.0,3,0,1,0,1,0
uncertain,2,moderate,True,82,fixed,0,0,0,0,0.0,3,0,1,0,1,0
uncertain,2,moderate,True,82,learned,0,0,0,0,0.0,3,0,1,0,1,0
uncertain,2,moderate,False,83,poisson,0,0,0,0,0.0,3,0,1,0,1,0
uncertain,2,moderate,False,83,fixed,0,0,0,0,0.0,3,0,1,0,1,0
uncertain,2,moderate,False,83,learned,0,0,0,0,0.0,3,0,1,0,1,0
uncertain,2,moderate,True,83,poisson,0,0,0,0,0.0,3,0,1,0,1,0
uncertain,2,moderate,True,83,fixed,0,0,0,0,0.0,3,0,1,0,1,0
uncertain,2,moderate,True,83,learned,0,0,0,0,0.0,3,0,1,0,1,0
uncertain,2,moderate,False,84,poisson,2,2,0,0,0.0,3,1,1,1,1,1
uncertain,2,moderate,False,84,fixed,2,2,0,0,0.0,3,1,1,1,1,1
uncertain,2,moderate,False,84,learned,2,2,0,0,0.0,3,1,1,1,1,1
uncertain,2,moderate,True,84,poisson,2,2,0,0,0.0,3,1,1,1,1,1
uncertain,2,moderate,True,84,fixed,2,2,0,0,0.0,3,1,1,1,1,1
uncertain,2,moderate,True,84,learned,2,2,0,0,0.0,3,1,1,1,1,1
uncertain,2,moderate,False,85,poisson,0,0,0,0,0.0,3,0,1,0,2,0
uncertain,2,moderate,False,85,fixed,0,0,0,0,0.0,3,0,1,0,2,0
uncertain,2,moderate,False,85,learned,0,0,0,0,0.0,3,0,1,0,2,0
uncertain,2,moderate,True,85,poisson,0,0,0,0,0.0,3,0,1,0,2,0
uncertain,2,moderate,True,85,fixed,0,0,0,0,0.0,3,0,1,0,2,0
uncertain,2,moderate,True,85,learned,0,0,0,0,0.0,3,0,1,0,2,0
uncertain,2,moderate,False,86,poisson,2,2,0,0,0.0,3,1,1,1,1,1
uncertain,2,moderate,False,86,fixed,2,0,0,0,0.0,3,0,1,0,1,0
uncertain,2,moderate,False,86,learned,2,0,0,0,0.0,3,0,1,0,1,0
uncertain,2,moderate,True,86,poisson,2,2,0,0,0.0,3,1,1,1,1,1
uncertain,2,moderate,True,86,fixed,2,0,0,0,0.0,3,0,1,0,1,0
uncertain,2,moderate,True,86,learned,2,0,0,0,0.0,3,0,1,0,1,0
uncertain,2,moderate,False,87,poisson,2,0,0,0,0.0,3,0,1,0,1,0
uncertain,2,moderate,False,87,fixed,2,0,0,0,0.0,3,0,1,0,1,0
uncertain,2,moderate,False,87,learned,2,0,0,0,0.0,3,0,1,0,1,0
uncertain,2,moderate,True,87,poisson,2,0,0,0,0.0,3,0,1,0,1,0
uncertain,2,moderate,True,87,fixed,2,0,0,0,0.0,3,0,1,0,1,0
uncertain,2,moderate,True,87,learned,2,0,0,0,0.0,3,0,1,0,1,0
uncertain,2,moderate,False,88,poisson,2,0,0,0,0.0,3,0,0,0,0,0
uncertain,2,moderate,False,88,fixed,2,0,0,0,0.0,3,0,0,0,0,0
uncertain,2,moderate,False,88,learned,2,0,0,0,0.0,3,0,0,0,0,0
uncertain,2,moderate,True,88,poisson,2,0,0,0,0.0,3,0,0,0,0,0
uncertain,2,moderate,True,88,fixed,2,0,0,0,0.0,3,0,0,0,0,0
uncertain,2,moderate,True,88,learned,2,0,0,0,0.0,3,0,0,0,0,0
uncertain,2,moderate,False,89,poisson,2,0,0,0,0.0,3,0,0,0,0,0
uncertain,2,moderate,False,89,fixed,2,0,0,0,0.0,3,0,0,0,0,0
uncertain,2,moderate,False,89,learned,2,0,0,0,0.0,3,0,0,0,0,0
uncertain,2,moderate,True,89,poisson,2,0,0,0,0.0,3,0,0,0,0,0
uncertain,2,moderate,True,89,fixed,2,0,0,0,0.0,3,0,0,0,0,0
uncertain,2,moderate,True,89,learned,2,0,0,0,0.0,3,0,0,0,0,0
uncertain,2,moderate,False,90,poisson,4,0,0,0,0.0,3,0,1,0,2,0
uncertain,2,moderate,False,90,fixed,4,0,0,0,0.0,3,0,1,0,2,0
uncertain,2,moderate,False,90,learned,4,0,0,0,0.0,3,0,1,0,2,0
uncertain,2,moderate,True,90,poisson,4,0,0,0,0.0,3,0,1,0,2,0
uncertain,2,moderate,True,90,fixed,4,0,0,0,0.0,3,0,1,0,2,0
uncertain,2,moderate,True,90,learned,4,0,0,0,0.0,3,0,1,0,2,0
uncertain,2,moderate,False,91,poisson,2,0,0,0,0.0,3,0,0,0,0,0
uncertain,2,moderate,False,91,fixed,2,0,0,0,0.0,3,0,0,0,0,0
uncertain,2,moderate,False,91,learned,2,0,0,0,0.0,3,0,0,0,0,0
uncertain,2,moderate,True,91,poisson,2,0,0,0,0.0,3,0,0,0,0,0
uncertain,2,moderate,True,91,fixed,2,0,0,0,0.0,3,0,0,0,0,0
uncertain,2,moderate,True,91,learned,2,0,0,0,0.0,3,0,0,0,0,0
uncertain,2,moderate,False,92,poisson,2,0,0,0,0.0,3,0,0,0,0,0
uncertain,2,moderate,False,92,fixed,2,0,0,0,0.0,3,0,0,0,0,0
uncertain,2,moderate,False,92,learned,2,0,0,0,0.0,3,0,0,0,0,0
uncertain,2,moderate,True,92,poisson,2,0,0,0,0.0,3,0,0,0,0,0
uncertain,2,moderate,True,92,fixed,2,0,0,0,0.0,3,0,0,0,0,0
uncertain,2,moderate,True,92,learned,2,0,0,0,0.0,3,0,0,0,0,0
uncertain,2,moderate,False,93,poisson,4,0,0,0,0.0,3,0,1,0,1,0
uncertain,2,moderate,False,93,fixed,4,0,0,0,0.0,3,0,1,0,1,0
uncertain,2,moderate,False,93,learned,4,0,0,0,0.0,3,0,1,0,1,0
uncertain,2,moderate,True,93,poisson,4,0,0,0,0.0,3,0,1,0,1,0
uncertain,2,moderate,True,93,fixed,4,0,0,0,0.0,3,0,1,0,1,0
uncertain,2,moderate,True,93,learned,4,0,0,0,0.0,3,0,1,0,1,0
uncertain,2,moderate,False,94,poisson,6,0,0,0,0.0,3,0,1,0,1,0
uncertain,2,moderate,False,94,fixed,6,0,0,0,0.0,3,0,1,0,1,0
uncertain,2,moderate,False,94,learned,6,0,0,0,0.0,3,0,1,0,1,0
uncertain,2,moderate,True,94,poisson,6,0,0,0,0.0,3,0,1,0,1,0
uncertain,2,moderate,True,94,fixed,6,0,0,0,0.0,3,0,1,0,1,0
uncertain,2,moderate,True,94,learned,6,0,0,0,0.0,3,0,1,0,1,0
uncertain,2,moderate,False,95,poisson,4,2,0,0,0.0,3,1,1,1,2,1
uncertain,2,moderate,False,95,fixed,4,2,0,0,0.0,3,1,1,1,2,1
uncertain,2,moderate,False,95,learned,4,2,0,0,0.0,3,1,1,1,2,1
uncertain,2,moderate,True,95,poisson,4,2,0,0,0.0,3,1,1,0,2,1
uncertain,2,moderate,True,95,fixed,4,0,0,0,0.0,3,0,1,0,2,0
uncertain,2,moderate,True,95,learned,4,0,0,0,0.0,3,0,1,0,2,0
uncertain,2,moderate,False,96,poisson,6,0,0,0,0.0,3,0,1,0,2,0
uncertain,2,moderate,False,96,fixed,6,0,0,0,0.0,3,0,1,0,2,0
uncertain,2,moderate,False,96,learned,6,0,0,0,0.0,3,0,1,0,2,0
uncertain,2,moderate,True,96,poisson,6,0,0,0,0.0,3,0,1,0,2,0
uncertain,2,moderate,True,96,fixed,6,0,0,0,0.0,3,0,1,0,2,0
uncertain,2,moderate,True,96,learned,6,0,0,0,0.0,3,0,1,0,2,0
uncertain,2,moderate,False,97,poisson,2,0,0,0,0.0,3,0,1,0,1,0
uncertain,2,moderate,False,97,fixed,2,0,0,0,0.0,3,0,1,0,1,0
uncertain,2,moderate,False,97,learned,2,0,0,0,0.0,3,0,1,0,1,0
uncertain,2,moderate,True,97,poisson,2,0,0,0,0.0,3,0,1,0,1,0
uncertain,2,moderate,True,97,fixed,2,0,0,0,0.0,3,0,1,0,1,0
uncertain,2,moderate,True,97,learned,2,0,0,0,0.0,3,0,1,0,1,0
uncertain,2,moderate,False,98,poisson,4,2,0,0,0.0,3,1,1,1,1,1
uncertain,2,moderate,False,98,fixed,4,2,0,0,0.0,3,1,1,1,1,1
uncertain,2,moderate,False,98,learned,4,2,0,0,0.0,3,1,1,1,1,1
uncertain,2,moderate,True,98,poisson,4,2,0,0,0.0,3,1,1,1,1,1
uncertain,2,moderate,True,98,fixed,4,2,0,0,0.0,3,1,1,1,1,1
uncertain,2,moderate,True,98,learned,4,2,0,0,0.0,3,1,1,1,1,1
uncertain,2,moderate,False,99,poisson,4,2,0,0,0.0,3,1,1,1,1,1
uncertain,2,moderate,False,99,fixed,4,2,0,0,0.0,3,1,1,1,1,1
uncertain,2,moderate,False,99,learned,4,2,0,0,0.0,3,1,1,1,1,1
uncertain,2,moderate,True,99,poisson,4,2,0,0,0.0,3,1,1,1,1,1
uncertain,2,moderate,True,99,fixed,4,2,0,0,0.0,3,1,1,1,1,1
uncertain,2,moderate,True,99,learned,4,2,0,0,0.0,3,1,1,1,1,1
uncertain,2,heterogeneous,False,0,poisson,0,0,0,0,0.0,3,0,0,0,0,0
uncertain,2,heterogeneous,False,0,fixed,0,0,0,0,0.0,3,0,0,0,0,0
uncertain,2,heterogeneous,False,0,learned,0,0,0,0,0.0,3,0,0,0,0,0
uncertain,2,heterogeneous,True,0,poisson,0,0,0,0,0.0,3,0,0,0,0,0
uncertain,2,heterogeneous,True,0,fixed,0,0,0,0,0.0,3,0,0,0,0,0
uncertain,2,heterogeneous,True,0,learned,0,0,0,0,0.0,3,0,0,0,0,0
uncertain,2,heterogeneous,False,1,poisson,0,0,0,0,0.0,3,0,0,0,0,0
uncertain,2,heterogeneous,False,1,fixed,0,0,0,0,0.0,3,0,0,0,0,0
uncertain,2,heterogeneous,False,1,learned,0,0,0,0,0.0,3,0,0,0,0,0
uncertain,2,heterogeneous,True,1,poisson,0,0,0,0,0.0,3,0,0,0,0,0
uncertain,2,heterogeneous,True,1,fixed,0,0,0,0,0.0,3,0,0,0,0,0
uncertain,2,heterogeneous,True,1,learned,0,0,0,0,0.0,3,0,0,0,0,0
uncertain,2,heterogeneous,False,2,poisson,0,0,0,0,0.0,3,0,0,0,0,0
uncertain,2,heterogeneous,False,2,fixed,0,0,0,0,0.0,3,0,0,0,0,0
uncertain,2,heterogeneous,False,2,learned,0,0,0,0,0.0,3,0,0,0,0,0
uncertain,2,heterogeneous,True,2,poisson,0,0,0,0,0.0,3,0,0,0,0,0
uncertain,2,heterogeneous,True,2,fixed,0,0,0,0,0.0,3,0,0,0,0,0
uncertain,2,heterogeneous,True,2,learned,0,0,0,0,0.0,3,0,0,0,0,0
uncertain,2,heterogeneous,False,3,poisson,2,2,2,1,1.0,3,0,1,0,1,0
uncertain,2,heterogeneous,False,3,fixed,2,2,2,1,1.0,3,0,1,0,1,0
uncertain,2,heterogeneous,False,3,learned,2,2,2,1,1.0,3,0,1,0,1,0
uncertain,2,heterogeneous,True,3,poisson,2,2,2,1,1.0,3,0,1,0,1,0
uncertain,2,heterogeneous,True,3,fixed,2,2,2,1,1.0,3,0,1,0,1,0
uncertain,2,heterogeneous,True,3,learned,2,2,2,1,1.0,3,0,1,0,1,0
uncertain,2,heterogeneous,False,4,poisson,10,2,0,0,0.0,3,1,1,1,1,1
uncertain,2,heterogeneous,False,4,fixed,10,2,0,0,0.0,3,1,1,1,1,1
uncertain,2,heterogeneous,False,4,learned,10,2,0,0,0.0,3,1,1,1,1,1
uncertain,2,heterogeneous,True,4,poisson,10,2,0,0,0.0,3,1,1,1,1,1
uncertain,2,heterogeneous,True,4,fixed,10,2,0,0,0.0,3,1,1,1,1,1
uncertain,2,heterogeneous,True,4,learned,10,2,0,0,0.0,3,1,1,1,1,1
uncertain,2,heterogeneous,False,5,poisson,0,0,0,0,0.0,3,0,0,0,0,0
uncertain,2,heterogeneous,False,5,fixed,0,0,0,0,0.0,3,0,0,0,0,0
uncertain,2,heterogeneous,False,5,learned,0,0,0,0,0.0,3,0,0,0,0,0
uncertain,2,heterogeneous,True,5,poisson,0,0,0,0,0.0,3,0,0,0,0,0
uncertain,2,heterogeneous,True,5,fixed,0,0,0,0,0.0,3,0,0,0,0,0
uncertain,2,heterogeneous,True,5,learned,0,0,0,0,0.0,3,0,0,0,0,0
uncertain,2,heterogeneous,False,6,poisson,0,0,0,0,0.0,3,0,0,0,0,0
uncertain,2,heterogeneous,False,6,fixed,0,0,0,0,0.0,3,0,0,0,0,0
uncertain,2,heterogeneous,False,6,learned,0,0,0,0,0.0,3,0,0,0,0,0
uncertain,2,heterogeneous,True,6,poisson,0,0,0,0,0.0,3,0,0,0,0,0
uncertain,2,heterogeneous,True,6,fixed,0,0,0,0,0.0,3,0,0,0,0,0
uncertain,2,heterogeneous,True,6,learned,0,0,0,0,0.0,3,0,0,0,0,0
uncertain,2,heterogeneous,False,7,poisson,2,0,0,0,0.0,3,0,0,0,1,0
uncertain,2,heterogeneous,False,7,fixed,2,0,0,0,0.0,3,0,0,0,1,0
uncertain,2,heterogeneous,False,7,learned,2,0,0,0,0.0,3,0,0,0,1,0
uncertain,2,heterogeneous,True,7,poisson,2,0,0,0,0.0,3,0,0,0,1,0
uncertain,2,heterogeneous,True,7,fixed,2,0,0,0,0.0,3,0,0,0,1,0
uncertain,2,heterogeneous,True,7,learned,2,0,0,0,0.0,3,0,0,0,1,0
uncertain,2,heterogeneous,False,8,poisson,6,2,2,1,1.0,3,0,1,0,1,0
uncertain,2,heterogeneous,False,8,fixed,6,2,2,1,1.0,3,0,1,0,1,0
uncertain,2,heterogeneous,False,8,learned,6,2,2,1,1.0,3,0,1,0,1,0
uncertain,2,heterogeneous,True,8,poisson,6,2,2,1,1.0,3,0,1,0,1,0
uncertain,2,heterogeneous,True,8,fixed,6,2,2,1,1.0,3,0,1,0,1,0
uncertain,2,heterogeneous,True,8,learned,6,2,2,1,1.0,3,0,1,0,1,0
uncertain,2,heterogeneous,False,9,poisson,2,0,0,0,0.0,3,0,0,0,0,0
uncertain,2,heterogeneous,False,9,fixed,2,0,0,0,0.0,3,0,0,0,0,0
uncertain,2,heterogeneous,False,9,learned,2,0,0,0,0.0,3,0,0,0,0,0
uncertain,2,heterogeneous,True,9,poisson,2,0,0,0,0.0,3,0,0,0,0,0
uncertain,2,heterogeneous,True,9,fixed,2,0,0,0,0.0,3,0,0,0,0,0
uncertain,2,heterogeneous,True,9,learned,2,0,0,0,0.0,3,0,0,0,0,0
uncertain,2,heterogeneous,False,10,poisson,4,0,0,0,0.0,3,0,0,0,0,0
uncertain,2,heterogeneous,False,10,fixed,4,0,0,0,0.0,3,0,0,0,0,0
uncertain,2,heterogeneous,False,10,learned,4,0,0,0,0.0,3,0,0,0,0,0
uncertain,2,heterogeneous,True,10,poisson,4,0,0,0,0.0,3,0,0,0,0,0
uncertain,2,heterogeneous,True,10,fixed,4,0,0,0,0.0,3,0,0,0,0,0
uncertain,2,heterogeneous,True,10,learned,4,0,0,0,0.0,3,0,0,0,0,0
uncertain,2,heterogeneous,False,11,poisson,0,0,0,0,0.0,3,0,0,0,0,0
uncertain,2,heterogeneous,False,11,fixed,0,0,0,0,0.0,3,0,0,0,0,0
uncertain,2,heterogeneous,False,11,learned,0,0,0,0,0.0,3,0,0,0,0,0
uncertain,2,heterogeneous,True,11,poisson,0,0,0,0,0.0,3,0,0,0,0,0
uncertain,2,heterogeneous,True,11,fixed,0,0,0,0,0.0,3,0,0,0,0,0
uncertain,2,heterogeneous,True,11,learned,0,0,0,0,0.0,3,0,0,0,0,0
uncertain,2,heterogeneous,False,12,poisson,2,0,0,0,0.0,3,0,1,0,1,0
uncertain,2,heterogeneous,False,12,fixed,2,0,0,0,0.0,3,0,1,0,1,0
uncertain,2,heterogeneous,False,12,learned,2,0,0,0,0.0,3,0,1,0,1,0
uncertain,2,heterogeneous,True,12,poisson,2,0,0,0,0.0,3,0,1,0,1,0
uncertain,2,heterogeneous,True,12,fixed,2,0,0,0,0.0,3,0,1,0,1,0
uncertain,2,heterogeneous,True,12,learned,2,0,0,0,0.0,3,0,1,0,1,0
uncertain,2,heterogeneous,False,13,poisson,0,0,0,0,0.0,3,0,0,0,0,0
uncertain,2,heterogeneous,False,13,fixed,0,0,0,0,0.0,3,0,0,0,0,0
uncertain,2,heterogeneous,False,13,learned,0,0,0,0,0.0,3,0,0,0,0,0
uncertain,2,heterogeneous,True,13,poisson,0,0,0,0,0.0,3,0,0,0,0,0
uncertain,2,heterogeneous,True,13,fixed,0,0,0,0,0.0,3,0,0,0,0,0
uncertain,2,heterogeneous,True,13,learned,0,0,0,0,0.0,3,0,0,0,0,0
uncertain,2,heterogeneous,False,14,poisson,4,0,0,0,0.0,3,0,0,0,0,0
uncertain,2,heterogeneous,False,14,fixed,4,0,0,0,0.0,3,0,0,0,0,0
uncertain,2,heterogeneous,False,14,learned,4,0,0,0,0.0,3,0,0,0,0,0
uncertain,2,heterogeneous,True,14,poisson,4,0,0,0,0.0,3,0,0,0,0,0
uncertain,2,heterogeneous,True,14,fixed,4,0,0,0,0.0,3,0,0,0,0,0
uncertain,2,heterogeneous,True,14,learned,4,0,0,0,0.0,3,0,0,0,0,0
uncertain,2,heterogeneous,False,15,poisson,0,0,0,0,0.0,3,0,0,0,0,0
uncertain,2,heterogeneous,False,15,fixed,0,0,0,0,0.0,3,0,0,0,0,0
uncertain,2,heterogeneous,False,15,learned,0,0,0,0,0.0,3,0,0,0,0,0
uncertain,2,heterogeneous,True,15,poisson,0,0,0,0,0.0,3,0,0,0,0,0
uncertain,2,heterogeneous,True,15,fixed,0,0,0,0,0.0,3,0,0,0,0,0
uncertain,2,heterogeneous,True,15,learned,0,0,0,0,0.0,3,0,0,0,0,0
uncertain,2,heterogeneous,False,16,poisson,0,0,0,0,0.0,3,0,0,0,1,0
uncertain,2,heterogeneous,False,16,fixed,0,0,0,0,0.0,3,0,0,0,1,0
uncertain,2,heterogeneous,False,16,learned,0,0,0,0,0.0,3,0,0,0,1,0
uncertain,2,heterogeneous,True,16,poisson,0,0,0,0,0.0,3,0,0,0,1,0
uncertain,2,heterogeneous,True,16,fixed,0,0,0,0,0.0,3,0,0,0,1,0
uncertain,2,heterogeneous,True,16,learned,0,0,0,0,0.0,3,0,0,0,1,0
uncertain,2,heterogeneous,False,17,poisson,0,0,0,0,0.0,3,0,1,0,2,0
uncertain,2,heterogeneous,False,17,fixed,0,0,0,0,0.0,3,0,1,0,2,0
uncertain,2,heterogeneous,False,17,learned,0,0,0,0,0.0,3,0,1,0,2,0
uncertain,2,heterogeneous,True,17,poisson,0,0,0,0,0.0,3,0,1,0,2,0
uncertain,2,heterogeneous,True,17,fixed,0,0,0,0,0.0,3,0,1,0,2,0
uncertain,2,heterogeneous,True,17,learned,0,0,0,0,0.0,3,0,1,0,2,0
uncertain,2,heterogeneous,False,18,poisson,4,0,0,0,0.0,3,0,0,0,0,0
uncertain,2,heterogeneous,False,18,fixed,4,0,0,0,0.0,3,0,0,0,0,0
uncertain,2,heterogeneous,False,18,learned,4,0,0,0,0.0,3,0,0,0,0,0
uncertain,2,heterogeneous,True,18,poisson,4,0,0,0,0.0,3,0,0,0,0,0
uncertain,2,heterogeneous,True,18,fixed,4,0,0,0,0.0,3,0,0,0,0,0
uncertain,2,heterogeneous,True,18,learned,4,0,0,0,0.0,3,0,0,0,0,0
uncertain,2,heterogeneous,False,19,poisson,0,0,0,0,0.0,3,0,1,0,1,0
uncertain,2,heterogeneous,False,19,fixed,0,0,0,0,0.0,3,0,1,0,1,0
uncertain,2,heterogeneous,False,19,learned,0,0,0,0,0.0,3,0,1,0,1,0
uncertain,2,heterogeneous,True,19,poisson,0,0,0,0,0.0,3,0,1,0,1,0
uncertain,2,heterogeneous,True,19,fixed,0,0,0,0,0.0,3,0,1,0,1,0
uncertain,2,heterogeneous,True,19,learned,0,0,0,0,0.0,3,0,1,0,1,0
uncertain,2,heterogeneous,False,20,poisson,0,0,0,0,0.0,3,0,0,0,1,0
uncertain,2,heterogeneous,False,20,fixed,0,0,0,0,0.0,3,0,0,0,1,0
uncertain,2,heterogeneous,False,20,learned,0,0,0,0,0.0,3,0,0,0,1,0
uncertain,2,heterogeneous,True,20,poisson,0,0,0,0,0.0,3,0,0,0,1,0
uncertain,2,heterogeneous,True,20,fixed,0,0,0,0,0.0,3,0,0,0,1,0
uncertain,2,heterogeneous,True,20,learned,0,0,0,0,0.0,3,0,0,0,1,0
uncertain,2,heterogeneous,False,21,poisson,2,0,0,0,0.0,3,0,1,0,1,0
uncertain,2,heterogeneous,False,21,fixed,2,0,0,0,0.0,3,0,1,0,1,0
uncertain,2,heterogeneous,False,21,learned,2,0,0,0,0.0,3,0,1,0,1,0
uncertain,2,heterogeneous,True,21,poisson,2,0,0,0,0.0,3,0,1,0,1,0
uncertain,2,heterogeneous,True,21,fixed,2,0,0,0,0.0,3,0,1,0,1,0
uncertain,2,heterogeneous,True,21,learned,2,0,0,0,0.0,3,0,1,0,1,0
uncertain,2,heterogeneous,False,22,poisson,4,2,0,0,0.0,3,0,0,0,0,0
uncertain,2,heterogeneous,False,22,fixed,4,0,0,0,0.0,3,0,0,0,0,0
uncertain,2,heterogeneous,False,22,learned,4,0,0,0,0.0,3,0,0,0,0,0
uncertain,2,heterogeneous,True,22,poisson,4,2,0,0,0.0,3,0,0,0,0,0
uncertain,2,heterogeneous,True,22,fixed,4,0,0,0,0.0,3,0,0,0,0,0
uncertain,2,heterogeneous,True,22,learned,4,0,0,0,0.0,3,0,0,0,0,0
uncertain,2,heterogeneous,False,23,poisson,0,0,0,0,0.0,3,0,0,0,2,0
uncertain,2,heterogeneous,False,23,fixed,0,0,0,0,0.0,3,0,0,0,2,0
uncertain,2,heterogeneous,False,23,learned,0,0,0,0,0.0,3,0,0,0,2,0
uncertain,2,heterogeneous,True,23,poisson,0,0,0,0,0.0,3,0,0,0,2,0
uncertain,2,heterogeneous,True,23,fixed,0,0,0,0,0.0,3,0,0,0,2,0
uncertain,2,heterogeneous,True,23,learned,0,0,0,0,0.0,3,0,0,0,2,0
uncertain,2,heterogeneous,False,24,poisson,4,0,0,0,0.0,3,0,1,0,1,0
uncertain,2,heterogeneous,False,24,fixed,4,0,0,0,0.0,3,0,1,0,1,0
uncertain,2,heterogeneous,False,24,learned,4,0,0,0,0.0,3,0,1,0,1,0
uncertain,2,heterogeneous,True,24,poisson,4,0,0,0,0.0,3,0,1,0,1,0
uncertain,2,heterogeneous,True,24,fixed,4,0,0,0,0.0,3,0,1,0,1,0
uncertain,2,heterogeneous,True,24,learned,4,0,0,0,0.0,3,0,1,0,1,0
uncertain,2,heterogeneous,False,25,poisson,0,0,0,0,0.0,3,0,0,0,1,0
uncertain,2,heterogeneous,False,25,fixed,0,0,0,0,0.0,3,0,0,0,1,0
uncertain,2,heterogeneous,False,25,learned,0,0,0,0,0.0,3,0,0,0,1,0
uncertain,2,heterogeneous,True,25,poisson,0,0,0,0,0.0,3,0,0,0,1,0
uncertain,2,heterogeneous,True,25,fixed,0,0,0,0,0.0,3,0,0,0,1,0
uncertain,2,heterogeneous,True,25,learned,0,0,0,0,0.0,3,0,0,0,1,0
uncertain,2,heterogeneous,False,26,poisson,4,0,0,0,0.0,3,0,1,0,1,0
uncertain,2,heterogeneous,False,26,fixed,4,0,0,0,0.0,3,0,1,0,1,0
uncertain,2,heterogeneous,False,26,learned,4,0,0,0,0.0,3,0,1,0,1,0
uncertain,2,heterogeneous,True,26,poisson,4,0,0,0,0.0,3,0,1,0,1,0
uncertain,2,heterogeneous,True,26,fixed,4,0,0,0,0.0,3,0,1,0,1,0
uncertain,2,heterogeneous,True,26,learned,4,0,0,0,0.0,3,0,1,0,1,0
uncertain,2,heterogeneous,False,27,poisson,0,0,0,0,0.0,3,0,0,0,1,0
uncertain,2,heterogeneous,False,27,fixed,0,0,0,0,0.0,3,0,0,0,1,0
uncertain,2,heterogeneous,False,27,learned,0,0,0,0,0.0,3,0,0,0,1,0
uncertain,2,heterogeneous,True,27,poisson,0,0,0,0,0.0,3,0,0,0,1,0
uncertain,2,heterogeneous,True,27,fixed,0,0,0,0,0.0,3,0,0,0,1,0
uncertain,2,heterogeneous,True,27,learned,0,0,0,0,0.0,3,0,0,0,1,0
uncertain,2,heterogeneous,False,28,poisson,0,0,0,0,0.0,3,0,1,0,1,0
uncertain,2,heterogeneous,False,28,fixed,0,0,0,0,0.0,3,0,1,0,1,0
uncertain,2,heterogeneous,False,28,learned,0,0,0,0,0.0,3,0,1,0,1,0
uncertain,2,heterogeneous,True,28,poisson,0,0,0,0,0.0,3,0,1,0,1,0
uncertain,2,heterogeneous,True,28,fixed,0,0,0,0,0.0,3,0,1,0,1,0
uncertain,2,heterogeneous,True,28,learned,0,0,0,0,0.0,3,0,1,0,1,0
uncertain,2,heterogeneous,False,29,poisson,0,0,0,0,0.0,3,0,0,0,0,0
uncertain,2,heterogeneous,False,29,fixed,0,0,0,0,0.0,3,0,0,0,0,0
uncertain,2,heterogeneous,False,29,learned,0,0,0,0,0.0,3,0,0,0,0,0
uncertain,2,heterogeneous,True,29,poisson,0,0,0,0,0.0,3,0,0,0,0,0
uncertain,2,heterogeneous,True,29,fixed,0,0,0,0,0.0,3,0,0,0,0,0
uncertain,2,heterogeneous,True,29,learned,0,0,0,0,0.0,3,0,0,0,0,0
uncertain,2,heterogeneous,False,30,poisson,0,0,0,0,0.0,3,0,0,0,0,0
uncertain,2,heterogeneous,False,30,fixed,0,0,0,0,0.0,3,0,0,0,0,0
uncertain,2,heterogeneous,False,30,learned,0,0,0,0,0.0,3,0,0,0,0,0
uncertain,2,heterogeneous,True,30,poisson,0,0,0,0,0.0,3,0,0,0,0,0
uncertain,2,heterogeneous,True,30,fixed,0,0,0,0,0.0,3,0,0,0,0,0
uncertain,2,heterogeneous,True,30,learned,0,0,0,0,0.0,3,0,0,0,0,0
uncertain,2,heterogeneous,False,31,poisson,2,0,0,0,0.0,3,0,1,0,1,0
uncertain,2,heterogeneous,False,31,fixed,2,0,0,0,0.0,3,0,1,0,1,0
uncertain,2,heterogeneous,False,31,learned,2,0,0,0,0.0,3,0,1,0,1,0
uncertain,2,heterogeneous,True,31,poisson,2,0,0,0,0.0,3,0,1,0,1,0
uncertain,2,heterogeneous,True,31,fixed,2,0,0,0,0.0,3,0,1,0,1,0
uncertain,2,heterogeneous,True,31,learned,2,0,0,0,0.0,3,0,1,0,1,0
uncertain,2,heterogeneous,False,32,poisson,2,0,0,0,0.0,3,0,1,0,1,0
uncertain,2,heterogeneous,False,32,fixed,2,0,0,0,0.0,3,0,1,0,1,0
uncertain,2,heterogeneous,False,32,learned,2,0,0,0,0.0,3,0,1,0,1,0
uncertain,2,heterogeneous,True,32,poisson,2,0,0,0,0.0,3,0,1,0,1,0
uncertain,2,heterogeneous,True,32,fixed,2,0,0,0,0.0,3,0,1,0,1,0
uncertain,2,heterogeneous,True,32,learned,2,0,0,0,0.0,3,0,1,0,1,0
uncertain,2,heterogeneous,False,33,poisson,0,0,0,0,0.0,3,0,0,0,0,0
uncertain,2,heterogeneous,False,33,fixed,0,0,0,0,0.0,3,0,0,0,0,0
uncertain,2,heterogeneous,False,33,learned,0,0,0,0,0.0,3,0,0,0,0,0
uncertain,2,heterogeneous,True,33,poisson,0,0,0,0,0.0,3,0,0,0,0,0
uncertain,2,heterogeneous,True,33,fixed,0,0,0,0,0.0,3,0,0,0,0,0
uncertain,2,heterogeneous,True,33,learned,0,0,0,0,0.0,3,0,0,0,0,0
uncertain,2,heterogeneous,False,34,poisson,2,0,0,0,0.0,3,0,0,0,1,0
uncertain,2,heterogeneous,False,34,fixed,2,0,0,0,0.0,3,0,0,0,1,0
uncertain,2,heterogeneous,False,34,learned,2,0,0,0,0.0,3,0,0,0,1,0
uncertain,2,heterogeneous,True,34,poisson,2,0,0,0,0.0,3,0,0,0,1,0
uncertain,2,heterogeneous,True,34,fixed,2,0,0,0,0.0,3,0,0,0,1,0
uncertain,2,heterogeneous,True,34,learned,2,0,0,0,0.0,3,0,0,0,1,0
uncertain,2,heterogeneous,False,35,poisson,4,0,0,0,0.0,3,0,1,0,1,0
uncertain,2,heterogeneous,False,35,fixed,4,0,0,0,0.0,3,0,1,0,1,0
uncertain,2,heterogeneous,False,35,learned,4,0,0,0,0.0,3,0,1,0,1,0
uncertain,2,heterogeneous,True,35,poisson,4,0,0,0,0.0,3,0,1,0,1,0
uncertain,2,heterogeneous,True,35,fixed,4,0,0,0,0.0,3,0,1,0,1,0
uncertain,2,heterogeneous,True,35,learned,4,0,0,0,0.0,3,0,1,0,1,0
uncertain,2,heterogeneous,False,36,poisson,0,0,0,0,0.0,3,0,0,0,1,0
uncertain,2,heterogeneous,False,36,fixed,0,0,0,0,0.0,3,0,0,0,1,0
uncertain,2,heterogeneous,False,36,learned,0,0,0,0,0.0,3,0,0,0,1,0
uncertain,2,heterogeneous,True,36,poisson,0,0,0,0,0.0,3,0,0,0,1,0
uncertain,2,heterogeneous,True,36,fixed,0,0,0,0,0.0,3,0,0,0,1,0
uncertain,2,heterogeneous,True,36,learned,0,0,0,0,0.0,3,0,0,0,1,0
uncertain,2,heterogeneous,False,37,poisson,0,0,0,0,0.0,3,0,1,0,2,0
uncertain,2,heterogeneous,False,37,fixed,0,0,0,0,0.0,3,0,1,0,2,0
uncertain,2,heterogeneous,False,37,learned,0,0,0,0,0.0,3,0,1,0,2,0
uncertain,2,heterogeneous,True,37,poisson,0,0,0,0,0.0,3,0,1,0,2,0
uncertain,2,heterogeneous,True,37,fixed,0,0,0,0,0.0,3,0,1,0,2,0
uncertain,2,heterogeneous,True,37,learned,0,0,0,0,0.0,3,0,1,0,2,0
uncertain,2,heterogeneous,False,38,poisson,2,0,0,0,0.0,3,0,1,0,1,0
uncertain,2,heterogeneous,False,38,fixed,2,0,0,0,0.0,3,0,1,0,1,0
uncertain,2,heterogeneous,False,38,learned,2,0,0,0,0.0,3,0,1,0,1,0
uncertain,2,heterogeneous,True,38,poisson,2,0,0,0,0.0,3,0,1,0,1,0
uncertain,2,heterogeneous,True,38,fixed,2,0,0,0,0.0,3,0,1,0,1,0
uncertain,2,heterogeneous,True,38,learned,2,0,0,0,0.0,3,0,1,0,1,0
uncertain,2,heterogeneous,False,39,poisson,2,2,2,1,1.0,3,0,0,0,0,0
uncertain,2,heterogeneous,False,39,fixed,2,2,2,1,1.0,3,0,0,0,0,0
uncertain,2,heterogeneous,False,39,learned,2,2,2,1,1.0,3,0,0,0,0,0
uncertain,2,heterogeneous,True,39,poisson,2,2,2,1,1.0,3,0,0,0,0,0
uncertain,2,heterogeneous,True,39,fixed,2,0,0,0,0.0,3,0,0,0,0,0
uncertain,2,heterogeneous,True,39,learned,2,0,0,0,0.0,3,0,0,0,0,0
uncertain,2,heterogeneous,False,40,poisson,2,2,0,0,0.0,3,1,1,1,2,1
uncertain,2,heterogeneous,False,40,fixed,2,2,0,0,0.0,3,1,1,1,2,1
uncertain,2,heterogeneous,False,40,learned,2,2,0,0,0.0,3,1,1,1,2,1
uncertain,2,heterogeneous,True,40,poisson,2,2,0,0,0.0,3,1,1,1,2,1
uncertain,2,heterogeneous,True,40,fixed,2,2,0,0,0.0,3,1,1,1,2,1
uncertain,2,heterogeneous,True,40,learned,2,2,0,0,0.0,3,1,1,1,2,1
uncertain,2,heterogeneous,False,41,poisson,6,2,0,0,0.0,3,0,0,0,0,0
uncertain,2,heterogeneous,False,41,fixed,6,2,0,0,0.0,3,0,0,0,0,0
uncertain,2,heterogeneous,False,41,learned,6,2,0,0,0.0,3,0,0,0,0,0
uncertain,2,heterogeneous,True,41,poisson,6,2,0,0,0.0,3,0,0,0,0,0
uncertain,2,heterogeneous,True,41,fixed,6,2,0,0,0.0,3,0,0,0,0,0
uncertain,2,heterogeneous,True,41,learned,6,2,0,0,0.0,3,0,0,0,0,0
uncertain,2,heterogeneous,False,42,poisson,4,0,0,0,0.0,3,0,0,0,0,0
uncertain,2,heterogeneous,False,42,fixed,4,0,0,0,0.0,3,0,0,0,0,0
uncertain,2,heterogeneous,False,42,learned,4,0,0,0,0.0,3,0,0,0,0,0
uncertain,2,heterogeneous,True,42,poisson,4,0,0,0,0.0,3,0,0,0,0,0
uncertain,2,heterogeneous,True,42,fixed,4,0,0,0,0.0,3,0,0,0,0,0
uncertain,2,heterogeneous,True,42,learned,4,0,0,0,0.0,3,0,0,0,0,0
uncertain,2,heterogeneous,False,43,poisson,0,0,0,0,0.0,3,0,2,0,2,0
uncertain,2,heterogeneous,False,43,fixed,0,0,0,0,0.0,3,0,2,0,2,0
uncertain,2,heterogeneous,False,43,learned,0,0,0,0,0.0,3,0,2,0,2,0
uncertain,2,heterogeneous,True,43,poisson,0,0,0,0,0.0,3,0,2,0,2,0
uncertain,2,heterogeneous,True,43,fixed,0,0,0,0,0.0,3,0,2,0,2,0
uncertain,2,heterogeneous,True,43,learned,0,0,0,0,0.0,3,0,2,0,2,0
uncertain,2,heterogeneous,False,44,poisson,4,0,0,0,0.0,3,0,0,0,1,0
uncertain,2,heterogeneous,False,44,fixed,4,0,0,0,0.0,3,0,0,0,1,0
uncertain,2,heterogeneous,False,44,learned,4,0,0,0,0.0,3,0,0,0,1,0
uncertain,2,heterogeneous,True,44,poisson,4,0,0,0,0.0,3,0,0,0,1,0
uncertain,2,heterogeneous,True,44,fixed,4,0,0,0,0.0,3,0,0,0,1,0
uncertain,2,heterogeneous,True,44,learned,4,0,0,0,0.0,3,0,0,0,1,0
uncertain,2,heterogeneous,False,45,poisson,0,0,0,0,0.0,3,0,0,0,0,0
uncertain,2,heterogeneous,False,45,fixed,0,0,0,0,0.0,3,0,0,0,0,0
uncertain,2,heterogeneous,False,45,learned,0,0,0,0,0.0,3,0,0,0,0,0
uncertain,2,heterogeneous,True,45,poisson,0,0,0,0,0.0,3,0,0,0,0,0
uncertain,2,heterogeneous,True,45,fixed,0,0,0,0,0.0,3,0,0,0,0,0
uncertain,2,heterogeneous,True,45,learned,0,0,0,0,0.0,3,0,0,0,0,0
uncertain,2,heterogeneous,False,46,poisson,2,0,0,0,0.0,3,0,1,0,1,0
uncertain,2,heterogeneous,False,46,fixed,2,0,0,0,0.0,3,0,1,0,1,0
uncertain,2,heterogeneous,False,46,learned,2,0,0,0,0.0,3,0,1,0,1,0
uncertain,2,heterogeneous,True,46,poisson,2,0,0,0,0.0,3,0,1,0,1,0
uncertain,2,heterogeneous,True,46,fixed,2,0,0,0,0.0,3,0,1,0,1,0
uncertain,2,heterogeneous,True,46,learned,2,0,0,0,0.0,3,0,1,0,1,0
uncertain,2,heterogeneous,False,47,poisson,4,0,0,0,0.0,3,0,0,0,1,0
uncertain,2,heterogeneous,False,47,fixed,4,0,0,0,0.0,3,0,0,0,1,0
uncertain,2,heterogeneous,False,47,learned,4,0,0,0,0.0,3,0,0,0,1,0
uncertain,2,heterogeneous,True,47,poisson,4,0,0,0,0.0,3,0,0,0,1,0
uncertain,2,heterogeneous,True,47,fixed,4,0,0,0,0.0,3,0,0,0,1,0
uncertain,2,heterogeneous,True,47,learned,4,0,0,0,0.0,3,0,0,0,1,0
uncertain,2,heterogeneous,False,48,poisson,0,0,0,0,0.0,3,0,0,0,2,0
uncertain,2,heterogeneous,False,48,fixed,0,0,0,0,0.0,3,0,0,0,2,0
uncertain,2,heterogeneous,False,48,learned,0,0,0,0,0.0,3,0,0,0,2,0
uncertain,2,heterogeneous,True,48,poisson,0,0,0,0,0.0,3,0,0,0,2,0
uncertain,2,heterogeneous,True,48,fixed,0,0,0,0,0.0,3,0,0,0,2,0
uncertain,2,heterogeneous,True,48,learned,0,0,0,0,0.0,3,0,0,0,2,0
uncertain,2,heterogeneous,False,49,poisson,4,0,0,0,0.0,3,0,0,0,0,0
uncertain,2,heterogeneous,False,49,fixed,4,0,0,0,0.0,3,0,0,0,0,0
uncertain,2,heterogeneous,False,49,learned,4,0,0,0,0.0,3,0,0,0,0,0
uncertain,2,heterogeneous,True,49,poisson,4,0,0,0,0.0,3,0,0,0,0,0
uncertain,2,heterogeneous,True,49,fixed,4,0,0,0,0.0,3,0,0,0,0,0
uncertain,2,heterogeneous,True,49,learned,4,0,0,0,0.0,3,0,0,0,0,0
uncertain,2,heterogeneous,False,50,poisson,2,2,2,1,1.0,3,0,0,0,1,0
uncertain,2,heterogeneous,False,50,fixed,2,0,0,0,0.0,3,0,0,0,1,0
uncertain,2,heterogeneous,False,50,learned,2,0,0,0,0.0,3,0,0,0,1,0
uncertain,2,heterogeneous,True,50,poisson,2,2,2,1,1.0,3,0,0,0,1,0
uncertain,2,heterogeneous,True,50,fixed,2,0,0,0,0.0,3,0,0,0,1,0
uncertain,2,heterogeneous,True,50,learned,2,0,0,0,0.0,3,0,0,0,1,0
uncertain,2,heterogeneous,False,51,poisson,4,0,0,0,0.0,3,0,0,0,1,0
uncertain,2,heterogeneous,False,51,fixed,4,0,0,0,0.0,3,0,0,0,1,0
uncertain,2,heterogeneous,False,51,learned,4,0,0,0,0.0,3,0,0,0,1,0
uncertain,2,heterogeneous,True,51,poisson,4,0,0,0,0.0,3,0,0,0,1,0
uncertain,2,heterogeneous,True,51,fixed,4,0,0,0,0.0,3,0,0,0,1,0
uncertain,2,heterogeneous,True,51,learned,4,0,0,0,0.0,3,0,0,0,1,0
uncertain,2,heterogeneous,False,52,poisson,2,0,0,0,0.0,3,0,0,0,1,0
uncertain,2,heterogeneous,False,52,fixed,2,0,0,0,0.0,3,0,0,0,1,0
uncertain,2,heterogeneous,False,52,learned,2,0,0,0,0.0,3,0,0,0,1,0
uncertain,2,heterogeneous,True,52,poisson,2,0,0,0,0.0,3,0,0,0,1,0
uncertain,2,heterogeneous,True,52,fixed,2,0,0,0,0.0,3,0,0,0,1,0
uncertain,2,heterogeneous,True,52,learned,2,0,0,0,0.0,3,0,0,0,1,0
uncertain,2,heterogeneous,False,53,poisson,4,2,0,0,0.0,3,1,1,1,2,1
uncertain,2,heterogeneous,False,53,fixed,4,2,0,0,0.0,3,1,1,1,2,1
uncertain,2,heterogeneous,False,53,learned,4,2,0,0,0.0,3,1,1,1,2,1
uncertain,2,heterogeneous,True,53,poisson,4,2,0,0,0.0,3,1,1,1,2,1
uncertain,2,heterogeneous,True,53,fixed,4,2,0,0,0.0,3,1,1,1,2,1
uncertain,2,heterogeneous,True,53,learned,4,2,0,0,0.0,3,1,1,1,2,1
uncertain,2,heterogeneous,False,54,poisson,4,0,0,0,0.0,3,0,0,0,1,0
uncertain,2,heterogeneous,False,54,fixed,4,0,0,0,0.0,3,0,0,0,1,0
uncertain,2,heterogeneous,False,54,learned,4,0,0,0,0.0,3,0,0,0,1,0
uncertain,2,heterogeneous,True,54,poisson,4,0,0,0,0.0,3,0,0,0,1,0
uncertain,2,heterogeneous,True,54,fixed,4,0,0,0,0.0,3,0,0,0,1,0
uncertain,2,heterogeneous,True,54,learned,4,0,0,0,0.0,3,0,0,0,1,0
uncertain,2,heterogeneous,False,55,poisson,0,0,0,0,0.0,3,0,0,0,1,0
uncertain,2,heterogeneous,False,55,fixed,0,0,0,0,0.0,3,0,0,0,1,0
uncertain,2,heterogeneous,False,55,learned,0,0,0,0,0.0,3,0,0,0,1,0
uncertain,2,heterogeneous,True,55,poisson,0,0,0,0,0.0,3,0,0,0,1,0
uncertain,2,heterogeneous,True,55,fixed,0,0,0,0,0.0,3,0,0,0,1,0
uncertain,2,heterogeneous,True,55,learned,0,0,0,0,0.0,3,0,0,0,1,0
uncertain,2,heterogeneous,False,56,poisson,0,0,0,0,0.0,3,0,1,0,1,0
uncertain,2,heterogeneous,False,56,fixed,0,0,0,0,0.0,3,0,1,0,1,0
uncertain,2,heterogeneous,False,56,learned,0,0,0,0,0.0,3,0,1,0,1,0
uncertain,2,heterogeneous,True,56,poisson,0,0,0,0,0.0,3,0,1,0,1,0
uncertain,2,heterogeneous,True,56,fixed,0,0,0,0,0.0,3,0,1,0,1,0
uncertain,2,heterogeneous,True,56,learned,0,0,0,0,0.0,3,0,1,0,1,0
uncertain,2,heterogeneous,False,57,poisson,0,0,0,0,0.0,3,0,0,0,0,0
uncertain,2,heterogeneous,False,57,fixed,0,0,0,0,0.0,3,0,0,0,0,0
uncertain,2,heterogeneous,False,57,learned,0,0,0,0,0.0,3,0,0,0,0,0
uncertain,2,heterogeneous,True,57,poisson,0,0,0,0,0.0,3,0,0,0,0,0
uncertain,2,heterogeneous,True,57,fixed,0,0,0,0,0.0,3,0,0,0,0,0
uncertain,2,heterogeneous,True,57,learned,0,0,0,0,0.0,3,0,0,0,0,0
uncertain,2,heterogeneous,False,58,poisson,4,0,0,0,0.0,3,0,0,0,0,0
uncertain,2,heterogeneous,False,58,fixed,4,0,0,0,0.0,3,0,0,0,0,0
uncertain,2,heterogeneous,False,58,learned,4,0,0,0,0.0,3,0,0,0,0,0
uncertain,2,heterogeneous,True,58,poisson,4,0,0,0,0.0,3,0,0,0,0,0
uncertain,2,heterogeneous,True,58,fixed,4,0,0,0,0.0,3,0,0,0,0,0
uncertain,2,heterogeneous,True,58,learned,4,0,0,0,0.0,3,0,0,0,0,0
uncertain,2,heterogeneous,False,59,poisson,4,4,0,0,0.0,3,1,1,0,1,0
uncertain,2,heterogeneous,False,59,fixed,4,2,0,0,0.0,3,1,1,0,1,0
uncertain,2,heterogeneous,False,59,learned,4,2,0,0,0.0,3,1,1,0,1,0
uncertain,2,heterogeneous,True,59,poisson,4,4,0,0,0.0,3,1,1,0,1,0
uncertain,2,heterogeneous,True,59,fixed,4,2,0,0,0.0,3,1,1,0,1,0
uncertain,2,heterogeneous,True,59,learned,4,2,0,0,0.0,3,1,1,0,1,0
uncertain,2,heterogeneous,False,60,poisson,2,0,0,0,0.0,3,0,0,0,1,0
uncertain,2,heterogeneous,False,60,fixed,2,0,0,0,0.0,3,0,0,0,1,0
uncertain,2,heterogeneous,False,60,learned,2,0,0,0,0.0,3,0,0,0,1,0
uncertain,2,heterogeneous,True,60,poisson,2,0,0,0,0.0,3,0,0,0,1,0
uncertain,2,heterogeneous,True,60,fixed,2,0,0,0,0.0,3,0,0,0,1,0
uncertain,2,heterogeneous,True,60,learned,2,0,0,0,0.0,3,0,0,0,1,0
uncertain,2,heterogeneous,False,61,poisson,2,0,0,0,0.0,3,0,1,0,1,0
uncertain,2,heterogeneous,False,61,fixed,2,0,0,0,0.0,3,0,1,0,1,0
uncertain,2,heterogeneous,False,61,learned,2,0,0,0,0.0,3,0,1,0,1,0
uncertain,2,heterogeneous,True,61,poisson,2,0,0,0,0.0,3,0,1,0,1,0
uncertain,2,heterogeneous,True,61,fixed,2,0,0,0,0.0,3,0,1,0,1,0
uncertain,2,heterogeneous,True,61,learned,2,0,0,0,0.0,3,0,1,0,1,0
uncertain,2,heterogeneous,False,62,poisson,0,0,0,0,0.0,3,0,0,0,0,0
uncertain,2,heterogeneous,False,62,fixed,0,0,0,0,0.0,3,0,0,0,0,0
uncertain,2,heterogeneous,False,62,learned,0,0,0,0,0.0,3,0,0,0,0,0
uncertain,2,heterogeneous,True,62,poisson,0,0,0,0,0.0,3,0,0,0,0,0
uncertain,2,heterogeneous,True,62,fixed,0,0,0,0,0.0,3,0,0,0,0,0
uncertain,2,heterogeneous,True,62,learned,0,0,0,0,0.0,3,0,0,0,0,0
uncertain,2,heterogeneous,False,63,poisson,4,2,0,0,0.0,3,1,1,1,1,1
uncertain,2,heterogeneous,False,63,fixed,4,2,0,0,0.0,3,1,1,1,1,1
uncertain,2,heterogeneous,False,63,learned,4,2,0,0,0.0,3,1,1,1,1,1
uncertain,2,heterogeneous,True,63,poisson,4,2,0,0,0.0,3,1,1,1,1,1
uncertain,2,heterogeneous,True,63,fixed,4,2,0,0,0.0,3,1,1,1,1,1
uncertain,2,heterogeneous,True,63,learned,4,2,0,0,0.0,3,1,1,1,1,1
uncertain,2,heterogeneous,False,64,poisson,0,0,0,0,0.0,3,0,0,0,0,0
uncertain,2,heterogeneous,False,64,fixed,0,0,0,0,0.0,3,0,0,0,0,0
uncertain,2,heterogeneous,False,64,learned,0,0,0,0,0.0,3,0,0,0,0,0
uncertain,2,heterogeneous,True,64,poisson,0,0,0,0,0.0,3,0,0,0,0,0
uncertain,2,heterogeneous,True,64,fixed,0,0,0,0,0.0,3,0,0,0,0,0
uncertain,2,heterogeneous,True,64,learned,0,0,0,0,0.0,3,0,0,0,0,0
uncertain,2,heterogeneous,False,65,poisson,4,0,0,0,0.0,3,0,0,0,1,0
uncertain,2,heterogeneous,False,65,fixed,4,0,0,0,0.0,3,0,0,0,1,0
uncertain,2,heterogeneous,False,65,learned,4,0,0,0,0.0,3,0,0,0,1,0
uncertain,2,heterogeneous,True,65,poisson,4,0,0,0,0.0,3,0,0,0,1,0
uncertain,2,heterogeneous,True,65,fixed,4,0,0,0,0.0,3,0,0,0,1,0
uncertain,2,heterogeneous,True,65,learned,4,0,0,0,0.0,3,0,0,0,1,0
uncertain,2,heterogeneous,False,66,poisson,0,0,0,0,0.0,3,0,1,0,1,0
uncertain,2,heterogeneous,False,66,fixed,0,0,0,0,0.0,3,0,1,0,1,0
uncertain,2,heterogeneous,False,66,learned,0,0,0,0,0.0,3,0,1,0,1,0
uncertain,2,heterogeneous,True,66,poisson,0,0,0,0,0.0,3,0,1,0,1,0
uncertain,2,heterogeneous,True,66,fixed,0,0,0,0,0.0,3,0,1,0,1,0
uncertain,2,heterogeneous,True,66,learned,0,0,0,0,0.0,3,0,1,0,1,0
uncertain,2,heterogeneous,False,67,poisson,2,0,0,0,0.0,3,0,1,0,1,0
uncertain,2,heterogeneous,False,67,fixed,2,0,0,0,0.0,3,0,1,0,1,0
uncertain,2,heterogeneous,False,67,learned,2,0,0,0,0.0,3,0,1,0,1,0
uncertain,2,heterogeneous,True,67,poisson,2,0,0,0,0.0,3,0,1,0,1,0
uncertain,2,heterogeneous,True,67,fixed,2,0,0,0,0.0,3,0,1,0,1,0
uncertain,2,heterogeneous,True,67,learned,2,0,0,0,0.0,3,0,1,0,1,0
uncertain,2,heterogeneous,False,68,poisson,2,0,0,0,0.0,3,0,0,0,0,0
uncertain,2,heterogeneous,False,68,fixed,2,0,0,0,0.0,3,0,0,0,0,0
uncertain,2,heterogeneous,False,68,learned,2,0,0,0,0.0,3,0,0,0,0,0
uncertain,2,heterogeneous,True,68,poisson,2,0,0,0,0.0,3,0,0,0,0,0
uncertain,2,heterogeneous,True,68,fixed,2,0,0,0,0.0,3,0,0,0,0,0
uncertain,2,heterogeneous,True,68,learned,2,0,0,0,0.0,3,0,0,0,0,0
uncertain,2,heterogeneous,False,69,poisson,0,0,0,0,0.0,3,0,0,0,0,0
uncertain,2,heterogeneous,False,69,fixed,0,0,0,0,0.0,3,0,0,0,0,0
uncertain,2,heterogeneous,False,69,learned,0,0,0,0,0.0,3,0,0,0,0,0
uncertain,2,heterogeneous,True,69,poisson,0,0,0,0,0.0,3,0,0,0,0,0
uncertain,2,heterogeneous,True,69,fixed,0,0,0,0,0.0,3,0,0,0,0,0
uncertain,2,heterogeneous,True,69,learned,0,0,0,0,0.0,3,0,0,0,0,0
uncertain,2,heterogeneous,False,70,poisson,2,0,0,0,0.0,3,0,0,0,1,0
uncertain,2,heterogeneous,False,70,fixed,2,0,0,0,0.0,3,0,0,0,1,0
uncertain,2,heterogeneous,False,70,learned,2,0,0,0,0.0,3,0,0,0,1,0
uncertain,2,heterogeneous,True,70,poisson,2,0,0,0,0.0,3,0,0,0,1,0
uncertain,2,heterogeneous,True,70,fixed,2,0,0,0,0.0,3,0,0,0,1,0
uncertain,2,heterogeneous,True,70,learned,2,0,0,0,0.0,3,0,0,0,1,0
uncertain,2,heterogeneous,False,71,poisson,2,0,0,0,0.0,3,0,0,0,1,0
uncertain,2,heterogeneous,False,71,fixed,2,0,0,0,0.0,3,0,0,0,1,0
uncertain,2,heterogeneous,False,71,learned,2,0,0,0,0.0,3,0,0,0,1,0
uncertain,2,heterogeneous,True,71,poisson,2,0,0,0,0.0,3,0,0,0,1,0
uncertain,2,heterogeneous,True,71,fixed,2,0,0,0,0.0,3,0,0,0,1,0
uncertain,2,heterogeneous,True,71,learned,2,0,0,0,0.0,3,0,0,0,1,0
uncertain,2,heterogeneous,False,72,poisson,0,0,0,0,0.0,3,0,0,0,0,0
uncertain,2,heterogeneous,False,72,fixed,0,0,0,0,0.0,3,0,0,0,0,0
uncertain,2,heterogeneous,False,72,learned,0,0,0,0,0.0,3,0,0,0,0,0
uncertain,2,heterogeneous,True,72,poisson,0,0,0,0,0.0,3,0,0,0,0,0
uncertain,2,heterogeneous,True,72,fixed,0,0,0,0,0.0,3,0,0,0,0,0
uncertain,2,heterogeneous,True,72,learned,0,0,0,0,0.0,3,0,0,0,0,0
uncertain,2,heterogeneous,False,73,poisson,0,0,0,0,0.0,3,0,1,0,1,0
uncertain,2,heterogeneous,False,73,fixed,0,0,0,0,0.0,3,0,1,0,1,0
uncertain,2,heterogeneous,False,73,learned,0,0,0,0,0.0,3,0,1,0,1,0
uncertain,2,heterogeneous,True,73,poisson,0,0,0,0,0.0,3,0,1,0,1,0
uncertain,2,heterogeneous,True,73,fixed,0,0,0,0,0.0,3,0,1,0,1,0
uncertain,2,heterogeneous,True,73,learned,0,0,0,0,0.0,3,0,1,0,1,0
uncertain,2,heterogeneous,False,74,poisson,0,0,0,0,0.0,3,0,0,0,0,0
uncertain,2,heterogeneous,False,74,fixed,0,0,0,0,0.0,3,0,0,0,0,0
uncertain,2,heterogeneous,False,74,learned,0,0,0,0,0.0,3,0,0,0,0,0
uncertain,2,heterogeneous,True,74,poisson,0,0,0,0,0.0,3,0,0,0,0,0
uncertain,2,heterogeneous,True,74,fixed,0,0,0,0,0.0,3,0,0,0,0,0
uncertain,2,heterogeneous,True,74,learned,0,0,0,0,0.0,3,0,0,0,0,0
uncertain,2,heterogeneous,False,75,poisson,2,0,0,0,0.0,3,0,1,0,1,0
uncertain,2,heterogeneous,False,75,fixed,2,0,0,0,0.0,3,0,1,0,1,0
uncertain,2,heterogeneous,False,75,learned,2,0,0,0,0.0,3,0,1,0,1,0
uncertain,2,heterogeneous,True,75,poisson,2,0,0,0,0.0,3,0,1,0,1,0
uncertain,2,heterogeneous,True,75,fixed,2,0,0,0,0.0,3,0,1,0,1,0
uncertain,2,heterogeneous,True,75,learned,2,0,0,0,0.0,3,0,1,0,1,0
uncertain,2,heterogeneous,False,76,poisson,6,0,0,0,0.0,3,0,1,0,1,0
uncertain,2,heterogeneous,False,76,fixed,6,0,0,0,0.0,3,0,1,0,1,0
uncertain,2,heterogeneous,False,76,learned,6,0,0,0,0.0,3,0,1,0,1,0
uncertain,2,heterogeneous,True,76,poisson,6,0,0,0,0.0,3,0,1,0,1,0
uncertain,2,heterogeneous,True,76,fixed,6,0,0,0,0.0,3,0,1,0,1,0
uncertain,2,heterogeneous,True,76,learned,6,0,0,0,0.0,3,0,1,0,1,0
uncertain,2,heterogeneous,False,77,poisson,0,0,0,0,0.0,3,0,1,0,1,0
uncertain,2,heterogeneous,False,77,fixed,0,0,0,0,0.0,3,0,1,0,1,0
uncertain,2,heterogeneous,False,77,learned,0,0,0,0,0.0,3,0,1,0,1,0
uncertain,2,heterogeneous,True,77,poisson,0,0,0,0,0.0,3,0,1,0,1,0
uncertain,2,heterogeneous,True,77,fixed,0,0,0,0,0.0,3,0,1,0,1,0
uncertain,2,heterogeneous,True,77,learned,0,0,0,0,0.0,3,0,1,0,1,0
uncertain,2,heterogeneous,False,78,poisson,4,2,2,1,1.0,3,0,0,0,0,0
uncertain,2,heterogeneous,False,78,fixed,4,0,0,0,0.0,3,0,0,0,0,0
uncertain,2,heterogeneous,False,78,learned,4,0,0,0,0.0,3,0,0,0,0,0
uncertain,2,heterogeneous,True,78,poisson,4,2,2,1,1.0,3,0,0,0,0,0
uncertain,2,heterogeneous,True,78,fixed,4,0,0,0,0.0,3,0,0,0,0,0
uncertain,2,heterogeneous,True,78,learned,4,0,0,0,0.0,3,0,0,0,0,0
uncertain,2,heterogeneous,False,79,poisson,0,0,0,0,0.0,3,0,0,0,0,0
uncertain,2,heterogeneous,False,79,fixed,0,0,0,0,0.0,3,0,0,0,0,0
uncertain,2,heterogeneous,False,79,learned,0,0,0,0,0.0,3,0,0,0,0,0
uncertain,2,heterogeneous,True,79,poisson,0,0,0,0,0.0,3,0,0,0,0,0
uncertain,2,heterogeneous,True,79,fixed,0,0,0,0,0.0,3,0,0,0,0,0
uncertain,2,heterogeneous,True,79,learned,0,0,0,0,0.0,3,0,0,0,0,0
uncertain,2,heterogeneous,False,80,poisson,4,0,0,0,0.0,3,0,0,0,0,0
uncertain,2,heterogeneous,False,80,fixed,4,0,0,0,0.0,3,0,0,0,0,0
uncertain,2,heterogeneous,False,80,learned,4,0,0,0,0.0,3,0,0,0,0,0
uncertain,2,heterogeneous,True,80,poisson,4,0,0,0,0.0,3,0,0,0,0,0
uncertain,2,heterogeneous,True,80,fixed,4,0,0,0,0.0,3,0,0,0,0,0
uncertain,2,heterogeneous,True,80,learned,4,0,0,0,0.0,3,0,0,0,0,0
uncertain,2,heterogeneous,False,81,poisson,2,0,0,0,0.0,3,0,0,0,0,0
uncertain,2,heterogeneous,False,81,fixed,2,0,0,0,0.0,3,0,0,0,0,0
uncertain,2,heterogeneous,False,81,learned,2,0,0,0,0.0,3,0,0,0,0,0
uncertain,2,heterogeneous,True,81,poisson,2,0,0,0,0.0,3,0,0,0,0,0
uncertain,2,heterogeneous,True,81,fixed,2,0,0,0,0.0,3,0,0,0,0,0
uncertain,2,heterogeneous,True,81,learned,2,0,0,0,0.0,3,0,0,0,0,0
uncertain,2,heterogeneous,False,82,poisson,0,0,0,0,0.0,3,0,0,0,0,0
uncertain,2,heterogeneous,False,82,fixed,0,0,0,0,0.0,3,0,0,0,0,0
uncertain,2,heterogeneous,False,82,learned,0,0,0,0,0.0,3,0,0,0,0,0
uncertain,2,heterogeneous,True,82,poisson,0,0,0,0,0.0,3,0,0,0,0,0
uncertain,2,heterogeneous,True,82,fixed,0,0,0,0,0.0,3,0,0,0,0,0
uncertain,2,heterogeneous,True,82,learned,0,0,0,0,0.0,3,0,0,0,0,0
uncertain,2,heterogeneous,False,83,poisson,4,0,0,0,0.0,3,0,1,0,1,0
uncertain,2,heterogeneous,False,83,fixed,4,0,0,0,0.0,3,0,1,0,1,0
uncertain,2,heterogeneous,False,83,learned,4,0,0,0,0.0,3,0,1,0,1,0
uncertain,2,heterogeneous,True,83,poisson,4,0,0,0,0.0,3,0,1,0,1,0
uncertain,2,heterogeneous,True,83,fixed,4,0,0,0,0.0,3,0,1,0,1,0
uncertain,2,heterogeneous,True,83,learned,4,0,0,0,0.0,3,0,1,0,1,0
uncertain,2,heterogeneous,False,84,poisson,0,0,0,0,0.0,3,0,1,0,1,0
uncertain,2,heterogeneous,False,84,fixed,0,0,0,0,0.0,3,0,1,0,1,0
uncertain,2,heterogeneous,False,84,learned,0,0,0,0,0.0,3,0,1,0,1,0
uncertain,2,heterogeneous,True,84,poisson,0,0,0,0,0.0,3,0,1,0,1,0
uncertain,2,heterogeneous,True,84,fixed,0,0,0,0,0.0,3,0,1,0,1,0
uncertain,2,heterogeneous,True,84,learned,0,0,0,0,0.0,3,0,1,0,1,0
uncertain,2,heterogeneous,False,85,poisson,4,0,0,0,0.0,3,0,2,0,2,0
uncertain,2,heterogeneous,False,85,fixed,4,0,0,0,0.0,3,0,2,0,2,0
uncertain,2,heterogeneous,False,85,learned,4,0,0,0,0.0,3,0,2,0,2,0
uncertain,2,heterogeneous,True,85,poisson,4,0,0,0,0.0,3,0,2,0,2,0
uncertain,2,heterogeneous,True,85,fixed,4,0,0,0,0.0,3,0,2,0,2,0
uncertain,2,heterogeneous,True,85,learned,4,0,0,0,0.0,3,0,2,0,2,0
uncertain,2,heterogeneous,False,86,poisson,0,0,0,0,0.0,3,0,0,0,1,0
uncertain,2,heterogeneous,False,86,fixed,0,0,0,0,0.0,3,0,0,0,1,0
uncertain,2,heterogeneous,False,86,learned,0,0,0,0,0.0,3,0,0,0,1,0
uncertain,2,heterogeneous,True,86,poisson,0,0,0,0,0.0,3,0,0,0,1,0
uncertain,2,heterogeneous,True,86,fixed,0,0,0,0,0.0,3,0,0,0,1,0
uncertain,2,heterogeneous,True,86,learned,0,0,0,0,0.0,3,0,0,0,1,0
uncertain,2,heterogeneous,False,87,poisson,0,0,0,0,0.0,3,0,0,0,0,0
uncertain,2,heterogeneous,False,87,fixed,0,0,0,0,0.0,3,0,0,0,0,0
uncertain,2,heterogeneous,False,87,learned,0,0,0,0,0.0,3,0,0,0,0,0
uncertain,2,heterogeneous,True,87,poisson,0,0,0,0,0.0,3,0,0,0,0,0
uncertain,2,heterogeneous,True,87,fixed,0,0,0,0,0.0,3,0,0,0,0,0
uncertain,2,heterogeneous,True,87,learned,0,0,0,0,0.0,3,0,0,0,0,0
uncertain,2,heterogeneous,False,88,poisson,2,0,0,0,0.0,3,0,0,0,1,0
uncertain,2,heterogeneous,False,88,fixed,2,0,0,0,0.0,3,0,0,0,1,0
uncertain,2,heterogeneous,False,88,learned,2,0,0,0,0.0,3,0,0,0,1,0
uncertain,2,heterogeneous,True,88,poisson,2,0,0,0,0.0,3,0,0,0,1,0
uncertain,2,heterogeneous,True,88,fixed,2,0,0,0,0.0,3,0,0,0,1,0
uncertain,2,heterogeneous,True,88,learned,2,0,0,0,0.0,3,0,0,0,1,0
uncertain,2,heterogeneous,False,89,poisson,2,0,0,0,0.0,3,0,0,0,1,0
uncertain,2,heterogeneous,False,89,fixed,2,0,0,0,0.0,3,0,0,0,1,0
uncertain,2,heterogeneous,False,89,learned,2,0,0,0,0.0,3,0,0,0,1,0
uncertain,2,heterogeneous,True,89,poisson,2,0,0,0,0.0,3,0,0,0,1,0
uncertain,2,heterogeneous,True,89,fixed,2,0,0,0,0.0,3,0,0,0,1,0
uncertain,2,heterogeneous,True,89,learned,2,0,0,0,0.0,3,0,0,0,1,0
uncertain,2,heterogeneous,False,90,poisson,0,0,0,0,0.0,3,0,0,0,0,0
uncertain,2,heterogeneous,False,90,fixed,0,0,0,0,0.0,3,0,0,0,0,0
uncertain,2,heterogeneous,False,90,learned,0,0,0,0,0.0,3,0,0,0,0,0
uncertain,2,heterogeneous,True,90,poisson,0,0,0,0,0.0,3,0,0,0,0,0
uncertain,2,heterogeneous,True,90,fixed,0,0,0,0,0.0,3,0,0,0,0,0
uncertain,2,heterogeneous,True,90,learned,0,0,0,0,0.0,3,0,0,0,0,0
uncertain,2,heterogeneous,False,91,poisson,2,0,0,0,0.0,3,0,1,0,1,0
uncertain,2,heterogeneous,False,91,fixed,2,0,0,0,0.0,3,0,1,0,1,0
uncertain,2,heterogeneous,False,91,learned,2,0,0,0,0.0,3,0,1,0,1,0
uncertain,2,heterogeneous,True,91,poisson,2,0,0,0,0.0,3,0,1,0,1,0
uncertain,2,heterogeneous,True,91,fixed,2,0,0,0,0.0,3,0,1,0,1,0
uncertain,2,heterogeneous,True,91,learned,2,0,0,0,0.0,3,0,1,0,1,0
uncertain,2,heterogeneous,False,92,poisson,4,0,0,0,0.0,3,0,0,0,0,0
uncertain,2,heterogeneous,False,92,fixed,4,0,0,0,0.0,3,0,0,0,0,0
uncertain,2,heterogeneous,False,92,learned,4,0,0,0,0.0,3,0,0,0,0,0
uncertain,2,heterogeneous,True,92,poisson,4,0,0,0,0.0,3,0,0,0,0,0
uncertain,2,heterogeneous,True,92,fixed,4,0,0,0,0.0,3,0,0,0,0,0
uncertain,2,heterogeneous,True,92,learned,4,0,0,0,0.0,3,0,0,0,0,0
uncertain,2,heterogeneous,False,93,poisson,0,0,0,0,0.0,3,0,0,0,0,0
uncertain,2,heterogeneous,False,93,fixed,0,0,0,0,0.0,3,0,0,0,0,0
uncertain,2,heterogeneous,False,93,learned,0,0,0,0,0.0,3,0,0,0,0,0
uncertain,2,heterogeneous,True,93,poisson,0,0,0,0,0.0,3,0,0,0,0,0
uncertain,2,heterogeneous,True,93,fixed,0,0,0,0,0.0,3,0,0,0,0,0
uncertain,2,heterogeneous,True,93,learned,0,0,0,0,0.0,3,0,0,0,0,0
uncertain,2,heterogeneous,False,94,poisson,0,0,0,0,0.0,3,0,1,0,1,0
uncertain,2,heterogeneous,False,94,fixed,0,0,0,0,0.0,3,0,1,0,1,0
uncertain,2,heterogeneous,False,94,learned,0,0,0,0,0.0,3,0,1,0,1,0
uncertain,2,heterogeneous,True,94,poisson,0,0,0,0,0.0,3,0,1,0,1,0
uncertain,2,heterogeneous,True,94,fixed,0,0,0,0,0.0,3,0,1,0,1,0
uncertain,2,heterogeneous,True,94,learned,0,0,0,0,0.0,3,0,1,0,1,0
uncertain,2,heterogeneous,False,95,poisson,2,0,0,0,0.0,3,0,1,0,1,0
uncertain,2,heterogeneous,False,95,fixed,2,0,0,0,0.0,3,0,1,0,1,0
uncertain,2,heterogeneous,False,95,learned,2,0,0,0,0.0,3,0,1,0,1,0
uncertain,2,heterogeneous,True,95,poisson,2,0,0,0,0.0,3,0,1,0,1,0
uncertain,2,heterogeneous,True,95,fixed,2,0,0,0,0.0,3,0,1,0,1,0
uncertain,2,heterogeneous,True,95,learned,2,0,0,0,0.0,3,0,1,0,1,0
uncertain,2,heterogeneous,False,96,poisson,2,0,0,0,0.0,3,0,0,0,1,0
uncertain,2,heterogeneous,False,96,fixed,2,0,0,0,0.0,3,0,0,0,1,0
uncertain,2,heterogeneous,False,96,learned,2,0,0,0,0.0,3,0,0,0,1,0
uncertain,2,heterogeneous,True,96,poisson,2,0,0,0,0.0,3,0,0,0,1,0
uncertain,2,heterogeneous,True,96,fixed,2,0,0,0,0.0,3,0,0,0,1,0
uncertain,2,heterogeneous,True,96,learned,2,0,0,0,0.0,3,0,0,0,1,0
uncertain,2,heterogeneous,False,97,poisson,2,0,0,0,0.0,3,0,0,0,0,0
uncertain,2,heterogeneous,False,97,fixed,2,0,0,0,0.0,3,0,0,0,0,0
uncertain,2,heterogeneous,False,97,learned,2,0,0,0,0.0,3,0,0,0,0,0
uncertain,2,heterogeneous,True,97,poisson,2,0,0,0,0.0,3,0,0,0,0,0
uncertain,2,heterogeneous,True,97,fixed,2,0,0,0,0.0,3,0,0,0,0,0
uncertain,2,heterogeneous,True,97,learned,2,0,0,0,0.0,3,0,0,0,0,0
uncertain,2,heterogeneous,False,98,poisson,4,0,0,0,0.0,3,0,0,0,0,0
uncertain,2,heterogeneous,False,98,fixed,4,0,0,0,0.0,3,0,0,0,0,0
uncertain,2,heterogeneous,False,98,learned,4,0,0,0,0.0,3,0,0,0,0,0
uncertain,2,heterogeneous,True,98,poisson,4,0,0,0,0.0,3,0,0,0,0,0
uncertain,2,heterogeneous,True,98,fixed,4,0,0,0,0.0,3,0,0,0,0,0
uncertain,2,heterogeneous,True,98,learned,4,0,0,0,0.0,3,0,0,0,0,0
uncertain,2,heterogeneous,False,99,poisson,6,0,0,0,0.0,3,0,0,0,1,0
uncertain,2,heterogeneous,False,99,fixed,6,0,0,0,0.0,3,0,0,0,1,0
uncertain,2,heterogeneous,False,99,learned,6,0,0,0,0.0,3,0,0,0,1,0
uncertain,2,heterogeneous,True,99,poisson,6,0,0,0,0.0,3,0,0,0,1,0
uncertain,2,heterogeneous,True,99,fixed,6,0,0,0,0.0,3,0,0,0,1,0
uncertain,2,heterogeneous,True,99,learned,6,0,0,0,0.0,3,0,0,0,1,0
uncertain,4,null,False,0,poisson,2,0,0,0,0.0,0,0,0,0,0,0
uncertain,4,null,False,0,fixed,2,0,0,0,0.0,0,0,0,0,0,0
uncertain,4,null,False,0,learned,2,0,0,0,0.0,0,0,0,0,0,0
uncertain,4,null,True,0,poisson,2,0,0,0,0.0,0,0,0,0,0,0
uncertain,4,null,True,0,fixed,2,0,0,0,0.0,0,0,0,0,0,0
uncertain,4,null,True,0,learned,2,0,0,0,0.0,0,0,0,0,0,0
uncertain,4,null,False,1,poisson,6,0,0,0,0.0,0,0,0,0,0,0
uncertain,4,null,False,1,fixed,6,0,0,0,0.0,0,0,0,0,0,0
uncertain,4,null,False,1,learned,6,0,0,0,0.0,0,0,0,0,0,0
uncertain,4,null,True,1,poisson,6,0,0,0,0.0,0,0,0,0,0,0
uncertain,4,null,True,1,fixed,6,0,0,0,0.0,0,0,0,0,0,0
uncertain,4,null,True,1,learned,6,0,0,0,0.0,0,0,0,0,0,0
uncertain,4,null,False,2,poisson,4,0,0,0,0.0,0,0,0,0,0,0
uncertain,4,null,False,2,fixed,4,0,0,0,0.0,0,0,0,0,0,0
uncertain,4,null,False,2,learned,4,0,0,0,0.0,0,0,0,0,0,0
uncertain,4,null,True,2,poisson,4,0,0,0,0.0,0,0,0,0,0,0
uncertain,4,null,True,2,fixed,4,0,0,0,0.0,0,0,0,0,0,0
uncertain,4,null,True,2,learned,4,0,0,0,0.0,0,0,0,0,0,0
uncertain,4,null,False,3,poisson,4,0,0,0,0.0,0,0,0,0,0,0
uncertain,4,null,False,3,fixed,4,0,0,0,0.0,0,0,0,0,0,0
uncertain,4,null,False,3,learned,4,0,0,0,0.0,0,0,0,0,0,0
uncertain,4,null,True,3,poisson,4,0,0,0,0.0,0,0,0,0,0,0
uncertain,4,null,True,3,fixed,4,0,0,0,0.0,0,0,0,0,0,0
uncertain,4,null,True,3,learned,4,0,0,0,0.0,0,0,0,0,0,0
uncertain,4,null,False,4,poisson,8,0,0,0,0.0,0,0,0,0,0,0
uncertain,4,null,False,4,fixed,8,0,0,0,0.0,0,0,0,0,0,0
uncertain,4,null,False,4,learned,8,0,0,0,0.0,0,0,0,0,0,0
uncertain,4,null,True,4,poisson,8,0,0,0,0.0,0,0,0,0,0,0
uncertain,4,null,True,4,fixed,8,0,0,0,0.0,0,0,0,0,0,0
uncertain,4,null,True,4,learned,8,0,0,0,0.0,0,0,0,0,0,0
uncertain,4,null,False,5,poisson,2,0,0,0,0.0,0,0,0,0,0,0
uncertain,4,null,False,5,fixed,2,0,0,0,0.0,0,0,0,0,0,0
uncertain,4,null,False,5,learned,2,0,0,0,0.0,0,0,0,0,0,0
uncertain,4,null,True,5,poisson,2,0,0,0,0.0,0,0,0,0,0,0
uncertain,4,null,True,5,fixed,2,0,0,0,0.0,0,0,0,0,0,0
uncertain,4,null,True,5,learned,2,0,0,0,0.0,0,0,0,0,0,0
uncertain,4,null,False,6,poisson,6,0,0,0,0.0,0,0,0,0,0,0
uncertain,4,null,False,6,fixed,6,0,0,0,0.0,0,0,0,0,0,0
uncertain,4,null,False,6,learned,6,0,0,0,0.0,0,0,0,0,0,0
uncertain,4,null,True,6,poisson,6,0,0,0,0.0,0,0,0,0,0,0
uncertain,4,null,True,6,fixed,6,0,0,0,0.0,0,0,0,0,0,0
uncertain,4,null,True,6,learned,6,0,0,0,0.0,0,0,0,0,0,0
uncertain,4,null,False,7,poisson,8,0,0,0,0.0,0,0,0,0,0,0
uncertain,4,null,False,7,fixed,8,0,0,0,0.0,0,0,0,0,0,0
uncertain,4,null,False,7,learned,8,0,0,0,0.0,0,0,0,0,0,0
uncertain,4,null,True,7,poisson,8,0,0,0,0.0,0,0,0,0,0,0
uncertain,4,null,True,7,fixed,8,0,0,0,0.0,0,0,0,0,0,0
uncertain,4,null,True,7,learned,8,0,0,0,0.0,0,0,0,0,0,0
uncertain,4,null,False,8,poisson,4,0,0,0,0.0,0,0,0,0,0,0
uncertain,4,null,False,8,fixed,4,0,0,0,0.0,0,0,0,0,0,0
uncertain,4,null,False,8,learned,4,0,0,0,0.0,0,0,0,0,0,0
uncertain,4,null,True,8,poisson,4,0,0,0,0.0,0,0,0,0,0,0
uncertain,4,null,True,8,fixed,4,0,0,0,0.0,0,0,0,0,0,0
uncertain,4,null,True,8,learned,4,0,0,0,0.0,0,0,0,0,0,0
uncertain,4,null,False,9,poisson,6,0,0,0,0.0,0,0,0,0,0,0
uncertain,4,null,False,9,fixed,6,0,0,0,0.0,0,0,0,0,0,0
uncertain,4,null,False,9,learned,6,0,0,0,0.0,0,0,0,0,0,0
uncertain,4,null,True,9,poisson,6,0,0,0,0.0,0,0,0,0,0,0
uncertain,4,null,True,9,fixed,6,0,0,0,0.0,0,0,0,0,0,0
uncertain,4,null,True,9,learned,6,0,0,0,0.0,0,0,0,0,0,0
uncertain,4,null,False,10,poisson,6,0,0,0,0.0,0,0,0,0,0,0
uncertain,4,null,False,10,fixed,6,0,0,0,0.0,0,0,0,0,0,0
uncertain,4,null,False,10,learned,6,0,0,0,0.0,0,0,0,0,0,0
uncertain,4,null,True,10,poisson,6,0,0,0,0.0,0,0,0,0,0,0
uncertain,4,null,True,10,fixed,6,0,0,0,0.0,0,0,0,0,0,0
uncertain,4,null,True,10,learned,6,0,0,0,0.0,0,0,0,0,0,0
uncertain,4,null,False,11,poisson,4,0,0,0,0.0,0,0,0,0,0,0
uncertain,4,null,False,11,fixed,4,0,0,0,0.0,0,0,0,0,0,0
uncertain,4,null,False,11,learned,4,0,0,0,0.0,0,0,0,0,0,0
uncertain,4,null,True,11,poisson,4,0,0,0,0.0,0,0,0,0,0,0
uncertain,4,null,True,11,fixed,4,0,0,0,0.0,0,0,0,0,0,0
uncertain,4,null,True,11,learned,4,0,0,0,0.0,0,0,0,0,0,0
uncertain,4,null,False,12,poisson,4,0,0,0,0.0,0,0,0,0,0,0
uncertain,4,null,False,12,fixed,4,0,0,0,0.0,0,0,0,0,0,0
uncertain,4,null,False,12,learned,4,0,0,0,0.0,0,0,0,0,0,0
uncertain,4,null,True,12,poisson,4,0,0,0,0.0,0,0,0,0,0,0
uncertain,4,null,True,12,fixed,4,0,0,0,0.0,0,0,0,0,0,0
uncertain,4,null,True,12,learned,4,0,0,0,0.0,0,0,0,0,0,0
uncertain,4,null,False,13,poisson,0,0,0,0,0.0,0,0,0,0,0,0
uncertain,4,null,False,13,fixed,0,0,0,0,0.0,0,0,0,0,0,0
uncertain,4,null,False,13,learned,0,0,0,0,0.0,0,0,0,0,0,0
uncertain,4,null,True,13,poisson,0,0,0,0,0.0,0,0,0,0,0,0
uncertain,4,null,True,13,fixed,0,0,0,0,0.0,0,0,0,0,0,0
uncertain,4,null,True,13,learned,0,0,0,0,0.0,0,0,0,0,0,0
uncertain,4,null,False,14,poisson,8,2,2,1,1.0,0,0,0,0,0,0
uncertain,4,null,False,14,fixed,8,0,0,0,0.0,0,0,0,0,0,0
uncertain,4,null,False,14,learned,8,0,0,0,0.0,0,0,0,0,0,0
uncertain,4,null,True,14,poisson,8,2,2,1,1.0,0,0,0,0,0,0
uncertain,4,null,True,14,fixed,8,0,0,0,0.0,0,0,0,0,0,0
uncertain,4,null,True,14,learned,8,0,0,0,0.0,0,0,0,0,0,0
uncertain,4,null,False,15,poisson,6,0,0,0,0.0,0,0,0,0,0,0
uncertain,4,null,False,15,fixed,6,0,0,0,0.0,0,0,0,0,0,0
uncertain,4,null,False,15,learned,6,0,0,0,0.0,0,0,0,0,0,0
uncertain,4,null,True,15,poisson,6,0,0,0,0.0,0,0,0,0,0,0
uncertain,4,null,True,15,fixed,6,0,0,0,0.0,0,0,0,0,0,0
uncertain,4,null,True,15,learned,6,0,0,0,0.0,0,0,0,0,0,0
uncertain,4,null,False,16,poisson,2,0,0,0,0.0,0,0,0,0,0,0
uncertain,4,null,False,16,fixed,2,0,0,0,0.0,0,0,0,0,0,0
uncertain,4,null,False,16,learned,2,0,0,0,0.0,0,0,0,0,0,0
uncertain,4,null,True,16,poisson,2,0,0,0,0.0,0,0,0,0,0,0
uncertain,4,null,True,16,fixed,2,0,0,0,0.0,0,0,0,0,0,0
uncertain,4,null,True,16,learned,2,0,0,0,0.0,0,0,0,0,0,0
uncertain,4,null,False,17,poisson,2,0,0,0,0.0,0,0,0,0,0,0
uncertain,4,null,False,17,fixed,2,0,0,0,0.0,0,0,0,0,0,0
uncertain,4,null,False,17,learned,2,0,0,0,0.0,0,0,0,0,0,0
uncertain,4,null,True,17,poisson,2,0,0,0,0.0,0,0,0,0,0,0
uncertain,4,null,True,17,fixed,2,0,0,0,0.0,0,0,0,0,0,0
uncertain,4,null,True,17,learned,2,0,0,0,0.0,0,0,0,0,0,0
uncertain,4,null,False,18,poisson,6,0,0,0,0.0,0,0,0,0,0,0
uncertain,4,null,False,18,fixed,6,0,0,0,0.0,0,0,0,0,0,0
uncertain,4,null,False,18,learned,6,0,0,0,0.0,0,0,0,0,0,0
uncertain,4,null,True,18,poisson,6,0,0,0,0.0,0,0,0,0,0,0
uncertain,4,null,True,18,fixed,6,0,0,0,0.0,0,0,0,0,0,0
uncertain,4,null,True,18,learned,6,0,0,0,0.0,0,0,0,0,0,0
uncertain,4,null,False,19,poisson,2,0,0,0,0.0,0,0,0,0,0,0
uncertain,4,null,False,19,fixed,2,0,0,0,0.0,0,0,0,0,0,0
uncertain,4,null,False,19,learned,2,0,0,0,0.0,0,0,0,0,0,0
uncertain,4,null,True,19,poisson,2,0,0,0,0.0,0,0,0,0,0,0
uncertain,4,null,True,19,fixed,2,0,0,0,0.0,0,0,0,0,0,0
uncertain,4,null,True,19,learned,2,0,0,0,0.0,0,0,0,0,0,0
uncertain,4,null,False,20,poisson,2,2,2,1,1.0,0,0,0,0,0,0
uncertain,4,null,False,20,fixed,2,0,0,0,0.0,0,0,0,0,0,0
uncertain,4,null,False,20,learned,2,0,0,0,0.0,0,0,0,0,0,0
uncertain,4,null,True,20,poisson,2,2,2,1,1.0,0,0,0,0,0,0
uncertain,4,null,True,20,fixed,2,0,0,0,0.0,0,0,0,0,0,0
uncertain,4,null,True,20,learned,2,0,0,0,0.0,0,0,0,0,0,0
uncertain,4,null,False,21,poisson,4,0,0,0,0.0,0,0,0,0,0,0
uncertain,4,null,False,21,fixed,4,0,0,0,0.0,0,0,0,0,0,0
uncertain,4,null,False,21,learned,4,0,0,0,0.0,0,0,0,0,0,0
uncertain,4,null,True,21,poisson,4,0,0,0,0.0,0,0,0,0,0,0
uncertain,4,null,True,21,fixed,4,0,0,0,0.0,0,0,0,0,0,0
uncertain,4,null,True,21,learned,4,0,0,0,0.0,0,0,0,0,0,0
uncertain,4,null,False,22,poisson,6,0,0,0,0.0,0,0,0,0,0,0
uncertain,4,null,False,22,fixed,6,0,0,0,0.0,0,0,0,0,0,0
uncertain,4,null,False,22,learned,6,0,0,0,0.0,0,0,0,0,0,0
uncertain,4,null,True,22,poisson,6,0,0,0,0.0,0,0,0,0,0,0
uncertain,4,null,True,22,fixed,6,0,0,0,0.0,0,0,0,0,0,0
uncertain,4,null,True,22,learned,6,0,0,0,0.0,0,0,0,0,0,0
uncertain,4,null,False,23,poisson,2,0,0,0,0.0,0,0,0,0,0,0
uncertain,4,null,False,23,fixed,2,0,0,0,0.0,0,0,0,0,0,0
uncertain,4,null,False,23,learned,2,0,0,0,0.0,0,0,0,0,0,0
uncertain,4,null,True,23,poisson,2,0,0,0,0.0,0,0,0,0,0,0
uncertain,4,null,True,23,fixed,2,0,0,0,0.0,0,0,0,0,0,0
uncertain,4,null,True,23,learned,2,0,0,0,0.0,0,0,0,0,0,0
uncertain,4,null,False,24,poisson,2,0,0,0,0.0,0,0,0,0,0,0
uncertain,4,null,False,24,fixed,2,0,0,0,0.0,0,0,0,0,0,0
uncertain,4,null,False,24,learned,2,0,0,0,0.0,0,0,0,0,0,0
uncertain,4,null,True,24,poisson,2,0,0,0,0.0,0,0,0,0,0,0
uncertain,4,null,True,24,fixed,2,0,0,0,0.0,0,0,0,0,0,0
uncertain,4,null,True,24,learned,2,0,0,0,0.0,0,0,0,0,0,0
uncertain,4,null,False,25,poisson,6,0,0,0,0.0,0,0,0,0,0,0
uncertain,4,null,False,25,fixed,6,0,0,0,0.0,0,0,0,0,0,0
uncertain,4,null,False,25,learned,6,0,0,0,0.0,0,0,0,0,0,0
uncertain,4,null,True,25,poisson,6,0,0,0,0.0,0,0,0,0,0,0
uncertain,4,null,True,25,fixed,6,0,0,0,0.0,0,0,0,0,0,0
uncertain,4,null,True,25,learned,6,0,0,0,0.0,0,0,0,0,0,0
uncertain,4,null,False,26,poisson,4,0,0,0,0.0,0,0,0,0,0,0
uncertain,4,null,False,26,fixed,4,0,0,0,0.0,0,0,0,0,0,0
uncertain,4,null,False,26,learned,4,0,0,0,0.0,0,0,0,0,0,0
uncertain,4,null,True,26,poisson,4,0,0,0,0.0,0,0,0,0,0,0
uncertain,4,null,True,26,fixed,4,0,0,0,0.0,0,0,0,0,0,0
uncertain,4,null,True,26,learned,4,0,0,0,0.0,0,0,0,0,0,0
uncertain,4,null,False,27,poisson,8,0,0,0,0.0,0,0,0,0,0,0
uncertain,4,null,False,27,fixed,8,0,0,0,0.0,0,0,0,0,0,0
uncertain,4,null,False,27,learned,8,0,0,0,0.0,0,0,0,0,0,0
uncertain,4,null,True,27,poisson,8,0,0,0,0.0,0,0,0,0,0,0
uncertain,4,null,True,27,fixed,8,0,0,0,0.0,0,0,0,0,0,0
uncertain,4,null,True,27,learned,8,0,0,0,0.0,0,0,0,0,0,0
uncertain,4,null,False,28,poisson,2,0,0,0,0.0,0,0,0,0,0,0
uncertain,4,null,False,28,fixed,2,0,0,0,0.0,0,0,0,0,0,0
uncertain,4,null,False,28,learned,2,0,0,0,0.0,0,0,0,0,0,0
uncertain,4,null,True,28,poisson,2,0,0,0,0.0,0,0,0,0,0,0
uncertain,4,null,True,28,fixed,2,0,0,0,0.0,0,0,0,0,0,0
uncertain,4,null,True,28,learned,2,0,0,0,0.0,0,0,0,0,0,0
uncertain,4,null,False,29,poisson,2,0,0,0,0.0,0,0,0,0,0,0
uncertain,4,null,False,29,fixed,2,0,0,0,0.0,0,0,0,0,0,0
uncertain,4,null,False,29,learned,2,0,0,0,0.0,0,0,0,0,0,0
uncertain,4,null,True,29,poisson,2,0,0,0,0.0,0,0,0,0,0,0
uncertain,4,null,True,29,fixed,2,0,0,0,0.0,0,0,0,0,0,0
uncertain,4,null,True,29,learned,2,0,0,0,0.0,0,0,0,0,0,0
uncertain,4,null,False,30,poisson,6,2,2,1,1.0,0,0,0,0,0,0
uncertain,4,null,False,30,fixed,6,0,0,0,0.0,0,0,0,0,0,0
uncertain,4,null,False,30,learned,6,0,0,0,0.0,0,0,0,0,0,0
uncertain,4,null,True,30,poisson,6,2,2,1,1.0,0,0,0,0,0,0
uncertain,4,null,True,30,fixed,6,0,0,0,0.0,0,0,0,0,0,0
uncertain,4,null,True,30,learned,6,0,0,0,0.0,0,0,0,0,0,0
uncertain,4,null,False,31,poisson,4,0,0,0,0.0,0,0,0,0,0,0
uncertain,4,null,False,31,fixed,4,0,0,0,0.0,0,0,0,0,0,0
uncertain,4,null,False,31,learned,4,0,0,0,0.0,0,0,0,0,0,0
uncertain,4,null,True,31,poisson,4,0,0,0,0.0,0,0,0,0,0,0
uncertain,4,null,True,31,fixed,4,0,0,0,0.0,0,0,0,0,0,0
uncertain,4,null,True,31,learned,4,0,0,0,0.0,0,0,0,0,0,0
uncertain,4,null,False,32,poisson,6,0,0,0,0.0,0,0,0,0,0,0
uncertain,4,null,False,32,fixed,6,0,0,0,0.0,0,0,0,0,0,0
uncertain,4,null,False,32,learned,6,0,0,0,0.0,0,0,0,0,0,0
uncertain,4,null,True,32,poisson,6,0,0,0,0.0,0,0,0,0,0,0
uncertain,4,null,True,32,fixed,6,0,0,0,0.0,0,0,0,0,0,0
uncertain,4,null,True,32,learned,6,0,0,0,0.0,0,0,0,0,0,0
uncertain,4,null,False,33,poisson,4,0,0,0,0.0,0,0,0,0,0,0
uncertain,4,null,False,33,fixed,4,0,0,0,0.0,0,0,0,0,0,0
uncertain,4,null,False,33,learned,4,0,0,0,0.0,0,0,0,0,0,0
uncertain,4,null,True,33,poisson,4,0,0,0,0.0,0,0,0,0,0,0
uncertain,4,null,True,33,fixed,4,0,0,0,0.0,0,0,0,0,0,0
uncertain,4,null,True,33,learned,4,0,0,0,0.0,0,0,0,0,0,0
uncertain,4,null,False,34,poisson,0,0,0,0,0.0,0,0,0,0,0,0
uncertain,4,null,False,34,fixed,0,0,0,0,0.0,0,0,0,0,0,0
uncertain,4,null,False,34,learned,0,0,0,0,0.0,0,0,0,0,0,0
uncertain,4,null,True,34,poisson,0,0,0,0,0.0,0,0,0,0,0,0
uncertain,4,null,True,34,fixed,0,0,0,0,0.0,0,0,0,0,0,0
uncertain,4,null,True,34,learned,0,0,0,0,0.0,0,0,0,0,0,0
uncertain,4,null,False,35,poisson,0,0,0,0,0.0,0,0,0,0,0,0
uncertain,4,null,False,35,fixed,0,0,0,0,0.0,0,0,0,0,0,0
uncertain,4,null,False,35,learned,0,0,0,0,0.0,0,0,0,0,0,0
uncertain,4,null,True,35,poisson,0,0,0,0,0.0,0,0,0,0,0,0
uncertain,4,null,True,35,fixed,0,0,0,0,0.0,0,0,0,0,0,0
uncertain,4,null,True,35,learned,0,0,0,0,0.0,0,0,0,0,0,0
uncertain,4,null,False,36,poisson,4,0,0,0,0.0,0,0,0,0,0,0
uncertain,4,null,False,36,fixed,4,0,0,0,0.0,0,0,0,0,0,0
uncertain,4,null,False,36,learned,4,0,0,0,0.0,0,0,0,0,0,0
uncertain,4,null,True,36,poisson,4,0,0,0,0.0,0,0,0,0,0,0
uncertain,4,null,True,36,fixed,4,0,0,0,0.0,0,0,0,0,0,0
uncertain,4,null,True,36,learned,4,0,0,0,0.0,0,0,0,0,0,0
uncertain,4,null,False,37,poisson,4,0,0,0,0.0,0,0,0,0,0,0
uncertain,4,null,False,37,fixed,4,0,0,0,0.0,0,0,0,0,0,0
uncertain,4,null,False,37,learned,4,0,0,0,0.0,0,0,0,0,0,0
uncertain,4,null,True,37,poisson,4,0,0,0,0.0,0,0,0,0,0,0
uncertain,4,null,True,37,fixed,4,0,0,0,0.0,0,0,0,0,0,0
uncertain,4,null,True,37,learned,4,0,0,0,0.0,0,0,0,0,0,0
uncertain,4,null,False,38,poisson,2,0,0,0,0.0,0,0,0,0,0,0
uncertain,4,null,False,38,fixed,2,0,0,0,0.0,0,0,0,0,0,0
uncertain,4,null,False,38,learned,2,0,0,0,0.0,0,0,0,0,0,0
uncertain,4,null,True,38,poisson,2,0,0,0,0.0,0,0,0,0,0,0
uncertain,4,null,True,38,fixed,2,0,0,0,0.0,0,0,0,0,0,0
uncertain,4,null,True,38,learned,2,0,0,0,0.0,0,0,0,0,0,0
uncertain,4,null,False,39,poisson,2,0,0,0,0.0,0,0,0,0,0,0
uncertain,4,null,False,39,fixed,2,0,0,0,0.0,0,0,0,0,0,0
uncertain,4,null,False,39,learned,2,0,0,0,0.0,0,0,0,0,0,0
uncertain,4,null,True,39,poisson,2,0,0,0,0.0,0,0,0,0,0,0
uncertain,4,null,True,39,fixed,2,0,0,0,0.0,0,0,0,0,0,0
uncertain,4,null,True,39,learned,2,0,0,0,0.0,0,0,0,0,0,0
uncertain,4,null,False,40,poisson,4,0,0,0,0.0,0,0,0,0,0,0
uncertain,4,null,False,40,fixed,4,0,0,0,0.0,0,0,0,0,0,0
uncertain,4,null,False,40,learned,4,0,0,0,0.0,0,0,0,0,0,0
uncertain,4,null,True,40,poisson,4,0,0,0,0.0,0,0,0,0,0,0
uncertain,4,null,True,40,fixed,4,0,0,0,0.0,0,0,0,0,0,0
uncertain,4,null,True,40,learned,4,0,0,0,0.0,0,0,0,0,0,0
uncertain,4,null,False,41,poisson,4,0,0,0,0.0,0,0,0,0,0,0
uncertain,4,null,False,41,fixed,4,0,0,0,0.0,0,0,0,0,0,0
uncertain,4,null,False,41,learned,4,0,0,0,0.0,0,0,0,0,0,0
uncertain,4,null,True,41,poisson,4,0,0,0,0.0,0,0,0,0,0,0
uncertain,4,null,True,41,fixed,4,0,0,0,0.0,0,0,0,0,0,0
uncertain,4,null,True,41,learned,4,0,0,0,0.0,0,0,0,0,0,0
uncertain,4,null,False,42,poisson,2,0,0,0,0.0,0,0,0,0,0,0
uncertain,4,null,False,42,fixed,2,0,0,0,0.0,0,0,0,0,0,0
uncertain,4,null,False,42,learned,2,0,0,0,0.0,0,0,0,0,0,0
uncertain,4,null,True,42,poisson,2,0,0,0,0.0,0,0,0,0,0,0
uncertain,4,null,True,42,fixed,2,0,0,0,0.0,0,0,0,0,0,0
uncertain,4,null,True,42,learned,2,0,0,0,0.0,0,0,0,0,0,0
uncertain,4,null,False,43,poisson,2,0,0,0,0.0,0,0,0,0,0,0
uncertain,4,null,False,43,fixed,2,0,0,0,0.0,0,0,0,0,0,0
uncertain,4,null,False,43,learned,2,0,0,0,0.0,0,0,0,0,0,0
uncertain,4,null,True,43,poisson,2,0,0,0,0.0,0,0,0,0,0,0
uncertain,4,null,True,43,fixed,2,0,0,0,0.0,0,0,0,0,0,0
uncertain,4,null,True,43,learned,2,0,0,0,0.0,0,0,0,0,0,0
uncertain,4,null,False,44,poisson,8,0,0,0,0.0,0,0,0,0,0,0
uncertain,4,null,False,44,fixed,8,0,0,0,0.0,0,0,0,0,0,0
uncertain,4,null,False,44,learned,8,0,0,0,0.0,0,0,0,0,0,0
uncertain,4,null,True,44,poisson,8,0,0,0,0.0,0,0,0,0,0,0
uncertain,4,null,True,44,fixed,8,0,0,0,0.0,0,0,0,0,0,0
uncertain,4,null,True,44,learned,8,0,0,0,0.0,0,0,0,0,0,0
uncertain,4,null,False,45,poisson,2,0,0,0,0.0,0,0,0,0,0,0
uncertain,4,null,False,45,fixed,2,0,0,0,0.0,0,0,0,0,0,0
uncertain,4,null,False,45,learned,2,0,0,0,0.0,0,0,0,0,0,0
uncertain,4,null,True,45,poisson,2,0,0,0,0.0,0,0,0,0,0,0
uncertain,4,null,True,45,fixed,2,0,0,0,0.0,0,0,0,0,0,0
uncertain,4,null,True,45,learned,2,0,0,0,0.0,0,0,0,0,0,0
uncertain,4,null,False,46,poisson,8,0,0,0,0.0,0,0,0,0,0,0
uncertain,4,null,False,46,fixed,8,0,0,0,0.0,0,0,0,0,0,0
uncertain,4,null,False,46,learned,8,0,0,0,0.0,0,0,0,0,0,0
uncertain,4,null,True,46,poisson,8,0,0,0,0.0,0,0,0,0,0,0
uncertain,4,null,True,46,fixed,8,0,0,0,0.0,0,0,0,0,0,0
uncertain,4,null,True,46,learned,8,0,0,0,0.0,0,0,0,0,0,0
uncertain,4,null,False,47,poisson,4,0,0,0,0.0,0,0,0,0,0,0
uncertain,4,null,False,47,fixed,4,0,0,0,0.0,0,0,0,0,0,0
uncertain,4,null,False,47,learned,4,0,0,0,0.0,0,0,0,0,0,0
uncertain,4,null,True,47,poisson,4,0,0,0,0.0,0,0,0,0,0,0
uncertain,4,null,True,47,fixed,4,0,0,0,0.0,0,0,0,0,0,0
uncertain,4,null,True,47,learned,4,0,0,0,0.0,0,0,0,0,0,0
uncertain,4,null,False,48,poisson,0,0,0,0,0.0,0,0,0,0,0,0
uncertain,4,null,False,48,fixed,0,0,0,0,0.0,0,0,0,0,0,0
uncertain,4,null,False,48,learned,0,0,0,0,0.0,0,0,0,0,0,0
uncertain,4,null,True,48,poisson,0,0,0,0,0.0,0,0,0,0,0,0
uncertain,4,null,True,48,fixed,0,0,0,0,0.0,0,0,0,0,0,0
uncertain,4,null,True,48,learned,0,0,0,0,0.0,0,0,0,0,0,0
uncertain,4,null,False,49,poisson,4,0,0,0,0.0,0,0,0,0,0,0
uncertain,4,null,False,49,fixed,4,0,0,0,0.0,0,0,0,0,0,0
uncertain,4,null,False,49,learned,4,0,0,0,0.0,0,0,0,0,0,0
uncertain,4,null,True,49,poisson,4,0,0,0,0.0,0,0,0,0,0,0
uncertain,4,null,True,49,fixed,4,0,0,0,0.0,0,0,0,0,0,0
uncertain,4,null,True,49,learned,4,0,0,0,0.0,0,0,0,0,0,0
uncertain,4,null,False,50,poisson,0,0,0,0,0.0,0,0,0,0,0,0
uncertain,4,null,False,50,fixed,0,0,0,0,0.0,0,0,0,0,0,0
uncertain,4,null,False,50,learned,0,0,0,0,0.0,0,0,0,0,0,0
uncertain,4,null,True,50,poisson,0,0,0,0,0.0,0,0,0,0,0,0
uncertain,4,null,True,50,fixed,0,0,0,0,0.0,0,0,0,0,0,0
uncertain,4,null,True,50,learned,0,0,0,0,0.0,0,0,0,0,0,0
uncertain,4,null,False,51,poisson,2,0,0,0,0.0,0,0,0,0,0,0
uncertain,4,null,False,51,fixed,2,0,0,0,0.0,0,0,0,0,0,0
uncertain,4,null,False,51,learned,2,0,0,0,0.0,0,0,0,0,0,0
uncertain,4,null,True,51,poisson,2,0,0,0,0.0,0,0,0,0,0,0
uncertain,4,null,True,51,fixed,2,0,0,0,0.0,0,0,0,0,0,0
uncertain,4,null,True,51,learned,2,0,0,0,0.0,0,0,0,0,0,0
uncertain,4,null,False,52,poisson,8,0,0,0,0.0,0,0,0,0,0,0
uncertain,4,null,False,52,fixed,8,0,0,0,0.0,0,0,0,0,0,0
uncertain,4,null,False,52,learned,8,0,0,0,0.0,0,0,0,0,0,0
uncertain,4,null,True,52,poisson,8,0,0,0,0.0,0,0,0,0,0,0
uncertain,4,null,True,52,fixed,8,0,0,0,0.0,0,0,0,0,0,0
uncertain,4,null,True,52,learned,8,0,0,0,0.0,0,0,0,0,0,0
uncertain,4,null,False,53,poisson,4,0,0,0,0.0,0,0,0,0,0,0
uncertain,4,null,False,53,fixed,4,0,0,0,0.0,0,0,0,0,0,0
uncertain,4,null,False,53,learned,4,0,0,0,0.0,0,0,0,0,0,0
uncertain,4,null,True,53,poisson,4,0,0,0,0.0,0,0,0,0,0,0
uncertain,4,null,True,53,fixed,4,0,0,0,0.0,0,0,0,0,0,0
uncertain,4,null,True,53,learned,4,0,0,0,0.0,0,0,0,0,0,0
uncertain,4,null,False,54,poisson,4,0,0,0,0.0,0,0,0,0,0,0
uncertain,4,null,False,54,fixed,4,0,0,0,0.0,0,0,0,0,0,0
uncertain,4,null,False,54,learned,4,0,0,0,0.0,0,0,0,0,0,0
uncertain,4,null,True,54,poisson,4,0,0,0,0.0,0,0,0,0,0,0
uncertain,4,null,True,54,fixed,4,0,0,0,0.0,0,0,0,0,0,0
uncertain,4,null,True,54,learned,4,0,0,0,0.0,0,0,0,0,0,0
uncertain,4,null,False,55,poisson,4,0,0,0,0.0,0,0,0,0,0,0
uncertain,4,null,False,55,fixed,4,0,0,0,0.0,0,0,0,0,0,0
uncertain,4,null,False,55,learned,4,0,0,0,0.0,0,0,0,0,0,0
uncertain,4,null,True,55,poisson,4,0,0,0,0.0,0,0,0,0,0,0
uncertain,4,null,True,55,fixed,4,0,0,0,0.0,0,0,0,0,0,0
uncertain,4,null,True,55,learned,4,0,0,0,0.0,0,0,0,0,0,0
uncertain,4,null,False,56,poisson,2,2,2,1,1.0,0,0,0,0,0,0
uncertain,4,null,False,56,fixed,2,0,0,0,0.0,0,0,0,0,0,0
uncertain,4,null,False,56,learned,2,0,0,0,0.0,0,0,0,0,0,0
uncertain,4,null,True,56,poisson,2,2,2,1,1.0,0,0,0,0,0,0
uncertain,4,null,True,56,fixed,2,0,0,0,0.0,0,0,0,0,0,0
uncertain,4,null,True,56,learned,2,0,0,0,0.0,0,0,0,0,0,0
uncertain,4,null,False,57,poisson,0,0,0,0,0.0,0,0,0,0,0,0
uncertain,4,null,False,57,fixed,0,0,0,0,0.0,0,0,0,0,0,0
uncertain,4,null,False,57,learned,0,0,0,0,0.0,0,0,0,0,0,0
uncertain,4,null,True,57,poisson,0,0,0,0,0.0,0,0,0,0,0,0
uncertain,4,null,True,57,fixed,0,0,0,0,0.0,0,0,0,0,0,0
uncertain,4,null,True,57,learned,0,0,0,0,0.0,0,0,0,0,0,0
uncertain,4,null,False,58,poisson,2,0,0,0,0.0,0,0,0,0,0,0
uncertain,4,null,False,58,fixed,2,0,0,0,0.0,0,0,0,0,0,0
uncertain,4,null,False,58,learned,2,0,0,0,0.0,0,0,0,0,0,0
uncertain,4,null,True,58,poisson,2,0,0,0,0.0,0,0,0,0,0,0
uncertain,4,null,True,58,fixed,2,0,0,0,0.0,0,0,0,0,0,0
uncertain,4,null,True,58,learned,2,0,0,0,0.0,0,0,0,0,0,0
uncertain,4,null,False,59,poisson,4,0,0,0,0.0,0,0,0,0,0,0
uncertain,4,null,False,59,fixed,4,0,0,0,0.0,0,0,0,0,0,0
uncertain,4,null,False,59,learned,4,0,0,0,0.0,0,0,0,0,0,0
uncertain,4,null,True,59,poisson,4,0,0,0,0.0,0,0,0,0,0,0
uncertain,4,null,True,59,fixed,4,0,0,0,0.0,0,0,0,0,0,0
uncertain,4,null,True,59,learned,4,0,0,0,0.0,0,0,0,0,0,0
uncertain,4,null,False,60,poisson,2,0,0,0,0.0,0,0,0,0,0,0
uncertain,4,null,False,60,fixed,2,0,0,0,0.0,0,0,0,0,0,0
uncertain,4,null,False,60,learned,2,0,0,0,0.0,0,0,0,0,0,0
uncertain,4,null,True,60,poisson,2,0,0,0,0.0,0,0,0,0,0,0
uncertain,4,null,True,60,fixed,2,0,0,0,0.0,0,0,0,0,0,0
uncertain,4,null,True,60,learned,2,0,0,0,0.0,0,0,0,0,0,0
uncertain,4,null,False,61,poisson,8,0,0,0,0.0,0,0,0,0,0,0
uncertain,4,null,False,61,fixed,8,0,0,0,0.0,0,0,0,0,0,0
uncertain,4,null,False,61,learned,8,0,0,0,0.0,0,0,0,0,0,0
uncertain,4,null,True,61,poisson,8,0,0,0,0.0,0,0,0,0,0,0
uncertain,4,null,True,61,fixed,8,0,0,0,0.0,0,0,0,0,0,0
uncertain,4,null,True,61,learned,8,0,0,0,0.0,0,0,0,0,0,0
uncertain,4,null,False,62,poisson,2,0,0,0,0.0,0,0,0,0,0,0
uncertain,4,null,False,62,fixed,2,0,0,0,0.0,0,0,0,0,0,0
uncertain,4,null,False,62,learned,2,0,0,0,0.0,0,0,0,0,0,0
uncertain,4,null,True,62,poisson,2,0,0,0,0.0,0,0,0,0,0,0
uncertain,4,null,True,62,fixed,2,0,0,0,0.0,0,0,0,0,0,0
uncertain,4,null,True,62,learned,2,0,0,0,0.0,0,0,0,0,0,0
uncertain,4,null,False,63,poisson,6,0,0,0,0.0,0,0,0,0,0,0
uncertain,4,null,False,63,fixed,6,0,0,0,0.0,0,0,0,0,0,0
uncertain,4,null,False,63,learned,6,0,0,0,0.0,0,0,0,0,0,0
uncertain,4,null,True,63,poisson,6,0,0,0,0.0,0,0,0,0,0,0
uncertain,4,null,True,63,fixed,6,0,0,0,0.0,0,0,0,0,0,0
uncertain,4,null,True,63,learned,6,0,0,0,0.0,0,0,0,0,0,0
uncertain,4,null,False,64,poisson,0,0,0,0,0.0,0,0,0,0,0,0
uncertain,4,null,False,64,fixed,0,0,0,0,0.0,0,0,0,0,0,0
uncertain,4,null,False,64,learned,0,0,0,0,0.0,0,0,0,0,0,0
uncertain,4,null,True,64,poisson,0,0,0,0,0.0,0,0,0,0,0,0
uncertain,4,null,True,64,fixed,0,0,0,0,0.0,0,0,0,0,0,0
uncertain,4,null,True,64,learned,0,0,0,0,0.0,0,0,0,0,0,0
uncertain,4,null,False,65,poisson,4,0,0,0,0.0,0,0,0,0,0,0
uncertain,4,null,False,65,fixed,4,0,0,0,0.0,0,0,0,0,0,0
uncertain,4,null,False,65,learned,4,0,0,0,0.0,0,0,0,0,0,0
uncertain,4,null,True,65,poisson,4,0,0,0,0.0,0,0,0,0,0,0
uncertain,4,null,True,65,fixed,4,0,0,0,0.0,0,0,0,0,0,0
uncertain,4,null,True,65,learned,4,0,0,0,0.0,0,0,0,0,0,0
uncertain,4,null,False,66,poisson,4,0,0,0,0.0,0,0,0,0,0,0
uncertain,4,null,False,66,fixed,4,0,0,0,0.0,0,0,0,0,0,0
uncertain,4,null,False,66,learned,4,0,0,0,0.0,0,0,0,0,0,0
uncertain,4,null,True,66,poisson,4,0,0,0,0.0,0,0,0,0,0,0
uncertain,4,null,True,66,fixed,4,0,0,0,0.0,0,0,0,0,0,0
uncertain,4,null,True,66,learned,4,0,0,0,0.0,0,0,0,0,0,0
uncertain,4,null,False,67,poisson,4,0,0,0,0.0,0,0,0,0,0,0
uncertain,4,null,False,67,fixed,4,0,0,0,0.0,0,0,0,0,0,0
uncertain,4,null,False,67,learned,4,0,0,0,0.0,0,0,0,0,0,0
uncertain,4,null,True,67,poisson,4,0,0,0,0.0,0,0,0,0,0,0
uncertain,4,null,True,67,fixed,4,0,0,0,0.0,0,0,0,0,0,0
uncertain,4,null,True,67,learned,4,0,0,0,0.0,0,0,0,0,0,0
uncertain,4,null,False,68,poisson,2,0,0,0,0.0,0,0,0,0,0,0
uncertain,4,null,False,68,fixed,2,0,0,0,0.0,0,0,0,0,0,0
uncertain,4,null,False,68,learned,2,0,0,0,0.0,0,0,0,0,0,0
uncertain,4,null,True,68,poisson,2,0,0,0,0.0,0,0,0,0,0,0
uncertain,4,null,True,68,fixed,2,0,0,0,0.0,0,0,0,0,0,0
uncertain,4,null,True,68,learned,2,0,0,0,0.0,0,0,0,0,0,0
uncertain,4,null,False,69,poisson,4,2,2,1,1.0,0,0,0,0,0,0
uncertain,4,null,False,69,fixed,4,0,0,0,0.0,0,0,0,0,0,0
uncertain,4,null,False,69,learned,4,0,0,0,0.0,0,0,0,0,0,0
uncertain,4,null,True,69,poisson,4,2,2,1,1.0,0,0,0,0,0,0
uncertain,4,null,True,69,fixed,4,0,0,0,0.0,0,0,0,0,0,0
uncertain,4,null,True,69,learned,4,0,0,0,0.0,0,0,0,0,0,0
uncertain,4,null,False,70,poisson,2,0,0,0,0.0,0,0,0,0,0,0
uncertain,4,null,False,70,fixed,2,0,0,0,0.0,0,0,0,0,0,0
uncertain,4,null,False,70,learned,2,0,0,0,0.0,0,0,0,0,0,0
uncertain,4,null,True,70,poisson,2,0,0,0,0.0,0,0,0,0,0,0
uncertain,4,null,True,70,fixed,2,0,0,0,0.0,0,0,0,0,0,0
uncertain,4,null,True,70,learned,2,0,0,0,0.0,0,0,0,0,0,0
uncertain,4,null,False,71,poisson,4,0,0,0,0.0,0,0,0,0,0,0
uncertain,4,null,False,71,fixed,4,0,0,0,0.0,0,0,0,0,0,0
uncertain,4,null,False,71,learned,4,0,0,0,0.0,0,0,0,0,0,0
uncertain,4,null,True,71,poisson,4,0,0,0,0.0,0,0,0,0,0,0
uncertain,4,null,True,71,fixed,4,0,0,0,0.0,0,0,0,0,0,0
uncertain,4,null,True,71,learned,4,0,0,0,0.0,0,0,0,0,0,0
uncertain,4,null,False,72,poisson,4,0,0,0,0.0,0,0,0,0,0,0
uncertain,4,null,False,72,fixed,4,0,0,0,0.0,0,0,0,0,0,0
uncertain,4,null,False,72,learned,4,0,0,0,0.0,0,0,0,0,0,0
uncertain,4,null,True,72,poisson,4,0,0,0,0.0,0,0,0,0,0,0
uncertain,4,null,True,72,fixed,4,0,0,0,0.0,0,0,0,0,0,0
uncertain,4,null,True,72,learned,4,0,0,0,0.0,0,0,0,0,0,0
uncertain,4,null,False,73,poisson,6,0,0,0,0.0,0,0,0,0,0,0
uncertain,4,null,False,73,fixed,6,0,0,0,0.0,0,0,0,0,0,0
uncertain,4,null,False,73,learned,6,0,0,0,0.0,0,0,0,0,0,0
uncertain,4,null,True,73,poisson,6,0,0,0,0.0,0,0,0,0,0,0
uncertain,4,null,True,73,fixed,6,0,0,0,0.0,0,0,0,0,0,0
uncertain,4,null,True,73,learned,6,0,0,0,0.0,0,0,0,0,0,0
uncertain,4,null,False,74,poisson,8,0,0,0,0.0,0,0,0,0,0,0
uncertain,4,null,False,74,fixed,8,0,0,0,0.0,0,0,0,0,0,0
uncertain,4,null,False,74,learned,8,0,0,0,0.0,0,0,0,0,0,0
uncertain,4,null,True,74,poisson,8,0,0,0,0.0,0,0,0,0,0,0
uncertain,4,null,True,74,fixed,8,0,0,0,0.0,0,0,0,0,0,0
uncertain,4,null,True,74,learned,8,0,0,0,0.0,0,0,0,0,0,0
uncertain,4,null,False,75,poisson,6,0,0,0,0.0,0,0,0,0,0,0
uncertain,4,null,False,75,fixed,6,0,0,0,0.0,0,0,0,0,0,0
uncertain,4,null,False,75,learned,6,0,0,0,0.0,0,0,0,0,0,0
uncertain,4,null,True,75,poisson,6,0,0,0,0.0,0,0,0,0,0,0
uncertain,4,null,True,75,fixed,6,0,0,0,0.0,0,0,0,0,0,0
uncertain,4,null,True,75,learned,6,0,0,0,0.0,0,0,0,0,0,0
uncertain,4,null,False,76,poisson,4,0,0,0,0.0,0,0,0,0,0,0
uncertain,4,null,False,76,fixed,4,0,0,0,0.0,0,0,0,0,0,0
uncertain,4,null,False,76,learned,4,0,0,0,0.0,0,0,0,0,0,0
uncertain,4,null,True,76,poisson,4,0,0,0,0.0,0,0,0,0,0,0
uncertain,4,null,True,76,fixed,4,0,0,0,0.0,0,0,0,0,0,0
uncertain,4,null,True,76,learned,4,0,0,0,0.0,0,0,0,0,0,0
uncertain,4,null,False,77,poisson,6,0,0,0,0.0,0,0,0,0,0,0
uncertain,4,null,False,77,fixed,6,0,0,0,0.0,0,0,0,0,0,0
uncertain,4,null,False,77,learned,6,0,0,0,0.0,0,0,0,0,0,0
uncertain,4,null,True,77,poisson,6,0,0,0,0.0,0,0,0,0,0,0
uncertain,4,null,True,77,fixed,6,0,0,0,0.0,0,0,0,0,0,0
uncertain,4,null,True,77,learned,6,0,0,0,0.0,0,0,0,0,0,0
uncertain,4,null,False,78,poisson,6,0,0,0,0.0,0,0,0,0,0,0
uncertain,4,null,False,78,fixed,6,0,0,0,0.0,0,0,0,0,0,0
uncertain,4,null,False,78,learned,6,0,0,0,0.0,0,0,0,0,0,0
uncertain,4,null,True,78,poisson,6,0,0,0,0.0,0,0,0,0,0,0
uncertain,4,null,True,78,fixed,6,0,0,0,0.0,0,0,0,0,0,0
uncertain,4,null,True,78,learned,6,0,0,0,0.0,0,0,0,0,0,0
uncertain,4,null,False,79,poisson,0,0,0,0,0.0,0,0,0,0,0,0
uncertain,4,null,False,79,fixed,0,0,0,0,0.0,0,0,0,0,0,0
uncertain,4,null,False,79,learned,0,0,0,0,0.0,0,0,0,0,0,0
uncertain,4,null,True,79,poisson,0,0,0,0,0.0,0,0,0,0,0,0
uncertain,4,null,True,79,fixed,0,0,0,0,0.0,0,0,0,0,0,0
uncertain,4,null,True,79,learned,0,0,0,0,0.0,0,0,0,0,0,0
uncertain,4,null,False,80,poisson,2,0,0,0,0.0,0,0,0,0,0,0
uncertain,4,null,False,80,fixed,2,0,0,0,0.0,0,0,0,0,0,0
uncertain,4,null,False,80,learned,2,0,0,0,0.0,0,0,0,0,0,0
uncertain,4,null,True,80,poisson,2,0,0,0,0.0,0,0,0,0,0,0
uncertain,4,null,True,80,fixed,2,0,0,0,0.0,0,0,0,0,0,0
uncertain,4,null,True,80,learned,2,0,0,0,0.0,0,0,0,0,0,0
uncertain,4,null,False,81,poisson,2,0,0,0,0.0,0,0,0,0,0,0
uncertain,4,null,False,81,fixed,2,0,0,0,0.0,0,0,0,0,0,0
uncertain,4,null,False,81,learned,2,0,0,0,0.0,0,0,0,0,0,0
uncertain,4,null,True,81,poisson,2,0,0,0,0.0,0,0,0,0,0,0
uncertain,4,null,True,81,fixed,2,0,0,0,0.0,0,0,0,0,0,0
uncertain,4,null,True,81,learned,2,0,0,0,0.0,0,0,0,0,0,0
uncertain,4,null,False,82,poisson,2,0,0,0,0.0,0,0,0,0,0,0
uncertain,4,null,False,82,fixed,2,0,0,0,0.0,0,0,0,0,0,0
uncertain,4,null,False,82,learned,2,0,0,0,0.0,0,0,0,0,0,0
uncertain,4,null,True,82,poisson,2,0,0,0,0.0,0,0,0,0,0,0
uncertain,4,null,True,82,fixed,2,0,0,0,0.0,0,0,0,0,0,0
uncertain,4,null,True,82,learned,2,0,0,0,0.0,0,0,0,0,0,0
uncertain,4,null,False,83,poisson,2,0,0,0,0.0,0,0,0,0,0,0
uncertain,4,null,False,83,fixed,2,0,0,0,0.0,0,0,0,0,0,0
uncertain,4,null,False,83,learned,2,0,0,0,0.0,0,0,0,0,0,0
uncertain,4,null,True,83,poisson,2,0,0,0,0.0,0,0,0,0,0,0
uncertain,4,null,True,83,fixed,2,0,0,0,0.0,0,0,0,0,0,0
uncertain,4,null,True,83,learned,2,0,0,0,0.0,0,0,0,0,0,0
uncertain,4,null,False,84,poisson,4,0,0,0,0.0,0,0,0,0,0,0
uncertain,4,null,False,84,fixed,4,0,0,0,0.0,0,0,0,0,0,0
uncertain,4,null,False,84,learned,4,0,0,0,0.0,0,0,0,0,0,0
uncertain,4,null,True,84,poisson,4,0,0,0,0.0,0,0,0,0,0,0
uncertain,4,null,True,84,fixed,4,0,0,0,0.0,0,0,0,0,0,0
uncertain,4,null,True,84,learned,4,0,0,0,0.0,0,0,0,0,0,0
uncertain,4,null,False,85,poisson,10,0,0,0,0.0,0,0,0,0,0,0
uncertain,4,null,False,85,fixed,10,0,0,0,0.0,0,0,0,0,0,0
uncertain,4,null,False,85,learned,10,0,0,0,0.0,0,0,0,0,0,0
uncertain,4,null,True,85,poisson,10,0,0,0,0.0,0,0,0,0,0,0
uncertain,4,null,True,85,fixed,10,0,0,0,0.0,0,0,0,0,0,0
uncertain,4,null,True,85,learned,10,0,0,0,0.0,0,0,0,0,0,0
uncertain,4,null,False,86,poisson,2,0,0,0,0.0,0,0,0,0,0,0
uncertain,4,null,False,86,fixed,2,0,0,0,0.0,0,0,0,0,0,0
uncertain,4,null,False,86,learned,2,0,0,0,0.0,0,0,0,0,0,0
uncertain,4,null,True,86,poisson,2,0,0,0,0.0,0,0,0,0,0,0
uncertain,4,null,True,86,fixed,2,0,0,0,0.0,0,0,0,0,0,0
uncertain,4,null,True,86,learned,2,0,0,0,0.0,0,0,0,0,0,0
uncertain,4,null,False,87,poisson,8,0,0,0,0.0,0,0,0,0,0,0
uncertain,4,null,False,87,fixed,8,0,0,0,0.0,0,0,0,0,0,0
uncertain,4,null,False,87,learned,8,0,0,0,0.0,0,0,0,0,0,0
uncertain,4,null,True,87,poisson,8,0,0,0,0.0,0,0,0,0,0,0
uncertain,4,null,True,87,fixed,8,0,0,0,0.0,0,0,0,0,0,0
uncertain,4,null,True,87,learned,8,0,0,0,0.0,0,0,0,0,0,0
uncertain,4,null,False,88,poisson,4,0,0,0,0.0,0,0,0,0,0,0
uncertain,4,null,False,88,fixed,4,0,0,0,0.0,0,0,0,0,0,0
uncertain,4,null,False,88,learned,4,0,0,0,0.0,0,0,0,0,0,0
uncertain,4,null,True,88,poisson,4,0,0,0,0.0,0,0,0,0,0,0
uncertain,4,null,True,88,fixed,4,0,0,0,0.0,0,0,0,0,0,0
uncertain,4,null,True,88,learned,4,0,0,0,0.0,0,0,0,0,0,0
uncertain,4,null,False,89,poisson,6,0,0,0,0.0,0,0,0,0,0,0
uncertain,4,null,False,89,fixed,6,0,0,0,0.0,0,0,0,0,0,0
uncertain,4,null,False,89,learned,6,0,0,0,0.0,0,0,0,0,0,0
uncertain,4,null,True,89,poisson,6,0,0,0,0.0,0,0,0,0,0,0
uncertain,4,null,True,89,fixed,6,0,0,0,0.0,0,0,0,0,0,0
uncertain,4,null,True,89,learned,6,0,0,0,0.0,0,0,0,0,0,0
uncertain,4,null,False,90,poisson,0,0,0,0,0.0,0,0,0,0,0,0
uncertain,4,null,False,90,fixed,0,0,0,0,0.0,0,0,0,0,0,0
uncertain,4,null,False,90,learned,0,0,0,0,0.0,0,0,0,0,0,0
uncertain,4,null,True,90,poisson,0,0,0,0,0.0,0,0,0,0,0,0
uncertain,4,null,True,90,fixed,0,0,0,0,0.0,0,0,0,0,0,0
uncertain,4,null,True,90,learned,0,0,0,0,0.0,0,0,0,0,0,0
uncertain,4,null,False,91,poisson,6,0,0,0,0.0,0,0,0,0,0,0
uncertain,4,null,False,91,fixed,6,0,0,0,0.0,0,0,0,0,0,0
uncertain,4,null,False,91,learned,6,0,0,0,0.0,0,0,0,0,0,0
uncertain,4,null,True,91,poisson,6,0,0,0,0.0,0,0,0,0,0,0
uncertain,4,null,True,91,fixed,6,0,0,0,0.0,0,0,0,0,0,0
uncertain,4,null,True,91,learned,6,0,0,0,0.0,0,0,0,0,0,0
uncertain,4,null,False,92,poisson,4,0,0,0,0.0,0,0,0,0,0,0
uncertain,4,null,False,92,fixed,4,0,0,0,0.0,0,0,0,0,0,0
uncertain,4,null,False,92,learned,4,0,0,0,0.0,0,0,0,0,0,0
uncertain,4,null,True,92,poisson,4,0,0,0,0.0,0,0,0,0,0,0
uncertain,4,null,True,92,fixed,4,0,0,0,0.0,0,0,0,0,0,0
uncertain,4,null,True,92,learned,4,0,0,0,0.0,0,0,0,0,0,0
uncertain,4,null,False,93,poisson,0,0,0,0,0.0,0,0,0,0,0,0
uncertain,4,null,False,93,fixed,0,0,0,0,0.0,0,0,0,0,0,0
uncertain,4,null,False,93,learned,0,0,0,0,0.0,0,0,0,0,0,0
uncertain,4,null,True,93,poisson,0,0,0,0,0.0,0,0,0,0,0,0
uncertain,4,null,True,93,fixed,0,0,0,0,0.0,0,0,0,0,0,0
uncertain,4,null,True,93,learned,0,0,0,0,0.0,0,0,0,0,0,0
uncertain,4,null,False,94,poisson,6,0,0,0,0.0,0,0,0,0,0,0
uncertain,4,null,False,94,fixed,6,0,0,0,0.0,0,0,0,0,0,0
uncertain,4,null,False,94,learned,6,0,0,0,0.0,0,0,0,0,0,0
uncertain,4,null,True,94,poisson,6,0,0,0,0.0,0,0,0,0,0,0
uncertain,4,null,True,94,fixed,6,0,0,0,0.0,0,0,0,0,0,0
uncertain,4,null,True,94,learned,6,0,0,0,0.0,0,0,0,0,0,0
uncertain,4,null,False,95,poisson,0,0,0,0,0.0,0,0,0,0,0,0
uncertain,4,null,False,95,fixed,0,0,0,0,0.0,0,0,0,0,0,0
uncertain,4,null,False,95,learned,0,0,0,0,0.0,0,0,0,0,0,0
uncertain,4,null,True,95,poisson,0,0,0,0,0.0,0,0,0,0,0,0
uncertain,4,null,True,95,fixed,0,0,0,0,0.0,0,0,0,0,0,0
uncertain,4,null,True,95,learned,0,0,0,0,0.0,0,0,0,0,0,0
uncertain,4,null,False,96,poisson,8,0,0,0,0.0,0,0,0,0,0,0
uncertain,4,null,False,96,fixed,8,0,0,0,0.0,0,0,0,0,0,0
uncertain,4,null,False,96,learned,8,0,0,0,0.0,0,0,0,0,0,0
uncertain,4,null,True,96,poisson,8,0,0,0,0.0,0,0,0,0,0,0
uncertain,4,null,True,96,fixed,8,0,0,0,0.0,0,0,0,0,0,0
uncertain,4,null,True,96,learned,8,0,0,0,0.0,0,0,0,0,0,0
uncertain,4,null,False,97,poisson,6,0,0,0,0.0,0,0,0,0,0,0
uncertain,4,null,False,97,fixed,6,0,0,0,0.0,0,0,0,0,0,0
uncertain,4,null,False,97,learned,6,0,0,0,0.0,0,0,0,0,0,0
uncertain,4,null,True,97,poisson,6,0,0,0,0.0,0,0,0,0,0,0
uncertain,4,null,True,97,fixed,6,0,0,0,0.0,0,0,0,0,0,0
uncertain,4,null,True,97,learned,6,0,0,0,0.0,0,0,0,0,0,0
uncertain,4,null,False,98,poisson,0,0,0,0,0.0,0,0,0,0,0,0
uncertain,4,null,False,98,fixed,0,0,0,0,0.0,0,0,0,0,0,0
uncertain,4,null,False,98,learned,0,0,0,0,0.0,0,0,0,0,0,0
uncertain,4,null,True,98,poisson,0,0,0,0,0.0,0,0,0,0,0,0
uncertain,4,null,True,98,fixed,0,0,0,0,0.0,0,0,0,0,0,0
uncertain,4,null,True,98,learned,0,0,0,0,0.0,0,0,0,0,0,0
uncertain,4,null,False,99,poisson,2,0,0,0,0.0,0,0,0,0,0,0
uncertain,4,null,False,99,fixed,2,0,0,0,0.0,0,0,0,0,0,0
uncertain,4,null,False,99,learned,2,0,0,0,0.0,0,0,0,0,0,0
uncertain,4,null,True,99,poisson,2,0,0,0,0.0,0,0,0,0,0,0
uncertain,4,null,True,99,fixed,2,0,0,0,0.0,0,0,0,0,0,0
uncertain,4,null,True,99,learned,2,0,0,0,0.0,0,0,0,0,0,0
uncertain,4,moderate,False,0,poisson,4,0,0,0,0.0,3,0,1,0,1,0
uncertain,4,moderate,False,0,fixed,4,0,0,0,0.0,3,0,1,0,1,0
uncertain,4,moderate,False,0,learned,4,0,0,0,0.0,3,0,1,0,1,0
uncertain,4,moderate,True,0,poisson,4,0,0,0,0.0,3,0,1,0,1,0
uncertain,4,moderate,True,0,fixed,4,0,0,0,0.0,3,0,1,0,1,0
uncertain,4,moderate,True,0,learned,4,0,0,0,0.0,3,0,1,0,1,0
uncertain,4,moderate,False,1,poisson,0,0,0,0,0.0,3,0,0,0,0,0
uncertain,4,moderate,False,1,fixed,0,0,0,0,0.0,3,0,0,0,0,0
uncertain,4,moderate,False,1,learned,0,0,0,0,0.0,3,0,0,0,0,0
uncertain,4,moderate,True,1,poisson,0,0,0,0,0.0,3,0,0,0,0,0
uncertain,4,moderate,True,1,fixed,0,0,0,0,0.0,3,0,0,0,0,0
uncertain,4,moderate,True,1,learned,0,0,0,0,0.0,3,0,0,0,0,0
uncertain,4,moderate,False,2,poisson,4,0,0,0,0.0,3,0,2,0,3,0
uncertain,4,moderate,False,2,fixed,4,0,0,0,0.0,3,0,2,0,3,0
uncertain,4,moderate,False,2,learned,4,0,0,0,0.0,3,0,2,0,3,0
uncertain,4,moderate,True,2,poisson,4,0,0,0,0.0,3,0,2,0,3,0
uncertain,4,moderate,True,2,fixed,4,0,0,0,0.0,3,0,2,0,3,0
uncertain,4,moderate,True,2,learned,4,0,0,0,0.0,3,0,2,0,3,0
uncertain,4,moderate,False,3,poisson,2,0,0,0,0.0,3,0,1,0,1,0
uncertain,4,moderate,False,3,fixed,2,0,0,0,0.0,3,0,1,0,1,0
uncertain,4,moderate,False,3,learned,2,0,0,0,0.0,3,0,1,0,1,0
uncertain,4,moderate,True,3,poisson,2,0,0,0,0.0,3,0,1,0,1,0
uncertain,4,moderate,True,3,fixed,2,0,0,0,0.0,3,0,1,0,1,0
uncertain,4,moderate,True,3,learned,2,0,0,0,0.0,3,0,1,0,1,0
uncertain,4,moderate,False,4,poisson,12,0,0,0,0.0,3,0,2,0,3,0
uncertain,4,moderate,False,4,fixed,12,0,0,0,0.0,3,0,2,0,3,0
uncertain,4,moderate,False,4,learned,12,0,0,0,0.0,3,0,2,0,3,0
uncertain,4,moderate,True,4,poisson,12,0,0,0,0.0,3,0,2,0,3,0
uncertain,4,moderate,True,4,fixed,12,0,0,0,0.0,3,0,2,0,3,0
uncertain,4,moderate,True,4,learned,12,0,0,0,0.0,3,0,2,0,3,0
uncertain,4,moderate,False,5,poisson,6,0,0,0,0.0,3,0,2,0,3,0
uncertain,4,moderate,False,5,fixed,6,0,0,0,0.0,3,0,2,0,3,0
uncertain,4,moderate,False,5,learned,6,0,0,0,0.0,3,0,2,0,3,0
uncertain,4,moderate,True,5,poisson,6,0,0,0,0.0,3,0,2,0,3,0
uncertain,4,moderate,True,5,fixed,6,0,0,0,0.0,3,0,2,0,3,0
uncertain,4,moderate,True,5,learned,6,0,0,0,0.0,3,0,2,0,3,0
uncertain,4,moderate,False,6,poisson,0,0,0,0,0.0,3,0,0,0,1,0
uncertain,4,moderate,False,6,fixed,0,0,0,0,0.0,3,0,0,0,1,0
uncertain,4,moderate,False,6,learned,0,0,0,0,0.0,3,0,0,0,1,0
uncertain,4,moderate,True,6,poisson,0,0,0,0,0.0,3,0,0,0,1,0
uncertain,4,moderate,True,6,fixed,0,0,0,0,0.0,3,0,0,0,1,0
uncertain,4,moderate,True,6,learned,0,0,0,0,0.0,3,0,0,0,1,0
uncertain,4,moderate,False,7,poisson,4,2,2,1,1.0,3,0,0,0,0,0
uncertain,4,moderate,False,7,fixed,4,0,0,0,0.0,3,0,0,0,0,0
uncertain,4,moderate,False,7,learned,4,0,0,0,0.0,3,0,0,0,0,0
uncertain,4,moderate,True,7,poisson,4,2,2,1,1.0,3,0,0,0,0,0
uncertain,4,moderate,True,7,fixed,4,0,0,0,0.0,3,0,0,0,0,0
uncertain,4,moderate,True,7,learned,4,0,0,0,0.0,3,0,0,0,0,0
uncertain,4,moderate,False,8,poisson,2,0,0,0,0.0,3,0,2,0,2,0
uncertain,4,moderate,False,8,fixed,2,0,0,0,0.0,3,0,2,0,2,0
uncertain,4,moderate,False,8,learned,2,0,0,0,0.0,3,0,2,0,2,0
uncertain,4,moderate,True,8,poisson,2,0,0,0,0.0,3,0,2,0,2,0
uncertain,4,moderate,True,8,fixed,2,0,0,0,0.0,3,0,2,0,2,0
uncertain,4,moderate,True,8,learned,2,0,0,0,0.0,3,0,2,0,2,0
uncertain,4,moderate,False,9,poisson,6,0,0,0,0.0,3,0,0,0,1,0
uncertain,4,moderate,False,9,fixed,6,0,0,0,0.0,3,0,0,0,1,0
uncertain,4,moderate,False,9,learned,6,0,0,0,0.0,3,0,0,0,1,0
uncertain,4,moderate,True,9,poisson,6,0,0,0,0.0,3,0,0,0,1,0
uncertain,4,moderate,True,9,fixed,6,0,0,0,0.0,3,0,0,0,1,0
uncertain,4,moderate,True,9,learned,6,0,0,0,0.0,3,0,0,0,1,0
uncertain,4,moderate,False,10,poisson,2,0,0,0,0.0,3,0,0,0,1,0
uncertain,4,moderate,False,10,fixed,2,0,0,0,0.0,3,0,0,0,1,0
uncertain,4,moderate,False,10,learned,2,0,0,0,0.0,3,0,0,0,1,0
uncertain,4,moderate,True,10,poisson,2,0,0,0,0.0,3,0,0,0,1,0
uncertain,4,moderate,True,10,fixed,2,0,0,0,0.0,3,0,0,0,1,0
uncertain,4,moderate,True,10,learned,2,0,0,0,0.0,3,0,0,0,1,0
uncertain,4,moderate,False,11,poisson,2,0,0,0,0.0,3,0,1,0,2,0
uncertain,4,moderate,False,11,fixed,2,0,0,0,0.0,3,0,1,0,2,0
uncertain,4,moderate,False,11,learned,2,0,0,0,0.0,3,0,1,0,2,0
uncertain,4,moderate,True,11,poisson,2,0,0,0,0.0,3,0,1,0,2,0
uncertain,4,moderate,True,11,fixed,2,0,0,0,0.0,3,0,1,0,2,0
uncertain,4,moderate,True,11,learned,2,0,0,0,0.0,3,0,1,0,2,0
uncertain,4,moderate,False,12,poisson,6,0,0,0,0.0,3,0,1,0,2,0
uncertain,4,moderate,False,12,fixed,6,0,0,0,0.0,3,0,1,0,2,0
uncertain,4,moderate,False,12,learned,6,0,0,0,0.0,3,0,1,0,2,0
uncertain,4,moderate,True,12,poisson,6,0,0,0,0.0,3,0,1,0,2,0
uncertain,4,moderate,True,12,fixed,6,0,0,0,0.0,3,0,1,0,2,0
uncertain,4,moderate,True,12,learned,6,0,0,0,0.0,3,0,1,0,2,0
uncertain,4,moderate,False,13,poisson,0,0,0,0,0.0,3,0,2,0,3,0
uncertain,4,moderate,False,13,fixed,0,0,0,0,0.0,3,0,2,0,3,0
uncertain,4,moderate,False,13,learned,0,0,0,0,0.0,3,0,2,0,3,0
uncertain,4,moderate,True,13,poisson,0,0,0,0,0.0,3,0,2,0,3,0
uncertain,4,moderate,True,13,fixed,0,0,0,0,0.0,3,0,2,0,3,0
uncertain,4,moderate,True,13,learned,0,0,0,0,0.0,3,0,2,0,3,0
uncertain,4,moderate,False,14,poisson,4,0,0,0,0.0,3,0,1,0,2,0
uncertain,4,moderate,False,14,fixed,4,0,0,0,0.0,3,0,1,0,2,0
uncertain,4,moderate,False,14,learned,4,0,0,0,0.0,3,0,1,0,2,0
uncertain,4,moderate,True,14,poisson,4,0,0,0,0.0,3,0,1,0,2,0
uncertain,4,moderate,True,14,fixed,4,0,0,0,0.0,3,0,1,0,2,0
uncertain,4,moderate,True,14,learned,4,0,0,0,0.0,3,0,1,0,2,0
uncertain,4,moderate,False,15,poisson,4,0,0,0,0.0,3,0,1,0,1,0
uncertain,4,moderate,False,15,fixed,4,0,0,0,0.0,3,0,1,0,1,0
uncertain,4,moderate,False,15,learned,4,0,0,0,0.0,3,0,1,0,1,0
uncertain,4,moderate,True,15,poisson,4,0,0,0,0.0,3,0,1,0,1,0
uncertain,4,moderate,True,15,fixed,4,0,0,0,0.0,3,0,1,0,1,0
uncertain,4,moderate,True,15,learned,4,0,0,0,0.0,3,0,1,0,1,0
uncertain,4,moderate,False,16,poisson,6,0,0,0,0.0,3,0,1,0,2,0
uncertain,4,moderate,False,16,fixed,6,0,0,0,0.0,3,0,1,0,2,0
uncertain,4,moderate,False,16,learned,6,0,0,0,0.0,3,0,1,0,2,0
uncertain,4,moderate,True,16,poisson,6,0,0,0,0.0,3,0,1,0,2,0
uncertain,4,moderate,True,16,fixed,6,0,0,0,0.0,3,0,1,0,2,0
uncertain,4,moderate,True,16,learned,6,0,0,0,0.0,3,0,1,0,2,0
uncertain,4,moderate,False,17,poisson,6,2,0,0,0.0,3,1,2,1,2,1
uncertain,4,moderate,False,17,fixed,6,0,0,0,0.0,3,0,2,0,2,0
uncertain,4,moderate,False,17,learned,6,0,0,0,0.0,3,0,2,0,2,0
uncertain,4,moderate,True,17,poisson,6,2,0,0,0.0,3,1,2,1,2,1
uncertain,4,moderate,True,17,fixed,6,0,0,0,0.0,3,0,2,0,2,0
uncertain,4,moderate,True,17,learned,6,0,0,0,0.0,3,0,2,0,2,0
uncertain,4,moderate,False,18,poisson,0,0,0,0,0.0,3,0,1,0,2,0
uncertain,4,moderate,False,18,fixed,0,0,0,0,0.0,3,0,1,0,2,0
uncertain,4,moderate,False,18,learned,0,0,0,0,0.0,3,0,1,0,2,0
uncertain,4,moderate,True,18,poisson,0,0,0,0,0.0,3,0,1,0,2,0
uncertain,4,moderate,True,18,fixed,0,0,0,0,0.0,3,0,1,0,2,0
uncertain,4,moderate,True,18,learned,0,0,0,0,0.0,3,0,1,0,2,0
uncertain,4,moderate,False,19,poisson,6,2,2,1,1.0,3,0,1,0,1,0
uncertain,4,moderate,False,19,fixed,6,2,2,1,1.0,3,0,1,0,1,0
uncertain,4,moderate,False,19,learned,6,2,2,1,1.0,3,0,1,0,1,0
uncertain,4,moderate,True,19,poisson,6,2,2,1,1.0,3,0,1,0,1,0
uncertain,4,moderate,True,19,fixed,6,0,0,0,0.0,3,0,1,0,1,0
uncertain,4,moderate,True,19,learned,6,0,0,0,0.0,3,0,1,0,1,0
uncertain,4,moderate,False,20,poisson,10,0,0,0,0.0,3,0,2,0,2,0
uncertain,4,moderate,False,20,fixed,10,0,0,0,0.0,3,0,2,0,2,0
uncertain,4,moderate,False,20,learned,10,0,0,0,0.0,3,0,2,0,2,0
uncertain,4,moderate,True,20,poisson,10,0,0,0,0.0,3,0,2,0,2,0
uncertain,4,moderate,True,20,fixed,10,0,0,0,0.0,3,0,2,0,2,0
uncertain,4,moderate,True,20,learned,10,0,0,0,0.0,3,0,2,0,2,0
uncertain,4,moderate,False,21,poisson,4,0,0,0,0.0,3,0,0,0,0,0
uncertain,4,moderate,False,21,fixed,4,0,0,0,0.0,3,0,0,0,0,0
uncertain,4,moderate,False,21,learned,4,0,0,0,0.0,3,0,0,0,0,0
uncertain,4,moderate,True,21,poisson,4,0,0,0,0.0,3,0,0,0,0,0
uncertain,4,moderate,True,21,fixed,4,0,0,0,0.0,3,0,0,0,0,0
uncertain,4,moderate,True,21,learned,4,0,0,0,0.0,3,0,0,0,0,0
uncertain,4,moderate,False,22,poisson,4,0,0,0,0.0,3,0,1,0,2,0
uncertain,4,moderate,False,22,fixed,4,0,0,0,0.0,3,0,1,0,2,0
uncertain,4,moderate,False,22,learned,4,0,0,0,0.0,3,0,1,0,2,0
uncertain,4,moderate,True,22,poisson,4,0,0,0,0.0,3,0,1,0,2,0
uncertain,4,moderate,True,22,fixed,4,0,0,0,0.0,3,0,1,0,2,0
uncertain,4,moderate,True,22,learned,4,0,0,0,0.0,3,0,1,0,2,0
uncertain,4,moderate,False,23,poisson,4,0,0,0,0.0,3,0,2,0,2,0
uncertain,4,moderate,False,23,fixed,4,0,0,0,0.0,3,0,2,0,2,0
uncertain,4,moderate,False,23,learned,4,0,0,0,0.0,3,0,2,0,2,0
uncertain,4,moderate,True,23,poisson,4,0,0,0,0.0,3,0,2,0,2,0
uncertain,4,moderate,True,23,fixed,4,0,0,0,0.0,3,0,2,0,2,0
uncertain,4,moderate,True,23,learned,4,0,0,0,0.0,3,0,2,0,2,0
uncertain,4,moderate,False,24,poisson,2,0,0,0,0.0,3,0,1,0,1,0
uncertain,4,moderate,False,24,fixed,2,0,0,0,0.0,3,0,1,0,1,0
uncertain,4,moderate,False,24,learned,2,0,0,0,0.0,3,0,1,0,1,0
uncertain,4,moderate,True,24,poisson,2,0,0,0,0.0,3,0,1,0,1,0
uncertain,4,moderate,True,24,fixed,2,0,0,0,0.0,3,0,1,0,1,0
uncertain,4,moderate,True,24,learned,2,0,0,0,0.0,3,0,1,0,1,0
uncertain,4,moderate,False,25,poisson,4,0,0,0,0.0,3,0,2,0,2,0
uncertain,4,moderate,False,25,fixed,4,2,0,0,0.0,3,1,2,1,2,1
uncertain,4,moderate,False,25,learned,4,2,0,0,0.0,3,1,2,1,2,1
uncertain,4,moderate,True,25,poisson,4,0,0,0,0.0,3,0,2,0,2,0
uncertain,4,moderate,True,25,fixed,4,2,0,0,0.0,3,1,2,1,2,1
uncertain,4,moderate,True,25,learned,4,2,0,0,0.0,3,1,2,1,2,1
uncertain,4,moderate,False,26,poisson,6,0,0,0,0.0,3,0,2,0,2,0
uncertain,4,moderate,False,26,fixed,6,2,0,0,0.0,3,1,2,1,2,1
uncertain,4,moderate,False,26,learned,6,2,0,0,0.0,3,1,2,1,2,1
uncertain,4,moderate,True,26,poisson,6,0,0,0,0.0,3,0,2,0,2,0
uncertain,4,moderate,True,26,fixed,6,0,0,0,0.0,3,0,2,0,2,0
uncertain,4,moderate,True,26,learned,6,0,0,0,0.0,3,0,2,0,2,0
uncertain,4,moderate,False,27,poisson,8,0,0,0,0.0,3,0,3,0,3,0
uncertain,4,moderate,False,27,fixed,8,0,0,0,0.0,3,0,3,0,3,0
uncertain,4,moderate,False,27,learned,8,0,0,0,0.0,3,0,3,0,3,0
uncertain,4,moderate,True,27,poisson,8,0,0,0,0.0,3,0,3,0,3,0
uncertain,4,moderate,True,27,fixed,8,0,0,0,0.0,3,0,3,0,3,0
uncertain,4,moderate,True,27,learned,8,0,0,0,0.0,3,0,3,0,3,0
uncertain,4,moderate,False,28,poisson,2,0,0,0,0.0,3,0,2,0,2,0
uncertain,4,moderate,False,28,fixed,2,0,0,0,0.0,3,0,2,0,2,0
uncertain,4,moderate,False,28,learned,2,0,0,0,0.0,3,0,2,0,2,0
uncertain,4,moderate,True,28,poisson,2,0,0,0,0.0,3,0,2,0,2,0
uncertain,4,moderate,True,28,fixed,2,0,0,0,0.0,3,0,2,0,2,0
uncertain,4,moderate,True,28,learned,2,0,0,0,0.0,3,0,2,0,2,0
uncertain,4,moderate,False,29,poisson,2,0,0,0,0.0,3,0,1,0,1,0
uncertain,4,moderate,False,29,fixed,2,0,0,0,0.0,3,0,1,0,1,0
uncertain,4,moderate,False,29,learned,2,0,0,0,0.0,3,0,1,0,1,0
uncertain,4,moderate,True,29,poisson,2,0,0,0,0.0,3,0,1,0,1,0
uncertain,4,moderate,True,29,fixed,2,0,0,0,0.0,3,0,1,0,1,0
uncertain,4,moderate,True,29,learned,2,0,0,0,0.0,3,0,1,0,1,0
uncertain,4,moderate,False,30,poisson,2,0,0,0,0.0,3,0,2,0,2,0
uncertain,4,moderate,False,30,fixed,2,0,0,0,0.0,3,0,2,0,2,0
uncertain,4,moderate,False,30,learned,2,0,0,0,0.0,3,0,2,0,2,0
uncertain,4,moderate,True,30,poisson,2,0,0,0,0.0,3,0,2,0,2,0
uncertain,4,moderate,True,30,fixed,2,0,0,0,0.0,3,0,2,0,2,0
uncertain,4,moderate,True,30,learned,2,0,0,0,0.0,3,0,2,0,2,0
uncertain,4,moderate,False,31,poisson,8,0,0,0,0.0,3,0,1,0,2,0
uncertain,4,moderate,False,31,fixed,8,0,0,0,0.0,3,0,1,0,2,0
uncertain,4,moderate,False,31,learned,8,0,0,0,0.0,3,0,1,0,2,0
uncertain,4,moderate,True,31,poisson,8,0,0,0,0.0,3,0,1,0,2,0
uncertain,4,moderate,True,31,fixed,8,0,0,0,0.0,3,0,1,0,2,0
uncertain,4,moderate,True,31,learned,8,0,0,0,0.0,3,0,1,0,2,0
uncertain,4,moderate,False,32,poisson,6,0,0,0,0.0,3,0,3,0,3,0
uncertain,4,moderate,False,32,fixed,6,0,0,0,0.0,3,0,3,0,3,0
uncertain,4,moderate,False,32,learned,6,0,0,0,0.0,3,0,3,0,3,0
uncertain,4,moderate,True,32,poisson,6,0,0,0,0.0,3,0,3,0,3,0
uncertain,4,moderate,True,32,fixed,6,0,0,0,0.0,3,0,3,0,3,0
uncertain,4,moderate,True,32,learned,6,0,0,0,0.0,3,0,3,0,3,0
uncertain,4,moderate,False,33,poisson,2,2,0,0,0.0,3,0,1,0,2,0
uncertain,4,moderate,False,33,fixed,2,0,0,0,0.0,3,0,1,0,2,0
uncertain,4,moderate,False,33,learned,2,0,0,0,0.0,3,0,1,0,2,0
uncertain,4,moderate,True,33,poisson,2,2,0,0,0.0,3,0,1,0,2,0
uncertain,4,moderate,True,33,fixed,2,0,0,0,0.0,3,0,1,0,2,0
uncertain,4,moderate,True,33,learned,2,0,0,0,0.0,3,0,1,0,2,0
uncertain,4,moderate,False,34,poisson,2,0,0,0,0.0,3,0,0,0,1,0
uncertain,4,moderate,False,34,fixed,2,0,0,0,0.0,3,0,0,0,1,0
uncertain,4,moderate,False,34,learned,2,0,0,0,0.0,3,0,0,0,1,0
uncertain,4,moderate,True,34,poisson,2,0,0,0,0.0,3,0,0,0,1,0
uncertain,4,moderate,True,34,fixed,2,0,0,0,0.0,3,0,0,0,1,0
uncertain,4,moderate,True,34,learned,2,0,0,0,0.0,3,0,0,0,1,0
uncertain,4,moderate,False,35,poisson,10,2,2,1,1.0,3,0,2,0,2,0
uncertain,4,moderate,False,35,fixed,10,2,2,1,1.0,3,0,2,0,2,0
uncertain,4,moderate,False,35,learned,10,2,2,1,1.0,3,0,2,0,2,0
uncertain,4,moderate,True,35,poisson,10,2,2,1,1.0,3,0,2,0,2,0
uncertain,4,moderate,True,35,fixed,10,2,2,1,1.0,3,0,2,0,2,0
uncertain,4,moderate,True,35,learned,10,2,2,1,1.0,3,0,2,0,2,0
uncertain,4,moderate,False,36,poisson,4,0,0,0,0.0,3,0,1,0,2,0
uncertain,4,moderate,False,36,fixed,4,0,0,0,0.0,3,0,1,0,2,0
uncertain,4,moderate,False,36,learned,4,0,0,0,0.0,3,0,1,0,2,0
uncertain,4,moderate,True,36,poisson,4,0,0,0,0.0,3,0,1,0,2,0
uncertain,4,moderate,True,36,fixed,4,0,0,0,0.0,3,0,1,0,2,0
uncertain,4,moderate,True,36,learned,4,0,0,0,0.0,3,0,1,0,2,0
uncertain,4,moderate,False,37,poisson,6,0,0,0,0.0,3,0,2,0,2,0
uncertain,4,moderate,False,37,fixed,6,0,0,0,0.0,3,0,2,0,2,0
uncertain,4,moderate,False,37,learned,6,0,0,0,0.0,3,0,2,0,2,0
uncertain,4,moderate,True,37,poisson,6,0,0,0,0.0,3,0,2,0,2,0
uncertain,4,moderate,True,37,fixed,6,0,0,0,0.0,3,0,2,0,2,0
uncertain,4,moderate,True,37,learned,6,0,0,0,0.0,3,0,2,0,2,0
uncertain,4,moderate,False,38,poisson,6,0,0,0,0.0,3,0,3,0,3,0
uncertain,4,moderate,False,38,fixed,6,2,0,0,0.0,3,1,3,1,3,1
uncertain,4,moderate,False,38,learned,6,2,0,0,0.0,3,1,3,1,3,1
uncertain,4,moderate,True,38,poisson,6,0,0,0,0.0,3,0,3,0,3,0
uncertain,4,moderate,True,38,fixed,6,2,0,0,0.0,3,1,3,1,3,1
uncertain,4,moderate,True,38,learned,6,2,0,0,0.0,3,1,3,1,3,1
uncertain,4,moderate,False,39,poisson,0,0,0,0,0.0,3,0,2,0,3,0
uncertain,4,moderate,False,39,fixed,0,0,0,0,0.0,3,0,2,0,3,0
uncertain,4,moderate,False,39,learned,0,0,0,0,0.0,3,0,2,0,3,0
uncertain,4,moderate,True,39,poisson,0,0,0,0,0.0,3,0,2,0,3,0
uncertain,4,moderate,True,39,fixed,0,0,0,0,0.0,3,0,2,0,3,0
uncertain,4,moderate,True,39,learned,0,0,0,0,0.0,3,0,2,0,3,0
uncertain,4,moderate,False,40,poisson,10,0,0,0,0.0,3,0,1,0,2,0
uncertain,4,moderate,False,40,fixed,10,2,0,0,0.0,3,1,1,1,2,1
uncertain,4,moderate,False,40,learned,10,2,0,0,0.0,3,1,1,1,2,1
uncertain,4,moderate,True,40,poisson,10,0,0,0,0.0,3,0,1,0,2,0
uncertain,4,moderate,True,40,fixed,10,2,0,0,0.0,3,1,1,1,2,1
uncertain,4,moderate,True,40,learned,10,2,0,0,0.0,3,1,1,1,2,1
uncertain,4,moderate,False,41,poisson,2,0,0,0,0.0,3,0,0,0,0,0
uncertain,4,moderate,False,41,fixed,2,0,0,0,0.0,3,0,0,0,0,0
uncertain,4,moderate,False,41,learned,2,0,0,0,0.0,3,0,0,0,0,0
uncertain,4,moderate,True,41,poisson,2,0,0,0,0.0,3,0,0,0,0,0
uncertain,4,moderate,True,41,fixed,2,0,0,0,0.0,3,0,0,0,0,0
uncertain,4,moderate,True,41,learned,2,0,0,0,0.0,3,0,0,0,0,0
uncertain,4,moderate,False,42,poisson,2,0,0,0,0.0,3,0,1,0,3,0
uncertain,4,moderate,False,42,fixed,2,0,0,0,0.0,3,0,1,0,3,0
uncertain,4,moderate,False,42,learned,2,0,0,0,0.0,3,0,1,0,3,0
uncertain,4,moderate,True,42,poisson,2,0,0,0,0.0,3,0,1,0,3,0
uncertain,4,moderate,True,42,fixed,2,0,0,0,0.0,3,0,1,0,3,0
uncertain,4,moderate,True,42,learned,2,0,0,0,0.0,3,0,1,0,3,0
uncertain,4,moderate,False,43,poisson,2,0,0,0,0.0,3,0,2,0,2,0
uncertain,4,moderate,False,43,fixed,2,0,0,0,0.0,3,0,2,0,2,0
uncertain,4,moderate,False,43,learned,2,0,0,0,0.0,3,0,2,0,2,0
uncertain,4,moderate,True,43,poisson,2,0,0,0,0.0,3,0,2,0,2,0
uncertain,4,moderate,True,43,fixed,2,0,0,0,0.0,3,0,2,0,2,0
uncertain,4,moderate,True,43,learned,2,0,0,0,0.0,3,0,2,0,2,0
uncertain,4,moderate,False,44,poisson,4,0,0,0,0.0,3,0,3,0,3,0
uncertain,4,moderate,False,44,fixed,4,0,0,0,0.0,3,0,3,0,3,0
uncertain,4,moderate,False,44,learned,4,0,0,0,0.0,3,0,3,0,3,0
uncertain,4,moderate,True,44,poisson,4,0,0,0,0.0,3,0,3,0,3,0
uncertain,4,moderate,True,44,fixed,4,0,0,0,0.0,3,0,3,0,3,0
uncertain,4,moderate,True,44,learned,4,0,0,0,0.0,3,0,3,0,3,0
uncertain,4,moderate,False,45,poisson,0,0,0,0,0.0,3,0,0,0,1,0
uncertain,4,moderate,False,45,fixed,0,0,0,0,0.0,3,0,0,0,1,0
uncertain,4,moderate,False,45,learned,0,0,0,0,0.0,3,0,0,0,1,0
uncertain,4,moderate,True,45,poisson,0,0,0,0,0.0,3,0,0,0,1,0
uncertain,4,moderate,True,45,fixed,0,0,0,0,0.0,3,0,0,0,1,0
uncertain,4,moderate,True,45,learned,0,0,0,0,0.0,3,0,0,0,1,0
uncertain,4,moderate,False,46,poisson,2,0,0,0,0.0,3,0,2,0,3,0
uncertain,4,moderate,False,46,fixed,2,0,0,0,0.0,3,0,2,0,3,0
uncertain,4,moderate,False,46,learned,2,0,0,0,0.0,3,0,2,0,3,0
uncertain,4,moderate,True,46,poisson,2,0,0,0,0.0,3,0,2,0,3,0
uncertain,4,moderate,True,46,fixed,2,0,0,0,0.0,3,0,2,0,3,0
uncertain,4,moderate,True,46,learned,2,0,0,0,0.0,3,0,2,0,3,0
uncertain,4,moderate,False,47,poisson,4,0,0,0,0.0,3,0,2,0,3,0
uncertain,4,moderate,False,47,fixed,4,0,0,0,0.0,3,0,2,0,3,0
uncertain,4,moderate,False,47,learned,4,0,0,0,0.0,3,0,2,0,3,0
uncertain,4,moderate,True,47,poisson,4,0,0,0,0.0,3,0,2,0,3,0
uncertain,4,moderate,True,47,fixed,4,0,0,0,0.0,3,0,2,0,3,0
uncertain,4,moderate,True,47,learned,4,0,0,0,0.0,3,0,2,0,3,0
uncertain,4,moderate,False,48,poisson,10,2,2,1,1.0,3,0,2,0,2,0
uncertain,4,moderate,False,48,fixed,10,0,0,0,0.0,3,0,2,0,2,0
uncertain,4,moderate,False,48,learned,10,0,0,0,0.0,3,0,2,0,2,0
uncertain,4,moderate,True,48,poisson,10,2,2,1,1.0,3,0,2,0,2,0
uncertain,4,moderate,True,48,fixed,10,0,0,0,0.0,3,0,2,0,2,0
uncertain,4,moderate,True,48,learned,10,0,0,0,0.0,3,0,2,0,2,0
uncertain,4,moderate,False,49,poisson,6,0,0,0,0.0,3,0,1,0,1,0
uncertain,4,moderate,False,49,fixed,6,2,2,1,1.0,3,0,1,0,1,0
uncertain,4,moderate,False,49,learned,6,2,2,1,1.0,3,0,1,0,1,0
uncertain,4,moderate,True,49,poisson,6,0,0,0,0.0,3,0,1,0,1,0
uncertain,4,moderate,True,49,fixed,6,0,0,0,0.0,3,0,1,0,1,0
uncertain,4,moderate,True,49,learned,6,0,0,0,0.0,3,0,1,0,1,0
uncertain,4,moderate,False,50,poisson,8,0,0,0,0.0,3,0,2,0,3,0
uncertain,4,moderate,False,50,fixed,8,0,0,0,0.0,3,0,2,0,3,0
uncertain,4,moderate,False,50,learned,8,0,0,0,0.0,3,0,2,0,3,0
uncertain,4,moderate,True,50,poisson,8,0,0,0,0.0,3,0,2,0,3,0
uncertain,4,moderate,True,50,fixed,8,0,0,0,0.0,3,0,2,0,3,0
uncertain,4,moderate,True,50,learned,8,0,0,0,0.0,3,0,2,0,3,0
uncertain,4,moderate,False,51,poisson,6,0,0,0,0.0,3,0,3,0,3,0
uncertain,4,moderate,False,51,fixed,6,4,0,0,0.0,3,2,3,2,3,2
uncertain,4,moderate,False,51,learned,6,4,0,0,0.0,3,2,3,2,3,2
uncertain,4,moderate,True,51,poisson,6,0,0,0,0.0,3,0,3,0,3,0
uncertain,4,moderate,True,51,fixed,6,4,0,0,0.0,3,2,3,2,3,2
uncertain,4,moderate,True,51,learned,6,4,0,0,0.0,3,2,3,2,3,2
uncertain,4,moderate,False,52,poisson,12,0,0,0,0.0,3,0,2,0,3,0
uncertain,4,moderate,False,52,fixed,12,0,0,0,0.0,3,0,2,0,3,0
uncertain,4,moderate,False,52,learned,12,0,0,0,0.0,3,0,2,0,3,0
uncertain,4,moderate,True,52,poisson,12,0,0,0,0.0,3,0,2,0,3,0
uncertain,4,moderate,True,52,fixed,12,0,0,0,0.0,3,0,2,0,3,0
uncertain,4,moderate,True,52,learned,12,0,0,0,0.0,3,0,2,0,3,0
uncertain,4,moderate,False,53,poisson,0,0,0,0,0.0,3,0,2,0,3,0
uncertain,4,moderate,False,53,fixed,0,0,0,0,0.0,3,0,2,0,3,0
uncertain,4,moderate,False,53,learned,0,0,0,0,0.0,3,0,2,0,3,0
uncertain,4,moderate,True,53,poisson,0,0,0,0,0.0,3,0,2,0,3,0
uncertain,4,moderate,True,53,fixed,0,0,0,0,0.0,3,0,2,0,3,0
uncertain,4,moderate,True,53,learned,0,0,0,0,0.0,3,0,2,0,3,0
uncertain,4,moderate,False,54,poisson,6,0,0,0,0.0,3,0,2,0,2,0
uncertain,4,moderate,False,54,fixed,6,0,0,0,0.0,3,0,2,0,2,0
uncertain,4,moderate,False,54,learned,6,0,0,0,0.0,3,0,2,0,2,0
uncertain,4,moderate,True,54,poisson,6,0,0,0,0.0,3,0,2,0,2,0
uncertain,4,moderate,True,54,fixed,6,0,0,0,0.0,3,0,2,0,2,0
uncertain,4,moderate,True,54,learned,6,0,0,0,0.0,3,0,2,0,2,0
uncertain,4,moderate,False,55,poisson,0,0,0,0,0.0,3,0,1,0,1,0
uncertain,4,moderate,False,55,fixed,0,0,0,0,0.0,3,0,1,0,1,0
uncertain,4,moderate,False,55,learned,0,0,0,0,0.0,3,0,1,0,1,0
uncertain,4,moderate,True,55,poisson,0,0,0,0,0.0,3,0,1,0,1,0
uncertain,4,moderate,True,55,fixed,0,0,0,0,0.0,3,0,1,0,1,0
uncertain,4,moderate,True,55,learned,0,0,0,0,0.0,3,0,1,0,1,0
uncertain,4,moderate,False,56,poisson,4,0,0,0,0.0,3,0,1,0,2,0
uncertain,4,moderate,False,56,fixed,4,0,0,0,0.0,3,0,1,0,2,0
uncertain,4,moderate,False,56,learned,4,0,0,0,0.0,3,0,1,0,2,0
uncertain,4,moderate,True,56,poisson,4,0,0,0,0.0,3,0,1,0,2,0
uncertain,4,moderate,True,56,fixed,4,0,0,0,0.0,3,0,1,0,2,0
uncertain,4,moderate,True,56,learned,4,0,0,0,0.0,3,0,1,0,2,0
uncertain,4,moderate,False,57,poisson,8,0,0,0,0.0,3,0,2,0,3,0
uncertain,4,moderate,False,57,fixed,8,0,0,0,0.0,3,0,2,0,3,0
uncertain,4,moderate,False,57,learned,8,0,0,0,0.0,3,0,2,0,3,0
uncertain,4,moderate,True,57,poisson,8,0,0,0,0.0,3,0,2,0,3,0
uncertain,4,moderate,True,57,fixed,8,0,0,0,0.0,3,0,2,0,3,0
uncertain,4,moderate,True,57,learned,8,0,0,0,0.0,3,0,2,0,3,0
uncertain,4,moderate,False,58,poisson,10,0,0,0,0.0,3,0,3,0,3,0
uncertain,4,moderate,False,58,fixed,10,2,0,0,0.0,3,1,3,1,3,1
uncertain,4,moderate,False,58,learned,10,2,0,0,0.0,3,1,3,1,3,1
uncertain,4,moderate,True,58,poisson,10,0,0,0,0.0,3,0,3,0,3,0
uncertain,4,moderate,True,58,fixed,10,2,0,0,0.0,3,1,3,1,3,1
uncertain,4,moderate,True,58,learned,10,2,0,0,0.0,3,1,3,1,3,1
uncertain,4,moderate,False,59,poisson,4,0,0,0,0.0,3,0,3,0,3,0
uncertain,4,moderate,False,59,fixed,4,2,0,0,0.0,3,1,3,1,3,1
uncertain,4,moderate,False,59,learned,4,2,0,0,0.0,3,1,3,1,3,1
uncertain,4,moderate,True,59,poisson,4,0,0,0,0.0,3,0,3,0,3,0
uncertain,4,moderate,True,59,fixed,4,2,0,0,0.0,3,1,3,1,3,1
uncertain,4,moderate,True,59,learned,4,2,0,0,0.0,3,1,3,1,3,1
uncertain,4,moderate,False,60,poisson,2,0,0,0,0.0,3,0,1,0,2,0
uncertain,4,moderate,False,60,fixed,2,0,0,0,0.0,3,0,1,0,2,0
uncertain,4,moderate,False,60,learned,2,0,0,0,0.0,3,0,1,0,2,0
uncertain,4,moderate,True,60,poisson,2,0,0,0,0.0,3,0,1,0,2,0
uncertain,4,moderate,True,60,fixed,2,0,0,0,0.0,3,0,1,0,2,0
uncertain,4,moderate,True,60,learned,2,0,0,0,0.0,3,0,1,0,2,0
uncertain,4,moderate,False,61,poisson,6,0,0,0,0.0,3,0,2,0,2,0
uncertain,4,moderate,False,61,fixed,6,0,0,0,0.0,3,0,2,0,2,0
uncertain,4,moderate,False,61,learned,6,0,0,0,0.0,3,0,2,0,2,0
uncertain,4,moderate,True,61,poisson,6,0,0,0,0.0,3,0,2,0,2,0
uncertain,4,moderate,True,61,fixed,6,0,0,0,0.0,3,0,2,0,2,0
uncertain,4,moderate,True,61,learned,6,0,0,0,0.0,3,0,2,0,2,0
uncertain,4,moderate,False,62,poisson,4,0,0,0,0.0,3,0,2,0,2,0
uncertain,4,moderate,False,62,fixed,4,0,0,0,0.0,3,0,2,0,2,0
uncertain,4,moderate,False,62,learned,4,0,0,0,0.0,3,0,2,0,2,0
uncertain,4,moderate,True,62,poisson,4,0,0,0,0.0,3,0,2,0,2,0
uncertain,4,moderate,True,62,fixed,4,0,0,0,0.0,3,0,2,0,2,0
uncertain,4,moderate,True,62,learned,4,0,0,0,0.0,3,0,2,0,2,0
uncertain,4,moderate,False,63,poisson,14,0,0,0,0.0,3,0,2,0,2,0
uncertain,4,moderate,False,63,fixed,14,2,0,0,0.0,3,1,2,1,2,1
uncertain,4,moderate,False,63,learned,14,2,0,0,0.0,3,1,2,1,2,1
uncertain,4,moderate,True,63,poisson,14,0,0,0,0.0,3,0,2,0,2,0
uncertain,4,moderate,True,63,fixed,14,2,0,0,0.0,3,1,2,1,2,1
uncertain,4,moderate,True,63,learned,14,2,0,0,0.0,3,1,2,1,2,1
uncertain,4,moderate,False,64,poisson,2,0,0,0,0.0,3,0,2,0,2,0
uncertain,4,moderate,False,64,fixed,2,0,0,0,0.0,3,0,2,0,2,0
uncertain,4,moderate,False,64,learned,2,0,0,0,0.0,3,0,2,0,2,0
uncertain,4,moderate,True,64,poisson,2,0,0,0,0.0,3,0,2,0,2,0
uncertain,4,moderate,True,64,fixed,2,0,0,0,0.0,3,0,2,0,2,0
uncertain,4,moderate,True,64,learned,2,0,0,0,0.0,3,0,2,0,2,0
uncertain,4,moderate,False,65,poisson,4,0,0,0,0.0,3,0,2,0,2,0
uncertain,4,moderate,False,65,fixed,4,2,0,0,0.0,3,1,2,1,2,1
uncertain,4,moderate,False,65,learned,4,2,0,0,0.0,3,1,2,1,2,1
uncertain,4,moderate,True,65,poisson,4,0,0,0,0.0,3,0,2,0,2,0
uncertain,4,moderate,True,65,fixed,4,2,0,0,0.0,3,1,2,1,2,1
uncertain,4,moderate,True,65,learned,4,2,0,0,0.0,3,1,2,1,2,1
uncertain,4,moderate,False,66,poisson,6,0,0,0,0.0,3,0,2,0,2,0
uncertain,4,moderate,False,66,fixed,6,0,0,0,0.0,3,0,2,0,2,0
uncertain,4,moderate,False,66,learned,6,0,0,0,0.0,3,0,2,0,2,0
uncertain,4,moderate,True,66,poisson,6,0,0,0,0.0,3,0,2,0,2,0
uncertain,4,moderate,True,66,fixed,6,0,0,0,0.0,3,0,2,0,2,0
uncertain,4,moderate,True,66,learned,6,0,0,0,0.0,3,0,2,0,2,0
uncertain,4,moderate,False,67,poisson,6,0,0,0,0.0,3,0,1,0,2,0
uncertain,4,moderate,False,67,fixed,6,0,0,0,0.0,3,0,1,0,2,0
uncertain,4,moderate,False,67,learned,6,0,0,0,0.0,3,0,1,0,2,0
uncertain,4,moderate,True,67,poisson,6,0,0,0,0.0,3,0,1,0,2,0
uncertain,4,moderate,True,67,fixed,6,0,0,0,0.0,3,0,1,0,2,0
uncertain,4,moderate,True,67,learned,6,0,0,0,0.0,3,0,1,0,2,0
uncertain,4,moderate,False,68,poisson,2,2,0,0,0.0,3,1,3,1,3,1
uncertain,4,moderate,False,68,fixed,2,0,0,0,0.0,3,0,3,0,3,0
uncertain,4,moderate,False,68,learned,2,0,0,0,0.0,3,0,3,0,3,0
uncertain,4,moderate,True,68,poisson,2,2,0,0,0.0,3,1,3,1,3,1
uncertain,4,moderate,True,68,fixed,2,0,0,0,0.0,3,0,3,0,3,0
uncertain,4,moderate,True,68,learned,2,0,0,0,0.0,3,0,3,0,3,0
uncertain,4,moderate,False,69,poisson,4,0,0,0,0.0,3,0,2,0,3,0
uncertain,4,moderate,False,69,fixed,4,0,0,0,0.0,3,0,2,0,3,0
uncertain,4,moderate,False,69,learned,4,0,0,0,0.0,3,0,2,0,3,0
uncertain,4,moderate,True,69,poisson,4,0,0,0,0.0,3,0,2,0,3,0
uncertain,4,moderate,True,69,fixed,4,0,0,0,0.0,3,0,2,0,3,0
uncertain,4,moderate,True,69,learned,4,0,0,0,0.0,3,0,2,0,3,0
uncertain,4,moderate,False,70,poisson,6,0,0,0,0.0,3,0,1,0,3,0
uncertain,4,moderate,False,70,fixed,6,0,0,0,0.0,3,0,1,0,3,0
uncertain,4,moderate,False,70,learned,6,0,0,0,0.0,3,0,1,0,3,0
uncertain,4,moderate,True,70,poisson,6,0,0,0,0.0,3,0,1,0,3,0
uncertain,4,moderate,True,70,fixed,6,0,0,0,0.0,3,0,1,0,3,0
uncertain,4,moderate,True,70,learned,6,0,0,0,0.0,3,0,1,0,3,0
uncertain,4,moderate,False,71,poisson,12,0,0,0,0.0,3,0,2,0,3,0
uncertain,4,moderate,False,71,fixed,12,0,0,0,0.0,3,0,2,0,3,0
uncertain,4,moderate,False,71,learned,12,0,0,0,0.0,3,0,2,0,3,0
uncertain,4,moderate,True,71,poisson,12,0,0,0,0.0,3,0,2,0,3,0
uncertain,4,moderate,True,71,fixed,12,0,0,0,0.0,3,0,2,0,3,0
uncertain,4,moderate,True,71,learned,12,0,0,0,0.0,3,0,2,0,3,0
uncertain,4,moderate,False,72,poisson,4,0,0,0,0.0,3,0,2,0,3,0
uncertain,4,moderate,False,72,fixed,4,0,0,0,0.0,3,0,2,0,3,0
uncertain,4,moderate,False,72,learned,4,0,0,0,0.0,3,0,2,0,3,0
uncertain,4,moderate,True,72,poisson,4,0,0,0,0.0,3,0,2,0,3,0
uncertain,4,moderate,True,72,fixed,4,0,0,0,0.0,3,0,2,0,3,0
uncertain,4,moderate,True,72,learned,4,0,0,0,0.0,3,0,2,0,3,0
uncertain,4,moderate,False,73,poisson,10,0,0,0,0.0,3,0,0,0,3,0
uncertain,4,moderate,False,73,fixed,10,0,0,0,0.0,3,0,0,0,3,0
uncertain,4,moderate,False,73,learned,10,0,0,0,0.0,3,0,0,0,3,0
uncertain,4,moderate,True,73,poisson,10,0,0,0,0.0,3,0,0,0,3,0
uncertain,4,moderate,True,73,fixed,10,0,0,0,0.0,3,0,0,0,3,0
uncertain,4,moderate,True,73,learned,10,0,0,0,0.0,3,0,0,0,3,0
uncertain,4,moderate,False,74,poisson,8,0,0,0,0.0,3,0,3,0,3,0
uncertain,4,moderate,False,74,fixed,8,0,0,0,0.0,3,0,3,0,3,0
uncertain,4,moderate,False,74,learned,8,0,0,0,0.0,3,0,3,0,3,0
uncertain,4,moderate,True,74,poisson,8,0,0,0,0.0,3,0,3,0,3,0
uncertain,4,moderate,True,74,fixed,8,0,0,0,0.0,3,0,3,0,3,0
uncertain,4,moderate,True,74,learned,8,0,0,0,0.0,3,0,3,0,3,0
uncertain,4,moderate,False,75,poisson,6,0,0,0,0.0,3,0,1,0,2,0
uncertain,4,moderate,False,75,fixed,6,0,0,0,0.0,3,0,1,0,2,0
uncertain,4,moderate,False,75,learned,6,0,0,0,0.0,3,0,1,0,2,0
uncertain,4,moderate,True,75,poisson,6,0,0,0,0.0,3,0,1,0,2,0
uncertain,4,moderate,True,75,fixed,6,0,0,0,0.0,3,0,1,0,2,0
uncertain,4,moderate,True,75,learned,6,0,0,0,0.0,3,0,1,0,2,0
uncertain,4,moderate,False,76,poisson,2,0,0,0,0.0,3,0,0,0,0,0
uncertain,4,moderate,False,76,fixed,2,2,2,1,1.0,3,0,0,0,0,0
uncertain,4,moderate,False,76,learned,2,2,2,1,1.0,3,0,0,0,0,0
uncertain,4,moderate,True,76,poisson,2,0,0,0,0.0,3,0,0,0,0,0
uncertain,4,moderate,True,76,fixed,2,0,0,0,0.0,3,0,0,0,0,0
uncertain,4,moderate,True,76,learned,2,0,0,0,0.0,3,0,0,0,0,0
uncertain,4,moderate,False,77,poisson,6,0,0,0,0.0,3,0,0,0,1,0
uncertain,4,moderate,False,77,fixed,6,0,0,0,0.0,3,0,0,0,1,0
uncertain,4,moderate,False,77,learned,6,0,0,0,0.0,3,0,0,0,1,0
uncertain,4,moderate,True,77,poisson,6,0,0,0,0.0,3,0,0,0,1,0
uncertain,4,moderate,True,77,fixed,6,0,0,0,0.0,3,0,0,0,1,0
uncertain,4,moderate,True,77,learned,6,0,0,0,0.0,3,0,0,0,1,0
uncertain,4,moderate,False,78,poisson,2,0,0,0,0.0,3,0,3,0,3,0
uncertain,4,moderate,False,78,fixed,2,0,0,0,0.0,3,0,3,0,3,0
uncertain,4,moderate,False,78,learned,2,0,0,0,0.0,3,0,3,0,3,0
uncertain,4,moderate,True,78,poisson,2,0,0,0,0.0,3,0,3,0,3,0
uncertain,4,moderate,True,78,fixed,2,0,0,0,0.0,3,0,3,0,3,0
uncertain,4,moderate,True,78,learned,2,0,0,0,0.0,3,0,3,0,3,0
uncertain,4,moderate,False,79,poisson,4,0,0,0,0.0,3,0,2,0,2,0
uncertain,4,moderate,False,79,fixed,4,0,0,0,0.0,3,0,2,0,2,0
uncertain,4,moderate,False,79,learned,4,0,0,0,0.0,3,0,2,0,2,0
uncertain,4,moderate,True,79,poisson,4,0,0,0,0.0,3,0,2,0,2,0
uncertain,4,moderate,True,79,fixed,4,0,0,0,0.0,3,0,2,0,2,0
uncertain,4,moderate,True,79,learned,4,0,0,0,0.0,3,0,2,0,2,0
uncertain,4,moderate,False,80,poisson,10,0,0,0,0.0,3,0,1,0,2,0
uncertain,4,moderate,False,80,fixed,10,0,0,0,0.0,3,0,1,0,2,0
uncertain,4,moderate,False,80,learned,10,0,0,0,0.0,3,0,1,0,2,0
uncertain,4,moderate,True,80,poisson,10,0,0,0,0.0,3,0,1,0,2,0
uncertain,4,moderate,True,80,fixed,10,0,0,0,0.0,3,0,1,0,2,0
uncertain,4,moderate,True,80,learned,10,0,0,0,0.0,3,0,1,0,2,0
uncertain,4,moderate,False,81,poisson,8,0,0,0,0.0,3,0,2,0,2,0
uncertain,4,moderate,False,81,fixed,8,0,0,0,0.0,3,0,2,0,2,0
uncertain,4,moderate,False,81,learned,8,0,0,0,0.0,3,0,2,0,2,0
uncertain,4,moderate,True,81,poisson,8,0,0,0,0.0,3,0,2,0,2,0
uncertain,4,moderate,True,81,fixed,8,0,0,0,0.0,3,0,2,0,2,0
uncertain,4,moderate,True,81,learned,8,0,0,0,0.0,3,0,2,0,2,0
uncertain,4,moderate,False,82,poisson,0,0,0,0,0.0,3,0,1,0,1,0
uncertain,4,moderate,False,82,fixed,0,0,0,0,0.0,3,0,1,0,1,0
uncertain,4,moderate,False,82,learned,0,0,0,0,0.0,3,0,1,0,1,0
uncertain,4,moderate,True,82,poisson,0,0,0,0,0.0,3,0,1,0,1,0
uncertain,4,moderate,True,82,fixed,0,0,0,0,0.0,3,0,1,0,1,0
uncertain,4,moderate,True,82,learned,0,0,0,0,0.0,3,0,1,0,1,0
uncertain,4,moderate,False,83,poisson,6,0,0,0,0.0,3,0,2,0,2,0
uncertain,4,moderate,False,83,fixed,6,0,0,0,0.0,3,0,2,0,2,0
uncertain,4,moderate,False,83,learned,6,0,0,0,0.0,3,0,2,0,2,0
uncertain,4,moderate,True,83,poisson,6,0,0,0,0.0,3,0,2,0,2,0
uncertain,4,moderate,True,83,fixed,6,0,0,0,0.0,3,0,2,0,2,0
uncertain,4,moderate,True,83,learned,6,0,0,0,0.0,3,0,2,0,2,0
uncertain,4,moderate,False,84,poisson,2,0,0,0,0.0,3,0,2,0,2,0
uncertain,4,moderate,False,84,fixed,2,2,0,0,0.0,3,1,2,1,2,1
uncertain,4,moderate,False,84,learned,2,2,0,0,0.0,3,1,2,1,2,1
uncertain,4,moderate,True,84,poisson,2,0,0,0,0.0,3,0,2,0,2,0
uncertain,4,moderate,True,84,fixed,2,2,0,0,0.0,3,1,2,1,2,1
uncertain,4,moderate,True,84,learned,2,2,0,0,0.0,3,1,2,1,2,1
uncertain,4,moderate,False,85,poisson,10,0,0,0,0.0,3,0,2,0,2,0
uncertain,4,moderate,False,85,fixed,10,0,0,0,0.0,3,0,2,0,2,0
uncertain,4,moderate,False,85,learned,10,0,0,0,0.0,3,0,2,0,2,0
uncertain,4,moderate,True,85,poisson,10,0,0,0,0.0,3,0,2,0,2,0
uncertain,4,moderate,True,85,fixed,10,0,0,0,0.0,3,0,2,0,2,0
uncertain,4,moderate,True,85,learned,10,0,0,0,0.0,3,0,2,0,2,0
uncertain,4,moderate,False,86,poisson,8,0,0,0,0.0,3,0,1,0,3,0
uncertain,4,moderate,False,86,fixed,8,0,0,0,0.0,3,0,1,0,3,0
uncertain,4,moderate,False,86,learned,8,0,0,0,0.0,3,0,1,0,3,0
uncertain,4,moderate,True,86,poisson,8,0,0,0,0.0,3,0,1,0,3,0
uncertain,4,moderate,True,86,fixed,8,0,0,0,0.0,3,0,1,0,3,0
uncertain,4,moderate,True,86,learned,8,0,0,0,0.0,3,0,1,0,3,0
uncertain,4,moderate,False,87,poisson,6,0,0,0,0.0,3,0,2,0,2,0
uncertain,4,moderate,False,87,fixed,6,0,0,0,0.0,3,0,2,0,2,0
uncertain,4,moderate,False,87,learned,6,0,0,0,0.0,3,0,2,0,2,0
uncertain,4,moderate,True,87,poisson,6,0,0,0,0.0,3,0,2,0,2,0
uncertain,4,moderate,True,87,fixed,6,0,0,0,0.0,3,0,2,0,2,0
uncertain,4,moderate,True,87,learned,6,0,0,0,0.0,3,0,2,0,2,0
uncertain,4,moderate,False,88,poisson,8,0,0,0,0.0,3,0,3,0,3,0
uncertain,4,moderate,False,88,fixed,8,0,0,0,0.0,3,0,3,0,3,0
uncertain,4,moderate,False,88,learned,8,0,0,0,0.0,3,0,3,0,3,0
uncertain,4,moderate,True,88,poisson,8,0,0,0,0.0,3,0,3,0,3,0
uncertain,4,moderate,True,88,fixed,8,0,0,0,0.0,3,0,3,0,3,0
uncertain,4,moderate,True,88,learned,8,0,0,0,0.0,3,0,3,0,3,0
uncertain,4,moderate,False,89,poisson,8,0,0,0,0.0,3,0,0,0,2,0
uncertain,4,moderate,False,89,fixed,8,0,0,0,0.0,3,0,0,0,2,0
uncertain,4,moderate,False,89,learned,8,0,0,0,0.0,3,0,0,0,2,0
uncertain,4,moderate,True,89,poisson,8,0,0,0,0.0,3,0,0,0,2,0
uncertain,4,moderate,True,89,fixed,8,0,0,0,0.0,3,0,0,0,2,0
uncertain,4,moderate,True,89,learned,8,0,0,0,0.0,3,0,0,0,2,0
uncertain,4,moderate,False,90,poisson,4,0,0,0,0.0,3,0,2,0,3,0
uncertain,4,moderate,False,90,fixed,4,0,0,0,0.0,3,0,2,0,3,0
uncertain,4,moderate,False,90,learned,4,0,0,0,0.0,3,0,2,0,3,0
uncertain,4,moderate,True,90,poisson,4,0,0,0,0.0,3,0,2,0,3,0
uncertain,4,moderate,True,90,fixed,4,0,0,0,0.0,3,0,2,0,3,0
uncertain,4,moderate,True,90,learned,4,0,0,0,0.0,3,0,2,0,3,0
uncertain,4,moderate,False,91,poisson,12,2,2,1,1.0,3,0,2,0,2,0
uncertain,4,moderate,False,91,fixed,12,2,2,1,1.0,3,0,2,0,2,0
uncertain,4,moderate,False,91,learned,12,2,2,1,1.0,3,0,2,0,2,0
uncertain,4,moderate,True,91,poisson,12,2,2,1,1.0,3,0,2,0,2,0
uncertain,4,moderate,True,91,fixed,12,0,0,0,0.0,3,0,2,0,2,0
uncertain,4,moderate,True,91,learned,12,0,0,0,0.0,3,0,2,0,2,0
uncertain,4,moderate,False,92,poisson,2,0,0,0,0.0,3,0,1,0,2,0
uncertain,4,moderate,False,92,fixed,2,0,0,0,0.0,3,0,1,0,2,0
uncertain,4,moderate,False,92,learned,2,0,0,0,0.0,3,0,1,0,2,0
uncertain,4,moderate,True,92,poisson,2,0,0,0,0.0,3,0,1,0,2,0
uncertain,4,moderate,True,92,fixed,2,0,0,0,0.0,3,0,1,0,2,0
uncertain,4,moderate,True,92,learned,2,0,0,0,0.0,3,0,1,0,2,0
uncertain,4,moderate,False,93,poisson,2,0,0,0,0.0,3,0,0,0,1,0
uncertain,4,moderate,False,93,fixed,2,0,0,0,0.0,3,0,0,0,1,0
uncertain,4,moderate,False,93,learned,2,0,0,0,0.0,3,0,0,0,1,0
uncertain,4,moderate,True,93,poisson,2,0,0,0,0.0,3,0,0,0,1,0
uncertain,4,moderate,True,93,fixed,2,0,0,0,0.0,3,0,0,0,1,0
uncertain,4,moderate,True,93,learned,2,0,0,0,0.0,3,0,0,0,1,0
uncertain,4,moderate,False,94,poisson,4,0,0,0,0.0,3,0,1,0,2,0
uncertain,4,moderate,False,94,fixed,4,2,0,0,0.0,3,1,1,0,2,1
uncertain,4,moderate,False,94,learned,4,2,0,0,0.0,3,1,1,0,2,1
uncertain,4,moderate,True,94,poisson,4,0,0,0,0.0,3,0,1,0,2,0
uncertain,4,moderate,True,94,fixed,4,2,0,0,0.0,3,1,1,0,2,1
uncertain,4,moderate,True,94,learned,4,2,0,0,0.0,3,1,1,0,2,1
uncertain,4,moderate,False,95,poisson,6,0,0,0,0.0,3,0,1,0,2,0
uncertain,4,moderate,False,95,fixed,6,0,0,0,0.0,3,0,1,0,2,0
uncertain,4,moderate,False,95,learned,6,0,0,0,0.0,3,0,1,0,2,0
uncertain,4,moderate,True,95,poisson,6,0,0,0,0.0,3,0,1,0,2,0
uncertain,4,moderate,True,95,fixed,6,0,0,0,0.0,3,0,1,0,2,0
uncertain,4,moderate,True,95,learned,6,0,0,0,0.0,3,0,1,0,2,0
uncertain,4,moderate,False,96,poisson,4,0,0,0,0.0,3,0,1,0,2,0
uncertain,4,moderate,False,96,fixed,4,0,0,0,0.0,3,0,1,0,2,0
uncertain,4,moderate,False,96,learned,4,0,0,0,0.0,3,0,1,0,2,0
uncertain,4,moderate,True,96,poisson,4,0,0,0,0.0,3,0,1,0,2,0
uncertain,4,moderate,True,96,fixed,4,0,0,0,0.0,3,0,1,0,2,0
uncertain,4,moderate,True,96,learned,4,0,0,0,0.0,3,0,1,0,2,0
uncertain,4,moderate,False,97,poisson,4,0,0,0,0.0,3,0,2,0,2,0
uncertain,4,moderate,False,97,fixed,4,0,0,0,0.0,3,0,2,0,2,0
uncertain,4,moderate,False,97,learned,4,0,0,0,0.0,3,0,2,0,2,0
uncertain,4,moderate,True,97,poisson,4,0,0,0,0.0,3,0,2,0,2,0
uncertain,4,moderate,True,97,fixed,4,0,0,0,0.0,3,0,2,0,2,0
uncertain,4,moderate,True,97,learned,4,0,0,0,0.0,3,0,2,0,2,0
uncertain,4,moderate,False,98,poisson,6,0,0,0,0.0,3,0,2,0,3,0
uncertain,4,moderate,False,98,fixed,6,2,0,0,0.0,3,1,2,1,3,1
uncertain,4,moderate,False,98,learned,6,2,0,0,0.0,3,1,2,1,3,1
uncertain,4,moderate,True,98,poisson,6,0,0,0,0.0,3,0,2,0,3,0
uncertain,4,moderate,True,98,fixed,6,2,0,0,0.0,3,1,2,1,3,1
uncertain,4,moderate,True,98,learned,6,2,0,0,0.0,3,1,2,1,3,1
uncertain,4,moderate,False,99,poisson,10,0,0,0,0.0,3,0,2,0,2,0
uncertain,4,moderate,False,99,fixed,10,0,0,0,0.0,3,0,2,0,2,0
uncertain,4,moderate,False,99,learned,10,0,0,0,0.0,3,0,2,0,2,0
uncertain,4,moderate,True,99,poisson,10,0,0,0,0.0,3,0,2,0,2,0
uncertain,4,moderate,True,99,fixed,10,0,0,0,0.0,3,0,2,0,2,0
uncertain,4,moderate,True,99,learned,10,0,0,0,0.0,3,0,2,0,2,0
uncertain,4,heterogeneous,False,0,poisson,2,0,0,0,0.0,3,0,2,0,2,0
uncertain,4,heterogeneous,False,0,fixed,2,0,0,0,0.0,3,0,2,0,2,0
uncertain,4,heterogeneous,False,0,learned,2,0,0,0,0.0,3,0,2,0,2,0
uncertain,4,heterogeneous,True,0,poisson,2,0,0,0,0.0,3,0,2,0,2,0
uncertain,4,heterogeneous,True,0,fixed,2,0,0,0,0.0,3,0,2,0,2,0
uncertain,4,heterogeneous,True,0,learned,2,0,0,0,0.0,3,0,2,0,2,0
uncertain,4,heterogeneous,False,1,poisson,2,0,0,0,0.0,3,0,3,0,3,0
uncertain,4,heterogeneous,False,1,fixed,2,0,0,0,0.0,3,0,3,0,3,0
uncertain,4,heterogeneous,False,1,learned,2,0,0,0,0.0,3,0,3,0,3,0
uncertain,4,heterogeneous,True,1,poisson,2,0,0,0,0.0,3,0,3,0,3,0
uncertain,4,heterogeneous,True,1,fixed,2,0,0,0,0.0,3,0,3,0,3,0
uncertain,4,heterogeneous,True,1,learned,2,0,0,0,0.0,3,0,3,0,3,0
uncertain,4,heterogeneous,False,2,poisson,6,0,0,0,0.0,3,0,2,0,2,0
uncertain,4,heterogeneous,False,2,fixed,6,0,0,0,0.0,3,0,2,0,2,0
uncertain,4,heterogeneous,False,2,learned,6,0,0,0,0.0,3,0,2,0,2,0
uncertain,4,heterogeneous,True,2,poisson,6,0,0,0,0.0,3,0,2,0,2,0
uncertain,4,heterogeneous,True,2,fixed,6,0,0,0,0.0,3,0,2,0,2,0
uncertain,4,heterogeneous,True,2,learned,6,0,0,0,0.0,3,0,2,0,2,0
uncertain,4,heterogeneous,False,3,poisson,6,0,0,0,0.0,3,0,1,0,2,0
uncertain,4,heterogeneous,False,3,fixed,6,0,0,0,0.0,3,0,1,0,2,0
uncertain,4,heterogeneous,False,3,learned,6,0,0,0,0.0,3,0,1,0,2,0
uncertain,4,heterogeneous,True,3,poisson,6,0,0,0,0.0,3,0,1,0,2,0
uncertain,4,heterogeneous,True,3,fixed,6,0,0,0,0.0,3,0,1,0,2,0
uncertain,4,heterogeneous,True,3,learned,6,0,0,0,0.0,3,0,1,0,2,0
uncertain,4,heterogeneous,False,4,poisson,4,0,0,0,0.0,3,0,1,0,1,0
uncertain,4,heterogeneous,False,4,fixed,4,0,0,0,0.0,3,0,1,0,1,0
uncertain,4,heterogeneous,False,4,learned,4,0,0,0,0.0,3,0,1,0,1,0
uncertain,4,heterogeneous,True,4,poisson,4,0,0,0,0.0,3,0,1,0,1,0
uncertain,4,heterogeneous,True,4,fixed,4,0,0,0,0.0,3,0,1,0,1,0
uncertain,4,heterogeneous,True,4,learned,4,0,0,0,0.0,3,0,1,0,1,0
uncertain,4,heterogeneous,False,5,poisson,8,0,0,0,0.0,3,0,2,0,3,0
uncertain,4,heterogeneous,False,5,fixed,8,6,2,1,0.3333333333333333,3,2,2,2,3,2
uncertain,4,heterogeneous,False,5,learned,8,2,0,0,0.0,3,1,2,1,3,1
uncertain,4,heterogeneous,True,5,poisson,8,0,0,0,0.0,3,0,2,0,3,0
uncertain,4,heterogeneous,True,5,fixed,8,6,2,1,0.3333333333333333,3,2,2,2,3,2
uncertain,4,heterogeneous,True,5,learned,8,2,0,0,0.0,3,1,2,1,3,1
uncertain,4,heterogeneous,False,6,poisson,14,0,0,0,0.0,3,0,3,0,3,0
uncertain,4,heterogeneous,False,6,fixed,14,0,0,0,0.0,3,0,3,0,3,0
uncertain,4,heterogeneous,False,6,learned,14,0,0,0,0.0,3,0,3,0,3,0
uncertain,4,heterogeneous,True,6,poisson,14,0,0,0,0.0,3,0,3,0,3,0
uncertain,4,heterogeneous,True,6,fixed,14,0,0,0,0.0,3,0,3,0,3,0
uncertain,4,heterogeneous,True,6,learned,14,0,0,0,0.0,3,0,3,0,3,0
uncertain,4,heterogeneous,False,7,poisson,4,0,0,0,0.0,3,0,1,0,2,0
uncertain,4,heterogeneous,False,7,fixed,4,0,0,0,0.0,3,0,1,0,2,0
uncertain,4,heterogeneous,False,7,learned,4,0,0,0,0.0,3,0,1,0,2,0
uncertain,4,heterogeneous,True,7,poisson,4,0,0,0,0.0,3,0,1,0,2,0
uncertain,4,heterogeneous,True,7,fixed,4,0,0,0,0.0,3,0,1,0,2,0
uncertain,4,heterogeneous,True,7,learned,4,0,0,0,0.0,3,0,1,0,2,0
uncertain,4,heterogeneous,False,8,poisson,2,2,2,1,1.0,3,0,0,0,0,0
uncertain,4,heterogeneous,False,8,fixed,2,0,0,0,0.0,3,0,0,0,0,0
uncertain,4,heterogeneous,False,8,learned,2,0,0,0,0.0,3,0,0,0,0,0
uncertain,4,heterogeneous,True,8,poisson,2,2,2,1,1.0,3,0,0,0,0,0
uncertain,4,heterogeneous,True,8,fixed,2,0,0,0,0.0,3,0,0,0,0,0
uncertain,4,heterogeneous,True,8,learned,2,0,0,0,0.0,3,0,0,0,0,0
uncertain,4,heterogeneous,False,9,poisson,0,0,0,0,0.0,3,0,0,0,1,0
uncertain,4,heterogeneous,False,9,fixed,0,0,0,0,0.0,3,0,0,0,1,0
uncertain,4,heterogeneous,False,9,learned,0,0,0,0,0.0,3,0,0,0,1,0
uncertain,4,heterogeneous,True,9,poisson,0,0,0,0,0.0,3,0,0,0,1,0
uncertain,4,heterogeneous,True,9,fixed,0,0,0,0,0.0,3,0,0,0,1,0
uncertain,4,heterogeneous,True,9,learned,0,0,0,0,0.0,3,0,0,0,1,0
uncertain,4,heterogeneous,False,10,poisson,6,0,0,0,0.0,3,0,2,0,3,0
uncertain,4,heterogeneous,False,10,fixed,6,0,0,0,0.0,3,0,2,0,3,0
uncertain,4,heterogeneous,False,10,learned,6,0,0,0,0.0,3,0,2,0,3,0
uncertain,4,heterogeneous,True,10,poisson,6,0,0,0,0.0,3,0,2,0,3,0
uncertain,4,heterogeneous,True,10,fixed,6,0,0,0,0.0,3,0,2,0,3,0
uncertain,4,heterogeneous,True,10,learned,6,0,0,0,0.0,3,0,2,0,3,0
uncertain,4,heterogeneous,False,11,poisson,12,0,0,0,0.0,3,0,1,0,2,0
uncertain,4,heterogeneous,False,11,fixed,12,0,0,0,0.0,3,0,1,0,2,0
uncertain,4,heterogeneous,False,11,learned,12,0,0,0,0.0,3,0,1,0,2,0
uncertain,4,heterogeneous,True,11,poisson,12,0,0,0,0.0,3,0,1,0,2,0
uncertain,4,heterogeneous,True,11,fixed,12,0,0,0,0.0,3,0,1,0,2,0
uncertain,4,heterogeneous,True,11,learned,12,0,0,0,0.0,3,0,1,0,2,0
uncertain,4,heterogeneous,False,12,poisson,10,0,0,0,0.0,3,0,1,0,2,0
uncertain,4,heterogeneous,False,12,fixed,10,0,0,0,0.0,3,0,1,0,2,0
uncertain,4,heterogeneous,False,12,learned,10,0,0,0,0.0,3,0,1,0,2,0
uncertain,4,heterogeneous,True,12,poisson,10,0,0,0,0.0,3,0,1,0,2,0
uncertain,4,heterogeneous,True,12,fixed,10,0,0,0,0.0,3,0,1,0,2,0
uncertain,4,heterogeneous,True,12,learned,10,0,0,0,0.0,3,0,1,0,2,0
uncertain,4,heterogeneous,False,13,poisson,4,0,0,0,0.0,3,0,1,0,1,0
uncertain,4,heterogeneous,False,13,fixed,4,0,0,0,0.0,3,0,1,0,1,0
uncertain,4,heterogeneous,False,13,learned,4,0,0,0,0.0,3,0,1,0,1,0
uncertain,4,heterogeneous,True,13,poisson,4,0,0,0,0.0,3,0,1,0,1,0
uncertain,4,heterogeneous,True,13,fixed,4,0,0,0,0.0,3,0,1,0,1,0
uncertain,4,heterogeneous,True,13,learned,4,0,0,0,0.0,3,0,1,0,1,0
uncertain,4,heterogeneous,False,14,poisson,4,0,0,0,0.0,3,0,3,0,3,0
uncertain,4,heterogeneous,False,14,fixed,4,0,0,0,0.0,3,0,3,0,3,0
uncertain,4,heterogeneous,False,14,learned,4,0,0,0,0.0,3,0,3,0,3,0
uncertain,4,heterogeneous,True,14,poisson,4,0,0,0,0.0,3,0,3,0,3,0
uncertain,4,heterogeneous,True,14,fixed,4,0,0,0,0.0,3,0,3,0,3,0
uncertain,4,heterogeneous,True,14,learned,4,0,0,0,0.0,3,0,3,0,3,0
uncertain,4,heterogeneous,False,15,poisson,2,0,0,0,0.0,3,0,0,0,2,0
uncertain,4,heterogeneous,False,15,fixed,2,0,0,0,0.0,3,0,0,0,2,0
uncertain,4,heterogeneous,False,15,learned,2,0,0,0,0.0,3,0,0,0,2,0
uncertain,4,heterogeneous,True,15,poisson,2,0,0,0,0.0,3,0,0,0,2,0
uncertain,4,heterogeneous,True,15,fixed,2,0,0,0,0.0,3,0,0,0,2,0
uncertain,4,heterogeneous,True,15,learned,2,0,0,0,0.0,3,0,0,0,2,0
uncertain,4,heterogeneous,False,16,poisson,6,0,0,0,0.0,3,0,1,0,3,0
uncertain,4,heterogeneous,False,16,fixed,6,0,0,0,0.0,3,0,1,0,3,0
uncertain,4,heterogeneous,False,16,learned,6,0,0,0,0.0,3,0,1,0,3,0
uncertain,4,heterogeneous,True,16,poisson,6,0,0,0,0.0,3,0,1,0,3,0
uncertain,4,heterogeneous,True,16,fixed,6,0,0,0,0.0,3,0,1,0,3,0
uncertain,4,heterogeneous,True,16,learned,6,0,0,0,0.0,3,0,1,0,3,0
uncertain,4,heterogeneous,False,17,poisson,0,0,0,0,0.0,3,0,1,0,1,0
uncertain,4,heterogeneous,False,17,fixed,0,0,0,0,0.0,3,0,1,0,1,0
uncertain,4,heterogeneous,False,17,learned,0,0,0,0,0.0,3,0,1,0,1,0
uncertain,4,heterogeneous,True,17,poisson,0,0,0,0,0.0,3,0,1,0,1,0
uncertain,4,heterogeneous,True,17,fixed,0,0,0,0,0.0,3,0,1,0,1,0
uncertain,4,heterogeneous,True,17,learned,0,0,0,0,0.0,3,0,1,0,1,0
uncertain,4,heterogeneous,False,18,poisson,4,0,0,0,0.0,3,0,1,0,1,0
uncertain,4,heterogeneous,False,18,fixed,4,0,0,0,0.0,3,0,1,0,1,0
uncertain,4,heterogeneous,False,18,learned,4,0,0,0,0.0,3,0,1,0,1,0
uncertain,4,heterogeneous,True,18,poisson,4,0,0,0,0.0,3,0,1,0,1,0
uncertain,4,heterogeneous,True,18,fixed,4,0,0,0,0.0,3,0,1,0,1,0
uncertain,4,heterogeneous,True,18,learned,4,0,0,0,0.0,3,0,1,0,1,0
uncertain,4,heterogeneous,False,19,poisson,4,0,0,0,0.0,3,0,0,0,1,0
uncertain,4,heterogeneous,False,19,fixed,4,0,0,0,0.0,3,0,0,0,1,0
uncertain,4,heterogeneous,False,19,learned,4,0,0,0,0.0,3,0,0,0,1,0
uncertain,4,heterogeneous,True,19,poisson,4,0,0,0,0.0,3,0,0,0,1,0
uncertain,4,heterogeneous,True,19,fixed,4,0,0,0,0.0,3,0,0,0,1,0
uncertain,4,heterogeneous,True,19,learned,4,0,0,0,0.0,3,0,0,0,1,0
uncertain,4,heterogeneous,False,20,poisson,4,0,0,0,0.0,3,0,1,0,2,0
uncertain,4,heterogeneous,False,20,fixed,4,0,0,0,0.0,3,0,1,0,2,0
uncertain,4,heterogeneous,False,20,learned,4,0,0,0,0.0,3,0,1,0,2,0
uncertain,4,heterogeneous,True,20,poisson,4,0,0,0,0.0,3,0,1,0,2,0
uncertain,4,heterogeneous,True,20,fixed,4,0,0,0,0.0,3,0,1,0,2,0
uncertain,4,heterogeneous,True,20,learned,4,0,0,0,0.0,3,0,1,0,2,0
uncertain,4,heterogeneous,False,21,poisson,4,0,0,0,0.0,3,0,1,0,2,0
uncertain,4,heterogeneous,False,21,fixed,4,0,0,0,0.0,3,0,1,0,2,0
uncertain,4,heterogeneous,False,21,learned,4,0,0,0,0.0,3,0,1,0,2,0
uncertain,4,heterogeneous,True,21,poisson,4,0,0,0,0.0,3,0,1,0,2,0
uncertain,4,heterogeneous,True,21,fixed,4,0,0,0,0.0,3,0,1,0,2,0
uncertain,4,heterogeneous,True,21,learned,4,0,0,0,0.0,3,0,1,0,2,0
uncertain,4,heterogeneous,False,22,poisson,4,0,0,0,0.0,3,0,1,0,1,0
uncertain,4,heterogeneous,False,22,fixed,4,0,0,0,0.0,3,0,1,0,1,0
uncertain,4,heterogeneous,False,22,learned,4,0,0,0,0.0,3,0,1,0,1,0
uncertain,4,heterogeneous,True,22,poisson,4,0,0,0,0.0,3,0,1,0,1,0
uncertain,4,heterogeneous,True,22,fixed,4,0,0,0,0.0,3,0,1,0,1,0
uncertain,4,heterogeneous,True,22,learned,4,0,0,0,0.0,3,0,1,0,1,0
uncertain,4,heterogeneous,False,23,poisson,6,0,0,0,0.0,3,0,0,0,2,0
uncertain,4,heterogeneous,False,23,fixed,6,0,0,0,0.0,3,0,0,0,2,0
uncertain,4,heterogeneous,False,23,learned,6,0,0,0,0.0,3,0,0,0,2,0
uncertain,4,heterogeneous,True,23,poisson,6,0,0,0,0.0,3,0,0,0,2,0
uncertain,4,heterogeneous,True,23,fixed,6,0,0,0,0.0,3,0,0,0,2,0
uncertain,4,heterogeneous,True,23,learned,6,0,0,0,0.0,3,0,0,0,2,0
uncertain,4,heterogeneous,False,24,poisson,8,0,0,0,0.0,3,0,2,0,2,0
uncertain,4,heterogeneous,False,24,fixed,8,0,0,0,0.0,3,0,2,0,2,0
uncertain,4,heterogeneous,False,24,learned,8,0,0,0,0.0,3,0,2,0,2,0
uncertain,4,heterogeneous,True,24,poisson,8,0,0,0,0.0,3,0,2,0,2,0
uncertain,4,heterogeneous,True,24,fixed,8,0,0,0,0.0,3,0,2,0,2,0
uncertain,4,heterogeneous,True,24,learned,8,0,0,0,0.0,3,0,2,0,2,0
uncertain,4,heterogeneous,False,25,poisson,8,2,0,0,0.0,3,0,2,0,2,0
uncertain,4,heterogeneous,False,25,fixed,8,4,0,0,0.0,3,1,2,1,2,1
uncertain,4,heterogeneous,False,25,learned,8,4,0,0,0.0,3,1,2,1,2,1
uncertain,4,heterogeneous,True,25,poisson,8,2,0,0,0.0,3,0,2,0,2,0
uncertain,4,heterogeneous,True,25,fixed,8,4,0,0,0.0,3,1,2,1,2,1
uncertain,4,heterogeneous,True,25,learned,8,4,0,0,0.0,3,1,2,1,2,1
uncertain,4,heterogeneous,False,26,poisson,6,0,0,0,0.0,3,0,1,0,3,0
uncertain,4,heterogeneous,False,26,fixed,6,0,0,0,0.0,3,0,1,0,3,0
uncertain,4,heterogeneous,False,26,learned,6,0,0,0,0.0,3,0,1,0,3,0
uncertain,4,heterogeneous,True,26,poisson,6,0,0,0,0.0,3,0,1,0,3,0
uncertain,4,heterogeneous,True,26,fixed,6,0,0,0,0.0,3,0,1,0,3,0
uncertain,4,heterogeneous,True,26,learned,6,0,0,0,0.0,3,0,1,0,3,0
uncertain,4,heterogeneous,False,27,poisson,6,0,0,0,0.0,3,0,1,0,2,0
uncertain,4,heterogeneous,False,27,fixed,6,0,0,0,0.0,3,0,1,0,2,0
uncertain,4,heterogeneous,False,27,learned,6,0,0,0,0.0,3,0,1,0,2,0
uncertain,4,heterogeneous,True,27,poisson,6,0,0,0,0.0,3,0,1,0,2,0
uncertain,4,heterogeneous,True,27,fixed,6,0,0,0,0.0,3,0,1,0,2,0
uncertain,4,heterogeneous,True,27,learned,6,0,0,0,0.0,3,0,1,0,2,0
uncertain,4,heterogeneous,False,28,poisson,2,0,0,0,0.0,3,0,2,0,2,0
uncertain,4,heterogeneous,False,28,fixed,2,2,0,0,0.0,3,1,2,1,2,1
uncertain,4,heterogeneous,False,28,learned,2,2,0,0,0.0,3,1,2,1,2,1
uncertain,4,heterogeneous,True,28,poisson,2,0,0,0,0.0,3,0,2,0,2,0
uncertain,4,heterogeneous,True,28,fixed,2,2,0,0,0.0,3,1,2,1,2,1
uncertain,4,heterogeneous,True,28,learned,2,2,0,0,0.0,3,1,2,1,2,1
uncertain,4,heterogeneous,False,29,poisson,8,0,0,0,0.0,3,0,1,0,2,0
uncertain,4,heterogeneous,False,29,fixed,8,0,0,0,0.0,3,0,1,0,2,0
uncertain,4,heterogeneous,False,29,learned,8,0,0,0,0.0,3,0,1,0,2,0
uncertain,4,heterogeneous,True,29,poisson,8,0,0,0,0.0,3,0,1,0,2,0
uncertain,4,heterogeneous,True,29,fixed,8,0,0,0,0.0,3,0,1,0,2,0
uncertain,4,heterogeneous,True,29,learned,8,0,0,0,0.0,3,0,1,0,2,0
uncertain,4,heterogeneous,False,30,poisson,4,0,0,0,0.0,3,0,1,0,1,0
uncertain,4,heterogeneous,False,30,fixed,4,0,0,0,0.0,3,0,1,0,1,0
uncertain,4,heterogeneous,False,30,learned,4,0,0,0,0.0,3,0,1,0,1,0
uncertain,4,heterogeneous,True,30,poisson,4,0,0,0,0.0,3,0,1,0,1,0
uncertain,4,heterogeneous,True,30,fixed,4,0,0,0,0.0,3,0,1,0,1,0
uncertain,4,heterogeneous,True,30,learned,4,0,0,0,0.0,3,0,1,0,1,0
uncertain,4,heterogeneous,False,31,poisson,4,0,0,0,0.0,3,0,0,0,0,0
uncertain,4,heterogeneous,False,31,fixed,4,0,0,0,0.0,3,0,0,0,0,0
uncertain,4,heterogeneous,False,31,learned,4,0,0,0,0.0,3,0,0,0,0,0
uncertain,4,heterogeneous,True,31,poisson,4,0,0,0,0.0,3,0,0,0,0,0
uncertain,4,heterogeneous,True,31,fixed,4,0,0,0,0.0,3,0,0,0,0,0
uncertain,4,heterogeneous,True,31,learned,4,0,0,0,0.0,3,0,0,0,0,0
uncertain,4,heterogeneous,False,32,poisson,2,0,0,0,0.0,3,0,2,0,2,0
uncertain,4,heterogeneous,False,32,fixed,2,0,0,0,0.0,3,0,2,0,2,0
uncertain,4,heterogeneous,False,32,learned,2,0,0,0,0.0,3,0,2,0,2,0
uncertain,4,heterogeneous,True,32,poisson,2,0,0,0,0.0,3,0,2,0,2,0
uncertain,4,heterogeneous,True,32,fixed,2,0,0,0,0.0,3,0,2,0,2,0
uncertain,4,heterogeneous,True,32,learned,2,0,0,0,0.0,3,0,2,0,2,0
uncertain,4,heterogeneous,False,33,poisson,6,0,0,0,0.0,3,0,2,0,2,0
uncertain,4,heterogeneous,False,33,fixed,6,0,0,0,0.0,3,0,2,0,2,0
uncertain,4,heterogeneous,False,33,learned,6,0,0,0,0.0,3,0,2,0,2,0
uncertain,4,heterogeneous,True,33,poisson,6,0,0,0,0.0,3,0,2,0,2,0
uncertain,4,heterogeneous,True,33,fixed,6,0,0,0,0.0,3,0,2,0,2,0
uncertain,4,heterogeneous,True,33,learned,6,0,0,0,0.0,3,0,2,0,2,0
uncertain,4,heterogeneous,False,34,poisson,6,0,0,0,0.0,3,0,1,0,1,0
uncertain,4,heterogeneous,False,34,fixed,6,0,0,0,0.0,3,0,1,0,1,0
uncertain,4,heterogeneous,False,34,learned,6,0,0,0,0.0,3,0,1,0,1,0
uncertain,4,heterogeneous,True,34,poisson,6,0,0,0,0.0,3,0,1,0,1,0
uncertain,4,heterogeneous,True,34,fixed,6,0,0,0,0.0,3,0,1,0,1,0
uncertain,4,heterogeneous,True,34,learned,6,0,0,0,0.0,3,0,1,0,1,0
uncertain,4,heterogeneous,False,35,poisson,6,0,0,0,0.0,3,0,3,0,3,0
uncertain,4,heterogeneous,False,35,fixed,6,0,0,0,0.0,3,0,3,0,3,0
uncertain,4,heterogeneous,False,35,learned,6,0,0,0,0.0,3,0,3,0,3,0
uncertain,4,heterogeneous,True,35,poisson,6,0,0,0,0.0,3,0,3,0,3,0
uncertain,4,heterogeneous,True,35,fixed,6,0,0,0,0.0,3,0,3,0,3,0
uncertain,4,heterogeneous,True,35,learned,6,0,0,0,0.0,3,0,3,0,3,0
uncertain,4,heterogeneous,False,36,poisson,8,0,0,0,0.0,3,0,1,0,2,0
uncertain,4,heterogeneous,False,36,fixed,8,0,0,0,0.0,3,0,1,0,2,0
uncertain,4,heterogeneous,False,36,learned,8,0,0,0,0.0,3,0,1,0,2,0
uncertain,4,heterogeneous,True,36,poisson,8,0,0,0,0.0,3,0,1,0,2,0
uncertain,4,heterogeneous,True,36,fixed,8,0,0,0,0.0,3,0,1,0,2,0
uncertain,4,heterogeneous,True,36,learned,8,0,0,0,0.0,3,0,1,0,2,0
uncertain,4,heterogeneous,False,37,poisson,8,0,0,0,0.0,3,0,1,0,1,0
uncertain,4,heterogeneous,False,37,fixed,8,0,0,0,0.0,3,0,1,0,1,0
uncertain,4,heterogeneous,False,37,learned,8,0,0,0,0.0,3,0,1,0,1,0
uncertain,4,heterogeneous,True,37,poisson,8,0,0,0,0.0,3,0,1,0,1,0
uncertain,4,heterogeneous,True,37,fixed,8,0,0,0,0.0,3,0,1,0,1,0
uncertain,4,heterogeneous,True,37,learned,8,0,0,0,0.0,3,0,1,0,1,0
uncertain,4,heterogeneous,False,38,poisson,6,0,0,0,0.0,3,0,1,0,1,0
uncertain,4,heterogeneous,False,38,fixed,6,0,0,0,0.0,3,0,1,0,1,0
uncertain,4,heterogeneous,False,38,learned,6,0,0,0,0.0,3,0,1,0,1,0
uncertain,4,heterogeneous,True,38,poisson,6,0,0,0,0.0,3,0,1,0,1,0
uncertain,4,heterogeneous,True,38,fixed,6,0,0,0,0.0,3,0,1,0,1,0
uncertain,4,heterogeneous,True,38,learned,6,0,0,0,0.0,3,0,1,0,1,0
uncertain,4,heterogeneous,False,39,poisson,6,0,0,0,0.0,3,0,2,0,3,0
uncertain,4,heterogeneous,False,39,fixed,6,0,0,0,0.0,3,0,2,0,3,0
uncertain,4,heterogeneous,False,39,learned,6,0,0,0,0.0,3,0,2,0,3,0
uncertain,4,heterogeneous,True,39,poisson,6,0,0,0,0.0,3,0,2,0,3,0
uncertain,4,heterogeneous,True,39,fixed,6,0,0,0,0.0,3,0,2,0,3,0
uncertain,4,heterogeneous,True,39,learned,6,0,0,0,0.0,3,0,2,0,3,0
uncertain,4,heterogeneous,False,40,poisson,2,0,0,0,0.0,3,0,1,0,1,0
uncertain,4,heterogeneous,False,40,fixed,2,0,0,0,0.0,3,0,1,0,1,0
uncertain,4,heterogeneous,False,40,learned,2,0,0,0,0.0,3,0,1,0,1,0
uncertain,4,heterogeneous,True,40,poisson,2,0,0,0,0.0,3,0,1,0,1,0
uncertain,4,heterogeneous,True,40,fixed,2,0,0,0,0.0,3,0,1,0,1,0
uncertain,4,heterogeneous,True,40,learned,2,0,0,0,0.0,3,0,1,0,1,0
uncertain,4,heterogeneous,False,41,poisson,2,2,0,0,0.0,3,1,2,1,2,1
uncertain,4,heterogeneous,False,41,fixed,2,0,0,0,0.0,3,0,2,0,2,0
uncertain,4,heterogeneous,False,41,learned,2,2,0,0,0.0,3,1,2,1,2,1
uncertain,4,heterogeneous,True,41,poisson,2,2,0,0,0.0,3,1,2,1,2,1
uncertain,4,heterogeneous,True,41,fixed,2,0,0,0,0.0,3,0,2,0,2,0
uncertain,4,heterogeneous,True,41,learned,2,2,0,0,0.0,3,1,2,1,2,1
uncertain,4,heterogeneous,False,42,poisson,2,0,0,0,0.0,3,0,1,0,2,0
uncertain,4,heterogeneous,False,42,fixed,2,0,0,0,0.0,3,0,1,0,2,0
uncertain,4,heterogeneous,False,42,learned,2,0,0,0,0.0,3,0,1,0,2,0
uncertain,4,heterogeneous,True,42,poisson,2,0,0,0,0.0,3,0,1,0,2,0
uncertain,4,heterogeneous,True,42,fixed,2,0,0,0,0.0,3,0,1,0,2,0
uncertain,4,heterogeneous,True,42,learned,2,0,0,0,0.0,3,0,1,0,2,0
uncertain,4,heterogeneous,False,43,poisson,2,0,0,0,0.0,3,0,0,0,1,0
uncertain,4,heterogeneous,False,43,fixed,2,0,0,0,0.0,3,0,0,0,1,0
uncertain,4,heterogeneous,False,43,learned,2,0,0,0,0.0,3,0,0,0,1,0
uncertain,4,heterogeneous,True,43,poisson,2,0,0,0,0.0,3,0,0,0,1,0
uncertain,4,heterogeneous,True,43,fixed,2,0,0,0,0.0,3,0,0,0,1,0
uncertain,4,heterogeneous,True,43,learned,2,0,0,0,0.0,3,0,0,0,1,0
uncertain,4,heterogeneous,False,44,poisson,12,0,0,0,0.0,3,0,1,0,2,0
uncertain,4,heterogeneous,False,44,fixed,12,0,0,0,0.0,3,0,1,0,2,0
uncertain,4,heterogeneous,False,44,learned,12,0,0,0,0.0,3,0,1,0,2,0
uncertain,4,heterogeneous,True,44,poisson,12,0,0,0,0.0,3,0,1,0,2,0
uncertain,4,heterogeneous,True,44,fixed,12,0,0,0,0.0,3,0,1,0,2,0
uncertain,4,heterogeneous,True,44,learned,12,0,0,0,0.0,3,0,1,0,2,0
uncertain,4,heterogeneous,False,45,poisson,8,0,0,0,0.0,3,0,3,0,3,0
uncertain,4,heterogeneous,False,45,fixed,8,2,0,0,0.0,3,1,3,1,3,1
uncertain,4,heterogeneous,False,45,learned,8,2,0,0,0.0,3,1,3,1,3,1
uncertain,4,heterogeneous,True,45,poisson,8,0,0,0,0.0,3,0,3,0,3,0
uncertain,4,heterogeneous,True,45,fixed,8,2,0,0,0.0,3,1,3,1,3,1
uncertain,4,heterogeneous,True,45,learned,8,2,0,0,0.0,3,1,3,1,3,1
uncertain,4,heterogeneous,False,46,poisson,6,0,0,0,0.0,3,0,1,0,1,0
uncertain,4,heterogeneous,False,46,fixed,6,0,0,0,0.0,3,0,1,0,1,0
uncertain,4,heterogeneous,False,46,learned,6,0,0,0,0.0,3,0,1,0,1,0
uncertain,4,heterogeneous,True,46,poisson,6,0,0,0,0.0,3,0,1,0,1,0
uncertain,4,heterogeneous,True,46,fixed,6,0,0,0,0.0,3,0,1,0,1,0
uncertain,4,heterogeneous,True,46,learned,6,0,0,0,0.0,3,0,1,0,1,0
uncertain,4,heterogeneous,False,47,poisson,0,0,0,0,0.0,3,0,1,0,1,0
uncertain,4,heterogeneous,False,47,fixed,0,0,0,0,0.0,3,0,1,0,1,0
uncertain,4,heterogeneous,False,47,learned,0,0,0,0,0.0,3,0,1,0,1,0
uncertain,4,heterogeneous,True,47,poisson,0,0,0,0,0.0,3,0,1,0,1,0
uncertain,4,heterogeneous,True,47,fixed,0,0,0,0,0.0,3,0,1,0,1,0
uncertain,4,heterogeneous,True,47,learned,0,0,0,0,0.0,3,0,1,0,1,0
uncertain,4,heterogeneous,False,48,poisson,8,0,0,0,0.0,3,0,2,0,2,0
uncertain,4,heterogeneous,False,48,fixed,8,0,0,0,0.0,3,0,2,0,2,0
uncertain,4,heterogeneous,False,48,learned,8,0,0,0,0.0,3,0,2,0,2,0
uncertain,4,heterogeneous,True,48,poisson,8,0,0,0,0.0,3,0,2,0,2,0
uncertain,4,heterogeneous,True,48,fixed,8,0,0,0,0.0,3,0,2,0,2,0
uncertain,4,heterogeneous,True,48,learned,8,0,0,0,0.0,3,0,2,0,2,0
uncertain,4,heterogeneous,False,49,poisson,2,0,0,0,0.0,3,0,1,0,3,0
uncertain,4,heterogeneous,False,49,fixed,2,0,0,0,0.0,3,0,1,0,3,0
uncertain,4,heterogeneous,False,49,learned,2,0,0,0,0.0,3,0,1,0,3,0
uncertain,4,heterogeneous,True,49,poisson,2,0,0,0,0.0,3,0,1,0,3,0
uncertain,4,heterogeneous,True,49,fixed,2,0,0,0,0.0,3,0,1,0,3,0
uncertain,4,heterogeneous,True,49,learned,2,0,0,0,0.0,3,0,1,0,3,0
uncertain,4,heterogeneous,False,50,poisson,4,0,0,0,0.0,3,0,2,0,2,0
uncertain,4,heterogeneous,False,50,fixed,4,0,0,0,0.0,3,0,2,0,2,0
uncertain,4,heterogeneous,False,50,learned,4,0,0,0,0.0,3,0,2,0,2,0
uncertain,4,heterogeneous,True,50,poisson,4,0,0,0,0.0,3,0,2,0,2,0
uncertain,4,heterogeneous,True,50,fixed,4,0,0,0,0.0,3,0,2,0,2,0
uncertain,4,heterogeneous,True,50,learned,4,0,0,0,0.0,3,0,2,0,2,0
uncertain,4,heterogeneous,False,51,poisson,4,0,0,0,0.0,3,0,2,0,3,0
uncertain,4,heterogeneous,False,51,fixed,4,0,0,0,0.0,3,0,2,0,3,0
uncertain,4,heterogeneous,False,51,learned,4,0,0,0,0.0,3,0,2,0,3,0
uncertain,4,heterogeneous,True,51,poisson,4,0,0,0,0.0,3,0,2,0,3,0
uncertain,4,heterogeneous,True,51,fixed,4,0,0,0,0.0,3,0,2,0,3,0
uncertain,4,heterogeneous,True,51,learned,4,0,0,0,0.0,3,0,2,0,3,0
uncertain,4,heterogeneous,False,52,poisson,4,0,0,0,0.0,3,0,2,0,2,0
uncertain,4,heterogeneous,False,52,fixed,4,0,0,0,0.0,3,0,2,0,2,0
uncertain,4,heterogeneous,False,52,learned,4,0,0,0,0.0,3,0,2,0,2,0
uncertain,4,heterogeneous,True,52,poisson,4,0,0,0,0.0,3,0,2,0,2,0
uncertain,4,heterogeneous,True,52,fixed,4,0,0,0,0.0,3,0,2,0,2,0
uncertain,4,heterogeneous,True,52,learned,4,0,0,0,0.0,3,0,2,0,2,0
uncertain,4,heterogeneous,False,53,poisson,4,0,0,0,0.0,3,0,1,0,1,0
uncertain,4,heterogeneous,False,53,fixed,4,0,0,0,0.0,3,0,1,0,1,0
uncertain,4,heterogeneous,False,53,learned,4,0,0,0,0.0,3,0,1,0,1,0
uncertain,4,heterogeneous,True,53,poisson,4,0,0,0,0.0,3,0,1,0,1,0
uncertain,4,heterogeneous,True,53,fixed,4,0,0,0,0.0,3,0,1,0,1,0
uncertain,4,heterogeneous,True,53,learned,4,0,0,0,0.0,3,0,1,0,1,0
uncertain,4,heterogeneous,False,54,poisson,4,0,0,0,0.0,3,0,2,0,3,0
uncertain,4,heterogeneous,False,54,fixed,4,0,0,0,0.0,3,0,2,0,3,0
uncertain,4,heterogeneous,False,54,learned,4,0,0,0,0.0,3,0,2,0,3,0
uncertain,4,heterogeneous,True,54,poisson,4,0,0,0,0.0,3,0,2,0,3,0
uncertain,4,heterogeneous,True,54,fixed,4,0,0,0,0.0,3,0,2,0,3,0
uncertain,4,heterogeneous,True,54,learned,4,0,0,0,0.0,3,0,2,0,3,0
uncertain,4,heterogeneous,False,55,poisson,6,0,0,0,0.0,3,0,1,0,1,0
uncertain,4,heterogeneous,False,55,fixed,6,2,2,1,1.0,3,0,1,0,1,0
uncertain,4,heterogeneous,False,55,learned,6,2,2,1,1.0,3,0,1,0,1,0
uncertain,4,heterogeneous,True,55,poisson,6,0,0,0,0.0,3,0,1,0,1,0
uncertain,4,heterogeneous,True,55,fixed,6,0,0,0,0.0,3,0,1,0,1,0
uncertain,4,heterogeneous,True,55,learned,6,0,0,0,0.0,3,0,1,0,1,0
uncertain,4,heterogeneous,False,56,poisson,8,0,0,0,0.0,3,0,1,0,3,0
uncertain,4,heterogeneous,False,56,fixed,8,0,0,0,0.0,3,0,1,0,3,0
uncertain,4,heterogeneous,False,56,learned,8,0,0,0,0.0,3,0,1,0,3,0
uncertain,4,heterogeneous,True,56,poisson,8,0,0,0,0.0,3,0,1,0,3,0
uncertain,4,heterogeneous,True,56,fixed,8,0,0,0,0.0,3,0,1,0,3,0
uncertain,4,heterogeneous,True,56,learned,8,0,0,0,0.0,3,0,1,0,3,0
uncertain,4,heterogeneous,False,57,poisson,6,0,0,0,0.0,3,0,1,0,2,0
uncertain,4,heterogeneous,False,57,fixed,6,0,0,0,0.0,3,0,1,0,2,0
uncertain,4,heterogeneous,False,57,learned,6,0,0,0,0.0,3,0,1,0,2,0
uncertain,4,heterogeneous,True,57,poisson,6,0,0,0,0.0,3,0,1,0,2,0
uncertain,4,heterogeneous,True,57,fixed,6,0,0,0,0.0,3,0,1,0,2,0
uncertain,4,heterogeneous,True,57,learned,6,0,0,0,0.0,3,0,1,0,2,0
uncertain,4,heterogeneous,False,58,poisson,6,0,0,0,0.0,3,0,1,0,1,0
uncertain,4,heterogeneous,False,58,fixed,6,0,0,0,0.0,3,0,1,0,1,0
uncertain,4,heterogeneous,False,58,learned,6,0,0,0,0.0,3,0,1,0,1,0
uncertain,4,heterogeneous,True,58,poisson,6,0,0,0,0.0,3,0,1,0,1,0
uncertain,4,heterogeneous,True,58,fixed,6,0,0,0,0.0,3,0,1,0,1,0
uncertain,4,heterogeneous,True,58,learned,6,0,0,0,0.0,3,0,1,0,1,0
uncertain,4,heterogeneous,False,59,poisson,2,0,0,0,0.0,3,0,2,0,3,0
uncertain,4,heterogeneous,False,59,fixed,2,0,0,0,0.0,3,0,2,0,3,0
uncertain,4,heterogeneous,False,59,learned,2,0,0,0,0.0,3,0,2,0,3,0
uncertain,4,heterogeneous,True,59,poisson,2,0,0,0,0.0,3,0,2,0,3,0
uncertain,4,heterogeneous,True,59,fixed,2,0,0,0,0.0,3,0,2,0,3,0
uncertain,4,heterogeneous,True,59,learned,2,0,0,0,0.0,3,0,2,0,3,0
uncertain,4,heterogeneous,False,60,poisson,6,0,0,0,0.0,3,0,1,0,1,0
uncertain,4,heterogeneous,False,60,fixed,6,0,0,0,0.0,3,0,1,0,1,0
uncertain,4,heterogeneous,False,60,learned,6,0,0,0,0.0,3,0,1,0,1,0
uncertain,4,heterogeneous,True,60,poisson,6,0,0,0,0.0,3,0,1,0,1,0
uncertain,4,heterogeneous,True,60,fixed,6,0,0,0,0.0,3,0,1,0,1,0
uncertain,4,heterogeneous,True,60,learned,6,0,0,0,0.0,3,0,1,0,1,0
uncertain,4,heterogeneous,False,61,poisson,6,0,0,0,0.0,3,0,1,0,2,0
uncertain,4,heterogeneous,False,61,fixed,6,0,0,0,0.0,3,0,1,0,2,0
uncertain,4,heterogeneous,False,61,learned,6,0,0,0,0.0,3,0,1,0,2,0
uncertain,4,heterogeneous,True,61,poisson,6,0,0,0,0.0,3,0,1,0,2,0
uncertain,4,heterogeneous,True,61,fixed,6,0,0,0,0.0,3,0,1,0,2,0
uncertain,4,heterogeneous,True,61,learned,6,0,0,0,0.0,3,0,1,0,2,0
uncertain,4,heterogeneous,False,62,poisson,4,0,0,0,0.0,3,0,2,0,2,0
uncertain,4,heterogeneous,False,62,fixed,4,0,0,0,0.0,3,0,2,0,2,0
uncertain,4,heterogeneous,False,62,learned,4,0,0,0,0.0,3,0,2,0,2,0
uncertain,4,heterogeneous,True,62,poisson,4,0,0,0,0.0,3,0,2,0,2,0
uncertain,4,heterogeneous,True,62,fixed,4,0,0,0,0.0,3,0,2,0,2,0
uncertain,4,heterogeneous,True,62,learned,4,0,0,0,0.0,3,0,2,0,2,0
uncertain,4,heterogeneous,False,63,poisson,2,0,0,0,0.0,3,0,1,0,2,0
uncertain,4,heterogeneous,False,63,fixed,2,0,0,0,0.0,3,0,1,0,2,0
uncertain,4,heterogeneous,False,63,learned,2,0,0,0,0.0,3,0,1,0,2,0
uncertain,4,heterogeneous,True,63,poisson,2,0,0,0,0.0,3,0,1,0,2,0
uncertain,4,heterogeneous,True,63,fixed,2,0,0,0,0.0,3,0,1,0,2,0
uncertain,4,heterogeneous,True,63,learned,2,0,0,0,0.0,3,0,1,0,2,0
uncertain,4,heterogeneous,False,64,poisson,2,0,0,0,0.0,3,0,1,0,2,0
uncertain,4,heterogeneous,False,64,fixed,2,0,0,0,0.0,3,0,1,0,2,0
uncertain,4,heterogeneous,False,64,learned,2,0,0,0,0.0,3,0,1,0,2,0
uncertain,4,heterogeneous,True,64,poisson,2,0,0,0,0.0,3,0,1,0,2,0
uncertain,4,heterogeneous,True,64,fixed,2,0,0,0,0.0,3,0,1,0,2,0
uncertain,4,heterogeneous,True,64,learned,2,0,0,0,0.0,3,0,1,0,2,0
uncertain,4,heterogeneous,False,65,poisson,10,0,0,0,0.0,3,0,2,0,2,0
uncertain,4,heterogeneous,False,65,fixed,10,0,0,0,0.0,3,0,2,0,2,0
uncertain,4,heterogeneous,False,65,learned,10,0,0,0,0.0,3,0,2,0,2,0
uncertain,4,heterogeneous,True,65,poisson,10,0,0,0,0.0,3,0,2,0,2,0
uncertain,4,heterogeneous,True,65,fixed,10,0,0,0,0.0,3,0,2,0,2,0
uncertain,4,heterogeneous,True,65,learned,10,0,0,0,0.0,3,0,2,0,2,0
uncertain,4,heterogeneous,False,66,poisson,4,0,0,0,0.0,3,0,2,0,2,0
uncertain,4,heterogeneous,False,66,fixed,4,0,0,0,0.0,3,0,2,0,2,0
uncertain,4,heterogeneous,False,66,learned,4,0,0,0,0.0,3,0,2,0,2,0
uncertain,4,heterogeneous,True,66,poisson,4,0,0,0,0.0,3,0,2,0,2,0
uncertain,4,heterogeneous,True,66,fixed,4,0,0,0,0.0,3,0,2,0,2,0
uncertain,4,heterogeneous,True,66,learned,4,0,0,0,0.0,3,0,2,0,2,0
uncertain,4,heterogeneous,False,67,poisson,4,0,0,0,0.0,3,0,0,0,1,0
uncertain,4,heterogeneous,False,67,fixed,4,0,0,0,0.0,3,0,0,0,1,0
uncertain,4,heterogeneous,False,67,learned,4,0,0,0,0.0,3,0,0,0,1,0
uncertain,4,heterogeneous,True,67,poisson,4,0,0,0,0.0,3,0,0,0,1,0
uncertain,4,heterogeneous,True,67,fixed,4,0,0,0,0.0,3,0,0,0,1,0
uncertain,4,heterogeneous,True,67,learned,4,0,0,0,0.0,3,0,0,0,1,0
uncertain,4,heterogeneous,False,68,poisson,4,0,0,0,0.0,3,0,2,0,3,0
uncertain,4,heterogeneous,False,68,fixed,4,0,0,0,0.0,3,0,2,0,3,0
uncertain,4,heterogeneous,False,68,learned,4,0,0,0,0.0,3,0,2,0,3,0
uncertain,4,heterogeneous,True,68,poisson,4,0,0,0,0.0,3,0,2,0,3,0
uncertain,4,heterogeneous,True,68,fixed,4,0,0,0,0.0,3,0,2,0,3,0
uncertain,4,heterogeneous,True,68,learned,4,0,0,0,0.0,3,0,2,0,3,0
uncertain,4,heterogeneous,False,69,poisson,10,0,0,0,0.0,3,0,3,0,3,0
uncertain,4,heterogeneous,False,69,fixed,10,0,0,0,0.0,3,0,3,0,3,0
uncertain,4,heterogeneous,False,69,learned,10,0,0,0,0.0,3,0,3,0,3,0
uncertain,4,heterogeneous,True,69,poisson,10,0,0,0,0.0,3,0,3,0,3,0
uncertain,4,heterogeneous,True,69,fixed,10,0,0,0,0.0,3,0,3,0,3,0
uncertain,4,heterogeneous,True,69,learned,10,0,0,0,0.0,3,0,3,0,3,0
uncertain,4,heterogeneous,False,70,poisson,0,0,0,0,0.0,3,0,2,0,3,0
uncertain,4,heterogeneous,False,70,fixed,0,0,0,0,0.0,3,0,2,0,3,0
uncertain,4,heterogeneous,False,70,learned,0,0,0,0,0.0,3,0,2,0,3,0
uncertain,4,heterogeneous,True,70,poisson,0,0,0,0,0.0,3,0,2,0,3,0
uncertain,4,heterogeneous,True,70,fixed,0,0,0,0,0.0,3,0,2,0,3,0
uncertain,4,heterogeneous,True,70,learned,0,0,0,0,0.0,3,0,2,0,3,0
uncertain,4,heterogeneous,False,71,poisson,2,0,0,0,0.0,3,0,2,0,2,0
uncertain,4,heterogeneous,False,71,fixed,2,0,0,0,0.0,3,0,2,0,2,0
uncertain,4,heterogeneous,False,71,learned,2,0,0,0,0.0,3,0,2,0,2,0
uncertain,4,heterogeneous,True,71,poisson,2,0,0,0,0.0,3,0,2,0,2,0
uncertain,4,heterogeneous,True,71,fixed,2,0,0,0,0.0,3,0,2,0,2,0
uncertain,4,heterogeneous,True,71,learned,2,0,0,0,0.0,3,0,2,0,2,0
uncertain,4,heterogeneous,False,72,poisson,6,0,0,0,0.0,3,0,0,0,0,0
uncertain,4,heterogeneous,False,72,fixed,6,0,0,0,0.0,3,0,0,0,0,0
uncertain,4,heterogeneous,False,72,learned,6,0,0,0,0.0,3,0,0,0,0,0
uncertain,4,heterogeneous,True,72,poisson,6,0,0,0,0.0,3,0,0,0,0,0
uncertain,4,heterogeneous,True,72,fixed,6,0,0,0,0.0,3,0,0,0,0,0
uncertain,4,heterogeneous,True,72,learned,6,0,0,0,0.0,3,0,0,0,0,0
uncertain,4,heterogeneous,False,73,poisson,4,0,0,0,0.0,3,0,0,0,2,0
uncertain,4,heterogeneous,False,73,fixed,4,0,0,0,0.0,3,0,0,0,2,0
uncertain,4,heterogeneous,False,73,learned,4,0,0,0,0.0,3,0,0,0,2,0
uncertain,4,heterogeneous,True,73,poisson,4,0,0,0,0.0,3,0,0,0,2,0
uncertain,4,heterogeneous,True,73,fixed,4,0,0,0,0.0,3,0,0,0,2,0
uncertain,4,heterogeneous,True,73,learned,4,0,0,0,0.0,3,0,0,0,2,0
uncertain,4,heterogeneous,False,74,poisson,4,0,0,0,0.0,3,0,2,0,2,0
uncertain,4,heterogeneous,False,74,fixed,4,0,0,0,0.0,3,0,2,0,2,0
uncertain,4,heterogeneous,False,74,learned,4,0,0,0,0.0,3,0,2,0,2,0
uncertain,4,heterogeneous,True,74,poisson,4,0,0,0,0.0,3,0,2,0,2,0
uncertain,4,heterogeneous,True,74,fixed,4,0,0,0,0.0,3,0,2,0,2,0
uncertain,4,heterogeneous,True,74,learned,4,0,0,0,0.0,3,0,2,0,2,0
uncertain,4,heterogeneous,False,75,poisson,6,2,2,1,1.0,3,0,1,0,2,0
uncertain,4,heterogeneous,False,75,fixed,6,0,0,0,0.0,3,0,1,0,2,0
uncertain,4,heterogeneous,False,75,learned,6,0,0,0,0.0,3,0,1,0,2,0
uncertain,4,heterogeneous,True,75,poisson,6,2,2,1,1.0,3,0,1,0,2,0
uncertain,4,heterogeneous,True,75,fixed,6,0,0,0,0.0,3,0,1,0,2,0
uncertain,4,heterogeneous,True,75,learned,6,0,0,0,0.0,3,0,1,0,2,0
uncertain,4,heterogeneous,False,76,poisson,4,0,0,0,0.0,3,0,1,0,2,0
uncertain,4,heterogeneous,False,76,fixed,4,0,0,0,0.0,3,0,1,0,2,0
uncertain,4,heterogeneous,False,76,learned,4,0,0,0,0.0,3,0,1,0,2,0
uncertain,4,heterogeneous,True,76,poisson,4,0,0,0,0.0,3,0,1,0,2,0
uncertain,4,heterogeneous,True,76,fixed,4,0,0,0,0.0,3,0,1,0,2,0
uncertain,4,heterogeneous,True,76,learned,4,0,0,0,0.0,3,0,1,0,2,0
uncertain,4,heterogeneous,False,77,poisson,6,0,0,0,0.0,3,0,2,0,3,0
uncertain,4,heterogeneous,False,77,fixed,6,0,0,0,0.0,3,0,2,0,3,0
uncertain,4,heterogeneous,False,77,learned,6,0,0,0,0.0,3,0,2,0,3,0
uncertain,4,heterogeneous,True,77,poisson,6,0,0,0,0.0,3,0,2,0,3,0
uncertain,4,heterogeneous,True,77,fixed,6,0,0,0,0.0,3,0,2,0,3,0
uncertain,4,heterogeneous,True,77,learned,6,0,0,0,0.0,3,0,2,0,3,0
uncertain,4,heterogeneous,False,78,poisson,8,0,0,0,0.0,3,0,1,0,2,0
uncertain,4,heterogeneous,False,78,fixed,8,0,0,0,0.0,3,0,1,0,2,0
uncertain,4,heterogeneous,False,78,learned,8,0,0,0,0.0,3,0,1,0,2,0
uncertain,4,heterogeneous,True,78,poisson,8,0,0,0,0.0,3,0,1,0,2,0
uncertain,4,heterogeneous,True,78,fixed,8,0,0,0,0.0,3,0,1,0,2,0
uncertain,4,heterogeneous,True,78,learned,8,0,0,0,0.0,3,0,1,0,2,0
uncertain,4,heterogeneous,False,79,poisson,4,0,0,0,0.0,3,0,2,0,3,0
uncertain,4,heterogeneous,False,79,fixed,4,0,0,0,0.0,3,0,2,0,3,0
uncertain,4,heterogeneous,False,79,learned,4,0,0,0,0.0,3,0,2,0,3,0
uncertain,4,heterogeneous,True,79,poisson,4,0,0,0,0.0,3,0,2,0,3,0
uncertain,4,heterogeneous,True,79,fixed,4,0,0,0,0.0,3,0,2,0,3,0
uncertain,4,heterogeneous,True,79,learned,4,0,0,0,0.0,3,0,2,0,3,0
uncertain,4,heterogeneous,False,80,poisson,2,2,0,0,0.0,3,1,3,1,3,1
uncertain,4,heterogeneous,False,80,fixed,2,0,0,0,0.0,3,0,3,0,3,0
uncertain,4,heterogeneous,False,80,learned,2,0,0,0,0.0,3,0,3,0,3,0
uncertain,4,heterogeneous,True,80,poisson,2,2,0,0,0.0,3,1,3,1,3,1
uncertain,4,heterogeneous,True,80,fixed,2,0,0,0,0.0,3,0,3,0,3,0
uncertain,4,heterogeneous,True,80,learned,2,0,0,0,0.0,3,0,3,0,3,0
uncertain,4,heterogeneous,False,81,poisson,10,0,0,0,0.0,3,0,1,0,1,0
uncertain,4,heterogeneous,False,81,fixed,10,0,0,0,0.0,3,0,1,0,1,0
uncertain,4,heterogeneous,False,81,learned,10,0,0,0,0.0,3,0,1,0,1,0
uncertain,4,heterogeneous,True,81,poisson,10,0,0,0,0.0,3,0,1,0,1,0
uncertain,4,heterogeneous,True,81,fixed,10,0,0,0,0.0,3,0,1,0,1,0
uncertain,4,heterogeneous,True,81,learned,10,0,0,0,0.0,3,0,1,0,1,0
uncertain,4,heterogeneous,False,82,poisson,4,0,0,0,0.0,3,0,2,0,3,0
uncertain,4,heterogeneous,False,82,fixed,4,0,0,0,0.0,3,0,2,0,3,0
uncertain,4,heterogeneous,False,82,learned,4,0,0,0,0.0,3,0,2,0,3,0
uncertain,4,heterogeneous,True,82,poisson,4,0,0,0,0.0,3,0,2,0,3,0
uncertain,4,heterogeneous,True,82,fixed,4,0,0,0,0.0,3,0,2,0,3,0
uncertain,4,heterogeneous,True,82,learned,4,0,0,0,0.0,3,0,2,0,3,0
uncertain,4,heterogeneous,False,83,poisson,6,0,0,0,0.0,3,0,1,0,2,0
uncertain,4,heterogeneous,False,83,fixed,6,0,0,0,0.0,3,0,1,0,2,0
uncertain,4,heterogeneous,False,83,learned,6,0,0,0,0.0,3,0,1,0,2,0
uncertain,4,heterogeneous,True,83,poisson,6,0,0,0,0.0,3,0,1,0,2,0
uncertain,4,heterogeneous,True,83,fixed,6,0,0,0,0.0,3,0,1,0,2,0
uncertain,4,heterogeneous,True,83,learned,6,0,0,0,0.0,3,0,1,0,2,0
uncertain,4,heterogeneous,False,84,poisson,4,0,0,0,0.0,3,0,0,0,0,0
uncertain,4,heterogeneous,False,84,fixed,4,0,0,0,0.0,3,0,0,0,0,0
uncertain,4,heterogeneous,False,84,learned,4,0,0,0,0.0,3,0,0,0,0,0
uncertain,4,heterogeneous,True,84,poisson,4,0,0,0,0.0,3,0,0,0,0,0
uncertain,4,heterogeneous,True,84,fixed,4,0,0,0,0.0,3,0,0,0,0,0
uncertain,4,heterogeneous,True,84,learned,4,0,0,0,0.0,3,0,0,0,0,0
uncertain,4,heterogeneous,False,85,poisson,0,0,0,0,0.0,3,0,1,0,1,0
uncertain,4,heterogeneous,False,85,fixed,0,0,0,0,0.0,3,0,1,0,1,0
uncertain,4,heterogeneous,False,85,learned,0,0,0,0,0.0,3,0,1,0,1,0
uncertain,4,heterogeneous,True,85,poisson,0,0,0,0,0.0,3,0,1,0,1,0
uncertain,4,heterogeneous,True,85,fixed,0,0,0,0,0.0,3,0,1,0,1,0
uncertain,4,heterogeneous,True,85,learned,0,0,0,0,0.0,3,0,1,0,1,0
uncertain,4,heterogeneous,False,86,poisson,8,0,0,0,0.0,3,0,1,0,2,0
uncertain,4,heterogeneous,False,86,fixed,8,0,0,0,0.0,3,0,1,0,2,0
uncertain,4,heterogeneous,False,86,learned,8,0,0,0,0.0,3,0,1,0,2,0
uncertain,4,heterogeneous,True,86,poisson,8,0,0,0,0.0,3,0,1,0,2,0
uncertain,4,heterogeneous,True,86,fixed,8,0,0,0,0.0,3,0,1,0,2,0
uncertain,4,heterogeneous,True,86,learned,8,0,0,0,0.0,3,0,1,0,2,0
uncertain,4,heterogeneous,False,87,poisson,2,2,0,0,0.0,3,1,1,1,1,1
uncertain,4,heterogeneous,False,87,fixed,2,0,0,0,0.0,3,0,1,0,1,0
uncertain,4,heterogeneous,False,87,learned,2,0,0,0,0.0,3,0,1,0,1,0
uncertain,4,heterogeneous,True,87,poisson,2,2,0,0,0.0,3,1,1,1,1,1
uncertain,4,heterogeneous,True,87,fixed,2,0,0,0,0.0,3,0,1,0,1,0
uncertain,4,heterogeneous,True,87,learned,2,0,0,0,0.0,3,0,1,0,1,0
uncertain,4,heterogeneous,False,88,poisson,4,0,0,0,0.0,3,0,2,0,3,0
uncertain,4,heterogeneous,False,88,fixed,4,4,2,1,0.5,3,1,2,1,3,1
uncertain,4,heterogeneous,False,88,learned,4,0,0,0,0.0,3,0,2,0,3,0
uncertain,4,heterogeneous,True,88,poisson,4,0,0,0,0.0,3,0,2,0,3,0
uncertain,4,heterogeneous,True,88,fixed,4,0,0,0,0.0,3,0,2,0,3,0
uncertain,4,heterogeneous,True,88,learned,4,0,0,0,0.0,3,0,2,0,3,0
uncertain,4,heterogeneous,False,89,poisson,6,0,0,0,0.0,3,0,2,0,2,0
uncertain,4,heterogeneous,False,89,fixed,6,0,0,0,0.0,3,0,2,0,2,0
uncertain,4,heterogeneous,False,89,learned,6,0,0,0,0.0,3,0,2,0,2,0
uncertain,4,heterogeneous,True,89,poisson,6,0,0,0,0.0,3,0,2,0,2,0
uncertain,4,heterogeneous,True,89,fixed,6,0,0,0,0.0,3,0,2,0,2,0
uncertain,4,heterogeneous,True,89,learned,6,0,0,0,0.0,3,0,2,0,2,0
uncertain,4,heterogeneous,False,90,poisson,4,0,0,0,0.0,3,0,2,0,3,0
uncertain,4,heterogeneous,False,90,fixed,4,0,0,0,0.0,3,0,2,0,3,0
uncertain,4,heterogeneous,False,90,learned,4,0,0,0,0.0,3,0,2,0,3,0
uncertain,4,heterogeneous,True,90,poisson,4,0,0,0,0.0,3,0,2,0,3,0
uncertain,4,heterogeneous,True,90,fixed,4,0,0,0,0.0,3,0,2,0,3,0
uncertain,4,heterogeneous,True,90,learned,4,0,0,0,0.0,3,0,2,0,3,0
uncertain,4,heterogeneous,False,91,poisson,6,0,0,0,0.0,3,0,1,0,2,0
uncertain,4,heterogeneous,False,91,fixed,6,0,0,0,0.0,3,0,1,0,2,0
uncertain,4,heterogeneous,False,91,learned,6,0,0,0,0.0,3,0,1,0,2,0
uncertain,4,heterogeneous,True,91,poisson,6,0,0,0,0.0,3,0,1,0,2,0
uncertain,4,heterogeneous,True,91,fixed,6,0,0,0,0.0,3,0,1,0,2,0
uncertain,4,heterogeneous,True,91,learned,6,0,0,0,0.0,3,0,1,0,2,0
uncertain,4,heterogeneous,False,92,poisson,4,2,0,0,0.0,3,0,0,0,0,0
uncertain,4,heterogeneous,False,92,fixed,4,2,0,0,0.0,3,0,0,0,0,0
uncertain,4,heterogeneous,False,92,learned,4,2,0,0,0.0,3,0,0,0,0,0
uncertain,4,heterogeneous,True,92,poisson,4,2,0,0,0.0,3,0,0,0,0,0
uncertain,4,heterogeneous,True,92,fixed,4,0,0,0,0.0,3,0,0,0,0,0
uncertain,4,heterogeneous,True,92,learned,4,0,0,0,0.0,3,0,0,0,0,0
uncertain,4,heterogeneous,False,93,poisson,6,0,0,0,0.0,3,0,0,0,1,0
uncertain,4,heterogeneous,False,93,fixed,6,0,0,0,0.0,3,0,0,0,1,0
uncertain,4,heterogeneous,False,93,learned,6,0,0,0,0.0,3,0,0,0,1,0
uncertain,4,heterogeneous,True,93,poisson,6,0,0,0,0.0,3,0,0,0,1,0
uncertain,4,heterogeneous,True,93,fixed,6,0,0,0,0.0,3,0,0,0,1,0
uncertain,4,heterogeneous,True,93,learned,6,0,0,0,0.0,3,0,0,0,1,0
uncertain,4,heterogeneous,False,94,poisson,2,0,0,0,0.0,3,0,2,0,2,0
uncertain,4,heterogeneous,False,94,fixed,2,0,0,0,0.0,3,0,2,0,2,0
uncertain,4,heterogeneous,False,94,learned,2,0,0,0,0.0,3,0,2,0,2,0
uncertain,4,heterogeneous,True,94,poisson,2,0,0,0,0.0,3,0,2,0,2,0
uncertain,4,heterogeneous,True,94,fixed,2,0,0,0,0.0,3,0,2,0,2,0
uncertain,4,heterogeneous,True,94,learned,2,0,0,0,0.0,3,0,2,0,2,0
uncertain,4,heterogeneous,False,95,poisson,4,0,0,0,0.0,3,0,2,0,2,0
uncertain,4,heterogeneous,False,95,fixed,4,0,0,0,0.0,3,0,2,0,2,0
uncertain,4,heterogeneous,False,95,learned,4,0,0,0,0.0,3,0,2,0,2,0
uncertain,4,heterogeneous,True,95,poisson,4,0,0,0,0.0,3,0,2,0,2,0
uncertain,4,heterogeneous,True,95,fixed,4,0,0,0,0.0,3,0,2,0,2,0
uncertain,4,heterogeneous,True,95,learned,4,0,0,0,0.0,3,0,2,0,2,0
uncertain,4,heterogeneous,False,96,poisson,2,0,0,0,0.0,3,0,1,0,2,0
uncertain,4,heterogeneous,False,96,fixed,2,0,0,0,0.0,3,0,1,0,2,0
uncertain,4,heterogeneous,False,96,learned,2,0,0,0,0.0,3,0,1,0,2,0
uncertain,4,heterogeneous,True,96,poisson,2,0,0,0,0.0,3,0,1,0,2,0
uncertain,4,heterogeneous,True,96,fixed,2,0,0,0,0.0,3,0,1,0,2,0
uncertain,4,heterogeneous,True,96,learned,2,0,0,0,0.0,3,0,1,0,2,0
uncertain,4,heterogeneous,False,97,poisson,2,0,0,0,0.0,3,0,0,0,2,0
uncertain,4,heterogeneous,False,97,fixed,2,0,0,0,0.0,3,0,0,0,2,0
uncertain,4,heterogeneous,False,97,learned,2,0,0,0,0.0,3,0,0,0,2,0
uncertain,4,heterogeneous,True,97,poisson,2,0,0,0,0.0,3,0,0,0,2,0
uncertain,4,heterogeneous,True,97,fixed,2,0,0,0,0.0,3,0,0,0,2,0
uncertain,4,heterogeneous,True,97,learned,2,0,0,0,0.0,3,0,0,0,2,0
uncertain,4,heterogeneous,False,98,poisson,4,0,0,0,0.0,3,0,1,0,1,0
uncertain,4,heterogeneous,False,98,fixed,4,0,0,0,0.0,3,0,1,0,1,0
uncertain,4,heterogeneous,False,98,learned,4,0,0,0,0.0,3,0,1,0,1,0
uncertain,4,heterogeneous,True,98,poisson,4,0,0,0,0.0,3,0,1,0,1,0
uncertain,4,heterogeneous,True,98,fixed,4,0,0,0,0.0,3,0,1,0,1,0
uncertain,4,heterogeneous,True,98,learned,4,0,0,0,0.0,3,0,1,0,1,0
uncertain,4,heterogeneous,False,99,poisson,0,0,0,0,0.0,3,0,1,0,1,0
uncertain,4,heterogeneous,False,99,fixed,0,0,0,0,0.0,3,0,1,0,1,0
uncertain,4,heterogeneous,False,99,learned,0,0,0,0,0.0,3,0,1,0,1,0
uncertain,4,heterogeneous,True,99,poisson,0,0,0,0,0.0,3,0,1,0,1,0
uncertain,4,heterogeneous,True,99,fixed,0,0,0,0,0.0,3,0,1,0,1,0
uncertain,4,heterogeneous,True,99,learned,0,0,0,0,0.0,3,0,1,0,1,0
