alpha	column	rows_total	finite_n	positive_n	zero_or_negative_n	inf_n	q95_log10	q99_log10	q999_log10	median_log10	gt10_n	gt100_n
0.0	omegaCany2any	27992	18950	11474	7476	432	1.7785768158063318	3.4854616085950485	7.292357727991505	-0.5645538209443419	1296	468
0.5	omegaCany2any	27992	18950	11220	7730	432	1.4383939581952203	3.067150701130981	6.950751066842547	-0.8973951104712248	881	322
1.0	omegaCany2any	27992	18950	11058	7892	432	1.2762391620612568	2.885042106831088	6.748801526997489	-1.0552707097188918	740	258
0.0	omegaCany2dif	27992	16174	9771	6403	374	1.9662900408419346	3.6089057616883364	7.6265597596586	-0.6169030700509057	1270	473
0.5	omegaCany2dif	27992	18018	10581	7437	417	1.671771552505436	3.3505235958391495	7.0410890696807735	-0.9273825234547635	1014	395
1.0	omegaCany2dif	27992	18014	10452	7562	418	1.4847327013962262	3.144550393222601	6.741513993115853	-1.0974535608286635	857	318
0.0	omegaCany2spe	27992	17428	9277	8151	297	2.1352104302676356	4.21386582999158	6.791446518972849	-0.7637147225519715	1296	526
0.5	omegaCany2spe	27992	17428	9168	8260	297	1.9784725814602786	4.061308956240136	6.621220352543233	-0.917933065714887	1132	451
1.0	omegaCany2spe	27992	17428	9127	8301	297	1.9385697694704034	3.9852006353110383	6.578540922016514	-0.9694002780340489	1069	434
