alpha	column	pair_n	pearson_log10	median_log10_shift	median_abs_log10_shift	q05_log10_shift	q95_log10_shift
0.5	omegaCany2any	11219	0.9969218593027935	-0.36469907553335834	0.36469907553335834	-0.5756880310721135	-0.24253436387878843
1.0	omegaCany2any	11058	0.9955226513701035	-0.5509074688805811	0.5509074688805811	-0.8236035319069923	-0.3927809313994645
0.5	omegaCany2dif	9597	0.9824620538193719	-0.31962870524942	0.3287014222618396	-0.7781512503836434	0.05779265011507641
1.0	omegaCany2dif	9487	0.9797300171293034	-0.5102896179723171	0.5139867664158835	-1.0103887089093329	-0.09271290240951065
0.5	omegaCany2spe	9151	0.9939107310883956	-0.1536895931419574	0.16749108729376339	-0.4916408293513614	0.11191959329390004
1.0	omegaCany2spe	9115	0.9938047345965524	-0.21208891232720006	0.21692751302708646	-0.5508166312974114	0.05818530097494061
