alpha	run_dir	n_total	n_hit	fpr_rate	wilson_lo	wilson_hi
0.0	/private/tmp/csubst_dirichlet_scatter_20260224_153431/off	27992	9	0.0003215204344098314	0.0001691650782471554	0.0006110079314472559
0.5	/private/tmp/csubst_dirichlet_scatter_20260224_153431/half	27992	7	0.0002500714489854244	0.00012114044160444962	0.0005161542057548925
1.0	/private/tmp/csubst_dirichlet_scatter_20260224_153431/on	27992	6	0.00021434695627322093	9.82393765894627e-05	0.0004676160896023449
